Nom_commune;Coordonnees_gps;Departement
VIC FEZENSAC;43.762029942, 0.297842185088;GERS
LARRAZET;43.9324522931, 1.08287865971;TARN ET GARONNE
ST MARTIN D ENTRAUNES;44.1494414084, 6.74588335024;ALPES MARITIMES
LARGEASSE;46.6817186542, -0.514612797017;DEUX SEVRES
AMBUTRIX;45.9367134524, 5.3328092349;AIN
HEYRIEUX;45.6280667803, 5.05921319142;ISERE
HASTINGUES;43.5160536898, -1.13714325683;LANDES
THIANT;50.2978015553, 3.43898383487;NORD
CASTILLON DE ST MARTORY;43.1370495507, 0.85105513739;HAUTE GARONNE
NOHANT EN GRACAY;47.1336454344, 1.91231886836;CHER
ST JULIEN GAULENE;43.9961595825, 2.34196813906;TARN
LES GROSEILLERS;46.5316195525, -0.406780672579;DEUX SEVRES
LOGNES;48.8332806021, 2.63346363172;SEINE ET MARNE
MOUY;49.3172920199, 2.29984372967;OISE
PLOMBIERES LES DIJON;47.3386201573, 4.95005416615;COTE D OR
ISOMES;47.6383926135, 5.30585029521;HAUTE MARNE
PRADIERES;42.9611572235, 1.65602192048;ARIEGE
LUCEAU;47.7177033077, 0.391455867565;SARTHE
MILLY SUR THERAIN;49.5090452996, 2.01406401611;OISE
BLENOD LES PONT A MOUSSON;48.8752634053, 6.0622081682;MEURTHE ET MOSELLE
ST HILAIRE DE VILLEFRANCHE;45.8589827004, -0.536045938535;CHARENTE MARITIME
BARBAS;48.5709454434, 6.8498123198;MEURTHE ET MOSELLE
AVORD;47.0320503423, 2.66580708853;CHER
PONCIN;46.089530586, 5.41681266947;AIN
LILLE;50.6317183168, 3.04783272312;NORD
LES THUILES;44.390358455, 6.56135597439;ALPES DE HAUTE PROVENCE
AUTICHAMP;44.6832370782, 4.97341500658;DROME
LESDINS;49.9043632178, 3.31462117869;AISNE
FOUILLOY;49.8905768048, 2.50445171042;SOMME
ST MARTIN DE BIENFAITE LA CRESSONNIERE;49.0328920711, 0.352774402255;CALVADOS
BANTOUZELLE;50.0579473391, 3.22511810175;NORD
BACOUEL SUR SELLE;49.8303379321, 2.19407560384;SOMME
FOSSEUX;50.2541868154, 2.56492880738;PAS DE CALAIS
LE PLESSIS HEBERT;48.9816522888, 1.36285630147;EURE
NOMDIEU;44.0797133373, 0.469920586067;LOT ET GARONNE
CHAMOLE;46.8443055833, 5.73874767152;JURA
MENTHONNEX SOUS CLERMONT;45.9618992174, 5.93569269941;HAUTE SAVOIE
VIEURE;46.5001110432, 2.88222237454;ALLIER
GESNES LE GANDELIN;48.3576711707, 0.0296457032236;SARTHE
LES ULMES;47.2234666455, -0.18231147008;MAINE ET LOIRE
ZUYTPEENE;50.7918240712, 2.42330162819;NORD
GERBECOURT;48.8513266231, 6.51598424383;MOSELLE
LA BASSE VAIVRE;47.9478481115, 6.05472696195;HAUTE SAONE
NAMPS MAISNIL;49.8061321479, 2.1229976802;SOMME
HORSARRIEU;43.6877129762, -0.601086715488;LANDES
NANCLARS;45.8437586253, 0.223555807961;CHARENTE
ST JUST PRES BRIOUDE;45.2327467078, 3.3312524212;HAUTE LOIRE
LAUBERT;44.5972040067, 3.64498618428;LOZERE
ST URBAIN;48.3969194336, -4.22206761804;FINISTERE
LINTHELLES;48.7138896496, 3.81792576197;MARNE
POLASTRON;43.5342676704, 0.838990733571;GERS
CHAUCHIGNY;48.4261431924, 3.98046866414;AUBE
RETONVAL;49.8123722016, 1.59427014376;SEINE MARITIME
MONTREUX;48.5354543018, 6.88782007418;MEURTHE ET MOSELLE
ST ANGE LE VIEL;48.2723686746, 2.90471445471;SEINE ET MARNE
HALLOY;49.6498614207, 1.9366921667;OISE
GARCHES;48.8450113548, 2.18665007789;HAUTS DE SEINE
VAL DES PRES;44.9505522191, 6.66654834986;HAUTES ALPES
ECHANDELYS;45.5469529567, 3.53131238334;PUY DE DOME
LOUVETOT;49.5727111011, 0.72336777386;SEINE MARITIME
ST PIERRE DE CURTILLE;45.7654977445, 5.82887775721;SAVOIE
QUEVILLONCOURT;48.4715134849, 6.10533295975;MEURTHE ET MOSELLE
REUVILLE;49.747178396, 0.862712359723;SEINE MARITIME
ARAUJUZON;43.3506639149, -0.830144585337;PYRENEES ATLANTIQUES
ALIZAY;49.3219074958, 1.17828361031;EURE
COULOGNE;50.916752799, 1.88656499297;PAS DE CALAIS
PALAU DE CERDAGNE;42.3857763378, 1.97991972852;PYRENEES ORIENTALES
CAMPLONG D AUDE;43.1336113618, 2.65379340398;AUDE
PORT JEROME SUR SEINE;49.4895859593, 0.572888177014;SEINE MARITIME
CHAUFFAYER;44.7581501379, 6.01187494014;HAUTES ALPES
VARENNES LE GRAND;46.7100754692, 4.87819266492;SAONE ET LOIRE
PINSAGUEL;43.503057751, 1.39393626333;HAUTE GARONNE
SAUVIMONT;43.449188285, 0.967475829422;GERS
LAGARDE;48.6872802759, 6.71223569046;MOSELLE
CINTRAY;48.4458871543, 1.3658542518;EURE ET LOIR
CHAUCENNE;47.2844716693, 5.89456296262;DOUBS
LUSIGNY SUR OUCHE;47.0825921168, 4.68300097663;COTE D OR
SATHONAY CAMP;45.8257146125, 4.87363022248;RHONE
POUYDRAGUIN;43.658939519, 0.0369491589991;GERS
MARQUAIX;49.9474555429, 3.07462772499;SOMME
MARSEILLETTE;43.2106331935, 2.54884252568;AUDE
MAISONCELLES SUR AJON;49.0595594153, -0.539963670501;CALVADOS
CAVAGNAC;45.0155853706, 1.63895264848;LOT
CHAMPNIERS;46.2148195994, 0.327805032659;VIENNE
LONGRAYE;49.1553645742, -0.700865082734;CALVADOS
ST CHRISTOPHE DU JAMBET;48.2343278617, 0.0606617233123;SARTHE
URGONS;43.6394572934, -0.432512659131;LANDES
NOTRE DAME DU HAMEL;48.8923200836, 0.509886353695;EURE
PETIT TENQUIN;48.9884543081, 6.86904472208;MOSELLE
CRISENOY;48.6032562685, 2.74469618837;SEINE ET MARNE
ST THIBAUD DE COUZ;45.4944443083, 5.8322579118;SAVOIE
LES ALLUES;45.3697146214, 6.58767852898;SAVOIE
BERVILLE SUR MER;49.4308635089, 0.357667188037;EURE
MORTEFONTAINE EN THELLE;49.2651041736, 2.18912997448;OISE
GESVRES LE CHAPITRE;49.0358954042, 2.84316991013;SEINE ET MARNE
ST PHILIBERT;47.2033144278, 5.01321708085;COTE D OR
ESCARO;42.5345574095, 2.31898297559;PYRENEES ORIENTALES
BESSY SUR CURE;47.6194313018, 3.72664965671;YONNE
QUIE;42.8425853909, 1.58955333024;ARIEGE
CANY BARVILLE;49.7754431249, 0.633291896241;SEINE MARITIME
ETRAY;47.1243273869, 6.33533326186;DOUBS
OINVILLE ST LIPHARD;48.2356320829, 1.92414549708;EURE ET LOIR
ST MYON;45.9871537427, 3.12955448011;PUY DE DOME
FLAVIAC;44.7507352776, 4.66001992522;ARDECHE
CHALETTE SUR LOING;48.0188121595, 2.73578852299;LOIRET
AUTHIOU;47.2653242927, 3.41891982538;NIEVRE
ST PIERRE LES BOIS;46.6716980525, 2.28339234015;CHER
NEUVELLE LES CROMARY;47.4079331287, 6.06801697703;HAUTE SAONE
ETAVES ET BOCQUIAUX;49.9310354275, 3.45081301205;AISNE
ST CELERIN;48.1258397672, 0.433533893718;SARTHE
MEJANNES LE CLAP;44.2309207985, 4.36426612667;GARD
CERISE;48.4441981247, 0.131476179306;ORNE
LE MESNIL AUBRY;49.0535430501, 2.39230869097;VAL D OISE
JAVAUGUES;45.2916285035, 3.49051315669;HAUTE LOIRE
FLOURSIES;50.1863221041, 3.97166819813;NORD
LENS;50.4374264148, 2.82105851259;PAS DE CALAIS
DONTRIEN;49.2408574651, 4.41468324878;MARNE
GUIGNES;48.6358224167, 2.80042109731;SEINE ET MARNE
LENTILLERES;44.6092419896, 4.29820132309;ARDECHE
BENY;46.3188629218, 5.28253433405;AIN
TAILLADES;43.8315474513, 5.09480690548;VAUCLUSE
ST MARTIN LES MELLE;46.2262502573, -0.16852854296;DEUX SEVRES
AMBLEVILLE;49.1509533273, 1.69495333477;VAL D OISE
ST LOUP DE NAUD;48.5369790408, 3.21790168625;SEINE ET MARNE
VIGOULANT;46.4389739269, 2.08397250932;INDRE
VAUPILLON;48.4601431127, 0.969676262145;EURE ET LOIR
SALETTES;44.5660899687, 4.96944510091;DROME
COINCHES;48.244948169, 7.02470695131;VOSGES
ST ETIENNE DU ROUVRAY;49.3814944369, 1.08976892912;SEINE MARITIME
SARRAZAC;45.0168784249, 1.57945390824;LOT
LA COLOMBE;48.8755777251, -1.19526749563;MANCHE
PLOU;47.0315088379, 2.14830052941;CHER
LE BOSC RENOULT;48.9156193104, 0.309566800591;ORNE
ARDILLIERES;46.0498769657, -0.890135865297;CHARENTE MARITIME
LOYE SUR ARNON;46.6333009116, 2.40164471398;CHER
CAMPS SUR L AGLY;42.8638864709, 2.41909357872;AUDE
ST CHRISTOPHE;46.2545993789, 4.53354933905;RHONE
ST VICTOR;46.3882767935, 2.60941319336;ALLIER
CHARTAINVILLIERS;48.5430971453, 1.54564862938;EURE ET LOIR
ST LOUP HORS;49.2602090731, -0.730457240474;CALVADOS
QUERS;47.7265725421, 6.44190113641;HAUTE SAONE
ST PRIVAT DES VIEUX;44.1416859983, 4.13063351815;GARD
ROINVILLE;48.5170698274, 2.05333144451;ESSONNE
SEPT FRERES;48.8642009505, -1.04020263222;CALVADOS
TASQUE;43.6375200891, 0.0112451913592;GERS
BOURDEILLES;45.3187110964, 0.581100424712;DORDOGNE
JARRIER;45.287185628, 6.3075655794;SAVOIE
BRANCOURT EN LAONNOIS;49.5176286609, 3.41282321335;AISNE
POILCOURT SYDNEY;49.4196830149, 4.09489893984;ARDENNES
LEUZE;49.8578215993, 4.16963845435;AISNE
NANT LE PETIT;48.6517674687, 5.22623977721;MEUSE
LA BRUYERE;47.8126908026, 6.46989789296;HAUTE SAONE
GANAC;42.9307441238, 1.55979316845;ARIEGE
URMATT;48.5390014537, 7.29527991151;BAS RHIN
BARJAC;44.5220189708, 3.40925330342;LOZERE
ST JULIEN DU TERROUX;48.4835428783, -0.409443392744;MAYENNE
THERMES MAGNOAC;43.2974962072, 0.603217695988;HAUTES PYRENEES
ST AIGNAN;49.6549320402, 4.85224753054;ARDENNES
MAFFLIERS;49.083629147, 2.312333333;VAL D OISE
QUETTREVILLE SUR SIENNE;48.9618413224, -1.46914956989;MANCHE
ST MARTIN DE FRESSENGEAS;45.4533715908, 0.841754032741;DORDOGNE
SERIGNAC;44.4278702673, 1.08610284521;LOT
MORAS;45.6869533334, 5.26058834706;ISERE
TOUET SUR VAR;43.9433123484, 7.01347640084;ALPES MARITIMES
TRESSIGNAUX;48.6103866448, -2.97487593888;COTES D ARMOR
LA TRINITE;48.7882899186, -1.24631476826;MANCHE
ROQUEFERE;43.3939652788, 2.37477905225;AUDE
DALHUNDEN;48.7711698119, 7.99159083509;BAS RHIN
ST MELOIR DES BOIS;48.4415973403, -2.25735689122;COTES D ARMOR
SEVRAI;48.7048584232, -0.151545774151;ORNE
CUZANCE;44.9618841392, 1.52986914567;LOT
THOIRES;47.9407836384, 4.6819546564;COTE D OR
RUMILLY EN CAMBRESIS;50.1304621675, 3.22848231666;NORD
ST MARTIN D ARC;45.206861554, 6.45941152477;SAVOIE
LA VILLEDIEU EN FONTENETTE;47.7712074637, 6.20381518294;HAUTE SAONE
FERTREVE;46.9629893289, 3.58909121606;NIEVRE
JUSTINIAC;43.2144559342, 1.48880175894;ARIEGE
LORP SENTARAILLE;43.0159566285, 1.10827434601;ARIEGE
PORT EN BESSIN HUPPAIN;49.3396014282, -0.772708434394;CALVADOS
BOURSIES;50.1408057238, 3.04441612391;NORD
COURCOURY;45.7030914699, -0.563571541525;CHARENTE MARITIME
SERRESLOUS ET ARRIBANS;43.6646772072, -0.643699359911;LANDES
PREMONTRE;49.5493580112, 3.4177638358;AISNE
ROIFFE;47.1252100778, 0.0517426061907;VIENNE
LANGY;46.2728774328, 3.46181153336;ALLIER
LONGUE JUMELLES;47.3984723864, -0.107579294015;MAINE ET LOIRE
ST ANDRE DES EAUX;48.3731003808, -2.01421441815;COTES D ARMOR
CHAINEE DES COUPIS;46.9220207447, 5.43463248879;JURA
NULLEMONT;49.7707112808, 1.64690403795;SEINE MARITIME
ST DIDIER EN BRIONNAIS;46.3389618566, 4.12398116722;SAONE ET LOIRE
SAUVIGNY LE BOIS;47.5132454769, 3.95639274581;YONNE
ACHENHEIM;48.58046231, 7.62540605297;BAS RHIN
LES TROIS MOUTIERS;47.0614723678, 0.0102809057425;VIENNE
MASSAC SERAN;43.6683120665, 1.86258553389;TARN
EQUIHEN PLAGE;50.6793131074, 1.57627344046;PAS DE CALAIS
MOMAS;43.4440655322, -0.442604552796;PYRENEES ATLANTIQUES
CREZANCY EN SANCERRE;47.3043105708, 2.74787668704;CHER
STE MARIE D ALVEY;45.5945348192, 5.71473062116;SAVOIE
AUTHEZAT;45.6385828582, 3.19313623822;PUY DE DOME
BANIOS;43.0387732941, 0.22854718648;HAUTES PYRENEES
FRAIGNOT ET VESVROTTE;47.6494704786, 4.9384456562;COTE D OR
ANDILLY;46.2630044811, -1.01765756102;CHARENTE MARITIME
CROUY SUR COSSON;47.6544025153, 1.62332490974;LOIR ET CHER
LONGEVELLE SUR DOUBS;47.4597602248, 6.64960735527;DOUBS
VANTOUX;49.1323231811, 6.233426984;MOSELLE
BAVELINCOURT;50.00064508, 2.44958045984;SOMME
BISSERT;48.9461819262, 7.01770386276;BAS RHIN
ETERCY;45.8924317262, 6.0079458329;HAUTE SAVOIE
BOISDINGHEM;50.7490608016, 2.09427817413;PAS DE CALAIS
ROIZY;49.4259330532, 4.18557721616;ARDENNES
BAISSEY;47.7489182688, 5.24988056664;HAUTE MARNE
WATTRELOS;50.7056367285, 3.21628221056;NORD
PARGNAN;49.3942391486, 3.70308940891;AISNE
VARILHES;43.0547690657, 1.63364245482;ARIEGE
LIEUTADES;44.8309397731, 2.89836316505;CANTAL
REALVILLE;44.1281472573, 1.48081390272;TARN ET GARONNE
ST SAVIN;46.5832866024, 0.840222181095;VIENNE
COURGENT;48.8957168468, 1.65941323514;YVELINES
JAZENEUIL;46.4676363109, 0.0747596893664;VIENNE
BOURG;45.0398664572, -0.547187308975;GIRONDE
BEGARD;48.6345594689, -3.29153247621;COTES D ARMOR
SANRY LES VIGY;49.185187158, 6.27924889026;MOSELLE
MARQUETTE LEZ LILLE;50.67409511, 3.05886328577;NORD
BRIANT;46.3008717665, 4.15112417263;SAONE ET LOIRE
RICHTOLSHEIM;48.2238657703, 7.60386287362;BAS RHIN
PLERGUER;48.5284745342, -1.84558109365;ILE ET VILAINE
SOUBISE;45.9097262725, -1.00226108589;CHARENTE MARITIME
ST LEZER;43.3591040686, 0.0308771458332;HAUTES PYRENEES
MOULARES;44.0770712635, 2.28567831942;TARN
MONT BERNANCHON;50.5892672563, 2.59806310499;PAS DE CALAIS
FOURBANNE;47.3358691374, 6.30644627353;DOUBS
OUIDES;44.9060432903, 3.7403767146;HAUTE LOIRE
ST COULITZ;48.1819241474, -4.06727219736;FINISTERE
ISSOR;43.0901244813, -0.658271988701;PYRENEES ATLANTIQUES
CUSSANGY;48.0230498915, 4.09099167975;AUBE
ST NICOLAS DE LA BALERME;44.1311576443, 0.756519172378;LOT ET GARONNE
STE MESME;48.5356862351, 1.94057719252;YVELINES
MEZENS;43.7911506401, 1.65853736504;TARN
ROPPEVILLER;49.0895314895, 7.5228410898;MOSELLE
LINIERS;46.6179212567, 0.530368469247;VIENNE
LIOCOURT;48.9116904529, 6.34175286688;MOSELLE
TINCHEBRAY BOCAGE;48.7558885792, -0.736451200504;ORNE
CHATEL SUR MOSELLE;48.3198523928, 6.40067968782;VOSGES
LA BASTIDE DE BESPLAS;43.1691827843, 1.27411323859;ARIEGE
BLIENSCHWILLER;48.3454000894, 7.41533948904;BAS RHIN
DENIER;50.2905902827, 2.44714550707;PAS DE CALAIS
ARGOULES;50.3376452337, 1.81790740998;SOMME
ASNIERES LA GIRAUD;45.8934744108, -0.510489870265;CHARENTE MARITIME
GADENCOURT;48.9842332257, 1.40341807937;EURE
AIME LA PLAGNE;45.5525768932, 6.61836974596;SAVOIE
JEUFOSSE;49.0353541387, 1.53724970145;YVELINES
ST MARTIAL SUR ISOP;46.1532476453, 0.873311624285;HAUTE VIENNE
VILLAINES LA JUHEL;48.3394105228, -0.292005010106;MAYENNE
ST ERBLON;47.7867130682, -1.15831425112;MAYENNE
SENS DE BRETAGNE;48.3367315734, -1.55392717615;ILE ET VILAINE
HENNEVEUX;50.7258740136, 1.84583997521;PAS DE CALAIS
LE NEUFBOURG;48.6630193769, -0.947435614235;MANCHE
ARDENAY SUR MERIZE;47.9936344647, 0.428021491681;SARTHE
ST MAXIMIN LA STE BAUME;43.4509676414, 5.85962873535;VAR
SISTELS;44.0529870158, 0.78331430404;TARN ET GARONNE
CRAVANT;47.8334827429, 1.58096102473;LOIRET
VESAIGNES SOUS LAFAUCHE;48.284900446, 5.44400289784;HAUTE MARNE
MIGE;47.676526095, 3.53286271854;YONNE
AULNOY SUR AUBE;47.8312576468, 5.03398861314;HAUTE MARNE
ST MARTIN;48.571711252, 6.74965214111;MEURTHE ET MOSELLE
BILLANCOURT;49.7384473061, 2.8992050536;SOMME
BEISSAT;45.7647646424, 2.28346440159;CREUSE
ENCAUSSE LES THERMES;43.0532848166, 0.746258275934;HAUTE GARONNE
TAURIAC DE CAMARES;43.7765492565, 3.03077499172;AVEYRON
BAILLOU;47.9837179954, 0.853704116727;LOIR ET CHER
THURET;45.9738532514, 3.26184697421;PUY DE DOME
ST MAMET;42.7721497785, 0.630003335404;HAUTE GARONNE
CHANGY;46.4121876754, 4.2519227256;SAONE ET LOIRE
POMPIERRE;48.2746496392, 5.67619878107;VOSGES
DOMEVRE SOUS MONTFORT;48.2560865469, 6.0742479826;VOSGES
TRADES;46.2738901496, 4.56614765059;RHONE
REMUZAT;44.4038075452, 5.35604206561;DROME
ATHIES SOUS LAON;49.5757750686, 3.69006632109;AISNE
MOUSSEAUX LES BRAY;48.3959388077, 3.22954318005;SEINE ET MARNE
DOMPREMY;48.7333043849, 4.73803791435;MARNE
KNOERSHEIM;48.6796467865, 7.45825135776;BAS RHIN
SIAUGUES STE MARIE;45.0787632702, 3.62714763448;HAUTE LOIRE
BISCHHOLTZ;48.8907710974, 7.53068422833;BAS RHIN
MAISONCELLES EN BRIE;48.858937632, 2.99380875199;SEINE ET MARNE
AUCELON;44.6170780241, 5.35427948419;DROME
ST ESTEVE;42.7151122221, 2.84611914185;PYRENEES ORIENTALES
MOULON;48.018833927, 2.59545812326;LOIRET
ARRIGAS;43.9902038605, 3.48117676072;GARD
BRECH;47.709389623, -3.02425370135;MORBIHAN
BEAULIEU;45.4651616363, 2.52086997748;CANTAL
ST CHELY D AUBRAC;44.5918935634, 2.94672559934;AVEYRON
WINTZENBACH;48.9320980019, 8.10430684085;BAS RHIN
TILLOY LES HERMAVILLE;50.3286181773, 2.55390925943;PAS DE CALAIS
ROMPON;44.7787195427, 4.73009856646;ARDECHE
HERPY L ARLESIENNE;49.5259538637, 4.18823352667;ARDENNES
BRANNAY;48.2273397765, 3.12512459737;YONNE
PASSY;45.9545838758, 6.74056895873;HAUTE SAVOIE
WARGNIES;50.0364524864, 2.25088888285;SOMME
CHIRAC BELLEVUE;45.4528560123, 2.30803671856;CORREZE
PRADES SUR VERNAZOBRE;43.4587254561, 2.97637908047;HERAULT
ST CIRQ;44.9360696288, 0.967920705814;DORDOGNE
CERRE LES NOROY;47.5876572112, 6.31727829478;HAUTE SAONE
BRANDEVILLE;49.3922832005, 5.30458987886;MEUSE
LA FEUILLADE;45.1156060328, 1.39759185904;DORDOGNE
FAMECHON;49.7670124378, 2.03228812807;SOMME
FRAISSE;44.9336348822, 0.303365596651;DORDOGNE
GAJA LA SELVE;43.2002672406, 1.88364731098;AUDE
DALLET;45.7717717007, 3.2385610139;PUY DE DOME
MAXEY SUR MEUSE;48.4490229482, 5.71682995945;VOSGES
QUEYSSAC;44.9151488173, 0.532361895474;DORDOGNE
HALSTROFF;49.3875730574, 6.47720074368;MOSELLE
LERNE;47.1396272073, 0.110609738021;INDRE ET LOIR
LANCOME;47.652802696, 1.12724958173;LOIR ET CHER
CHIGNY;49.9298846139, 3.77489645427;AISNE
BUXIERES SOUS MONTAIGUT;46.2017165035, 2.8370551426;PUY DE DOME
BERTHENAY;47.3604120561, 0.525356323149;INDRE ET LOIR
GOURHEL;47.9391748838, -2.35828875195;MORBIHAN
NEPVANT;49.5368969307, 5.22074045753;MEUSE
RAUVILLE LA BIGOT;49.5174637964, -1.66546170195;MANCHE
ST CYR;46.7134974842, 0.476705992673;VIENNE
AIGUEBELLE;45.5328984806, 6.30449738468;SAVOIE
ST MARS D OUTILLE;47.8696754844, 0.342695139915;SARTHE
ROSIERES EN SANTERRE;49.8180169007, 2.70364687243;SOMME
OUAGNE;47.4020463013, 3.49846601652;NIEVRE
ST SORNIN LEULAC;46.1961790714, 1.29766583914;HAUTE VIENNE
BUSSY LA PESLE;47.3566273735, 4.71361342126;COTE D OR
BREBAN;48.5794229708, 4.39201727027;MARNE
GUILLAC;47.9238724593, -2.47986722223;MORBIHAN
COLLOBRIERES;43.2414148175, 6.34032184648;VAR
PORT LESNEY;46.9984173967, 5.81915102369;JURA
LA CHAPELLE DU MONT DE FRANCE;46.3814725305, 4.54090737962;SAONE ET LOIRE
LESCHES EN DIOIS;44.5936637073, 5.51737877593;DROME
LE CHATELET EN BRIE;48.5016068676, 2.80339101971;SEINE ET MARNE
WANCOURT;50.256058557, 2.85524996324;PAS DE CALAIS
LA FORET LE ROI;48.4755183328, 2.0468515284;ESSONNE
MORLANCOURT;49.948084747, 2.6473273905;SOMME
LOREUX;47.4034848676, 1.84312740656;LOIR ET CHER
OLENDON;48.9685764486, -0.173141593521;CALVADOS
LANGE;47.0739529202, 1.50748224415;INDRE
LIMON;46.9651256644, 3.38472580613;NIEVRE
BOURNAINVILLE FAVEROLLES;49.122899642, 0.50099426931;EURE
ST GERMAIN DU PUY;47.1076641241, 2.47889343421;CHER
THIEULLOY LA VILLE;49.7433577525, 1.9296286879;SOMME
SAVIGNAC LES ORMEAUX;42.6824950812, 1.77944672349;ARIEGE
LA CONDAMINE CHATELARD;44.4627686721, 6.69629170403;ALPES DE HAUTE PROVENCE
FRONSAC;44.9220632004, -0.279859692474;GIRONDE
MOREY ST DENIS;47.1999076803, 4.96207733314;COTE D OR
FONCHES FONCHETTE;49.7761107379, 2.82157926223;SOMME
TREGLONOU;48.5473507088, -4.54852998212;FINISTERE
GRIMAUD;43.2820282501, 6.53303224114;VAR
HERSIN COUPIGNY;50.4455468429, 2.64235771503;PAS DE CALAIS
ST HILAIRE DE LUSIGNAN;44.2477536964, 0.53261592446;LOT ET GARONNE
MEYRANNES;44.2779055654, 4.15935326092;GARD
SEPMERIES;50.2772551517, 3.56080213817;NORD
LIGNIERES EN VIMEU;49.9101863161, 1.74567554549;SOMME
LA CHAPELLE DES FOUGERETZ;48.1768937301, -1.74067185823;ILE ET VILAINE
MUNCQ NIEURLET;50.8391311985, 2.11817509259;PAS DE CALAIS
MONT DE VOUGNEY;47.2418796782, 6.73992900985;DOUBS
CRESPIN;44.153846974, 2.25678856386;AVEYRON
ASPERES;43.806765526, 4.03867369104;GARD
BRULON;47.9808104506, -0.230196324503;SARTHE
FORMIGNY;49.3358463072, -0.896417546016;CALVADOS
VAL DE MERCY;47.6704553293, 3.58979488236;YONNE
DROUE SUR DROUETTE;48.6019197892, 1.70074924736;EURE ET LOIR
LESMENILS;48.9314670902, 6.11072851248;MEURTHE ET MOSELLE
PINEY;48.3314574257, 4.35909414684;AUBE
CUSSAC;44.981338765, 2.93616298746;CANTAL
LES SAUVAGES;45.9238716412, 4.37393979073;RHONE
COMBRES;48.3366942783, 1.06041193699;EURE ET LOIR
BEAUVILLIERS;48.3006109163, 1.6537618086;EURE ET LOIR
Y;49.8021266521, 2.98611736598;SOMME
ST LEGER LES AUTHIE;50.1272430532, 2.51346133932;SOMME
ABREST;46.0955766716, 3.45052482175;ALLIER
ST LAURENT MEDOC;45.1404040788, -0.862340576235;GIRONDE
RIA SIRACH;42.6128760298, 2.38920846568;PYRENEES ORIENTALES
ST DIVY;48.454416666, -4.33069811028;FINISTERE
LE FRESNE;48.9567170463, 0.975329849084;EURE
MORCOURT;49.8759595448, 3.33400206098;AISNE
MONTFALCON;45.2603695756, 5.17123092674;ISERE
WICKERSHEIM WILSHAUSEN;48.7815411023, 7.53331362139;BAS RHIN
LAJO;44.8288847769, 3.439863707;LOZERE
TARQUIMPOL;48.780910982, 6.76220586082;MOSELLE
L HOPITAL;49.1574029891, 6.73265965456;MOSELLE
FRONTENAC;44.7297633138, -0.144178489946;GIRONDE
LES AUTHIEUX DU PUITS;48.7049354762, 0.329371823678;ORNE
ST MARTIN DE VILLEREAL;44.6406306447, 0.813494311456;LOT ET GARONNE
LE RUSSEY;47.1549185878, 6.73440290446;DOUBS
ROMBACH LE FRANC;48.2933550805, 7.24348639747;HAUT RHIN
DORANGES;45.3996897026, 3.60566060253;PUY DE DOME
PEYZIEUX SUR SAONE;46.1226331853, 4.82243226719;AIN
VILLENEUVE LE COMTE;48.8115357459, 2.83836128857;SEINE ET MARNE
ST MONT;43.644278367, -0.140293846717;GERS
BUSSANG;47.8913024927, 6.87663647751;VOSGES
ST BONNOT;47.2460224588, 3.30695653573;NIEVRE
FORBACH;49.1912650369, 6.89275798526;MOSELLE
BEVENAIS;45.3935194103, 5.39259917103;ISERE
BERBIGUIERES;44.8394794581, 1.04517998895;DORDOGNE
BILLOM;45.7251184657, 3.32304115809;PUY DE DOME
ST CEOLS;47.2192248164, 2.6363263069;CHER
MIGNEVILLE;48.5341591798, 6.78313669557;MEURTHE ET MOSELLE
PONTS ET MARAIS;50.0387974172, 1.45638141872;SEINE MARITIME
ZILLISHEIM;47.6858083083, 7.30319308149;HAUT RHIN
RONCENAY;48.1967315175, 4.04486518985;AUBE
VIVEY;47.7373432906, 5.06446282527;HAUTE MARNE
COUFFE;47.3885628195, -1.29271841264;LOIRE ATLANTIQUE
LE FIDELAIRE;48.9436797791, 0.80246046702;EURE
ST CYPRIEN;44.8825740011, 1.02538984639;DORDOGNE
ESMOULINS;47.4115991244, 5.55921608276;HAUTE SAONE
BURES SUR YVETTE;48.6929979919, 2.15838686116;ESSONNE
CHAOUILLEY;48.4409660806, 6.0668878378;MEURTHE ET MOSELLE
GRAVELOTTE;49.1111675803, 6.02427505901;MOSELLE
POIX TERRON;49.6441162488, 4.65261121158;ARDENNES
LANUEJOLS;44.1272274287, 3.37586274913;GARD
ST JEAN D ARVES;45.1659803652, 6.27215759113;SAVOIE
TONQUEDEC;48.6751108479, -3.40013620109;COTES D ARMOR
BEHREN LES FORBACH;49.1675786838, 6.94249059471;MOSELLE
MEXY;49.5017214844, 5.78595844743;MEURTHE ET MOSELLE
ANNEVILLE AMBOURVILLE;49.450044528, 0.891983658071;SEINE MARITIME
BEAUNE SUR ARZON;45.2883722336, 3.82077578795;HAUTE LOIRE
LES ORMES SUR VOULZIE;48.4595788684, 3.22503214094;SEINE ET MARNE
MANAS BASTANOUS;43.3671107189, 0.369648739951;GERS
MORVILLE;49.4744014366, -1.51700030481;MANCHE
ANGLARDS DE SALERS;45.1968681606, 2.46563596922;CANTAL
BRANGUES;45.6960928828, 5.53688016446;ISERE
BOUSSOIS;50.2948725712, 4.04711513653;NORD
ISLE AUBIGNY;48.5438287791, 4.28206755992;AUBE
ST DENIS DE MAILLOC;49.0982778471, 0.314133133909;CALVADOS
COLOMBEY LES BELLES;48.5163026509, 5.89559203198;MEURTHE ET MOSELLE
NINVILLE;48.0718513418, 5.43848531398;HAUTE MARNE
VILLE SUR TOURBE;49.1979765872, 4.78591314557;MARNE
ST ROMANS DES CHAMPS;46.2026203924, -0.348997865901;DEUX SEVRES
TRAVES;47.6060894924, 5.96272642453;HAUTE SAONE
LONG;50.0414163868, 1.9882949224;SOMME
GLOS SUR RISLE;49.2723717396, 0.68457116182;EURE
RUNGIS;48.7494821504, 2.35281832827;VAL DE MARNE
TREFFORT;44.9030153722, 5.6617115745;ISERE
BRENTHONNE;46.2692786912, 6.39437723207;HAUTE SAVOIE
TREOUERGAT;48.495243067, -4.60294644618;FINISTERE
LINSDORF;47.5150509459, 7.40642698338;HAUT RHIN
CHAMPENARD;49.1071396766, 1.32806618446;EURE
SCHLEITHAL;48.9866877882, 8.03245786047;BAS RHIN
VAILLY;46.2936006568, 6.55263148753;HAUTE SAVOIE
BOLLEVILLE;49.6028335205, 0.563968438854;SEINE MARITIME
LA MOTTE DU CAIRE;44.3408705676, 6.03052669324;ALPES DE HAUTE PROVENCE
MARON;48.6577116838, 6.05780726242;MEURTHE ET MOSELLE
ANNEVILLE SUR SCIE;49.8386907699, 1.09303231826;SEINE MARITIME
RAHON;46.9938029264, 5.47383936755;JURA
GALFINGUE;47.7038424637, 7.22128198778;HAUT RHIN
LE VIEIL EVREUX;49.0036162938, 1.21290711297;EURE
CARPIQUET;49.1866163191, -0.451124708669;CALVADOS
PERROU;48.5760698377, -0.548505109021;ORNE
CEPOY;48.0508863567, 2.74010416872;LOIRET
MALEVILLE;44.3999943584, 2.10361790019;AVEYRON
ST TRINIT;44.0960361919, 5.4788587888;VAUCLUSE
CERZAT;45.1591392099, 3.47227025846;HAUTE LOIRE
PACE;48.152548244, -1.77716643787;ILE ET VILAINE
ST ROMAIN ET ST CLEMENT;45.4243804635, 0.872078702147;DORDOGNE
CABIDOS;43.5396790369, -0.463748067374;PYRENEES ATLANTIQUES
AUVERS;49.3000438595, -1.32395939229;MANCHE
HONNECHY;50.0677939071, 3.48120463527;NORD
AMEUVELLE;47.9496470575, 5.95257004647;VOSGES
BERNEUIL;50.088214456, 2.17360293131;SOMME
VERGNE;46.0698805334, -0.514998278543;CHARENTE MARITIME
CAPIAN;44.716585777, -0.327839975905;GIRONDE
TOUQUIN;48.7330599565, 3.02878980311;SEINE ET MARNE
ST CHRISTOPHE SUR CONDE;49.2853748479, 0.600693146112;EURE
BEZE;47.4660482708, 5.27867233051;COTE D OR
CHANOUSSE;44.3646760156, 5.66013922855;HAUTES ALPES
TREFLEZ;48.6265878475, -4.25742484616;FINISTERE
BALAN;49.6897594511, 4.96358286973;ARDENNES
BRIGNANCOURT;49.1395537337, 1.94352100236;VAL D OISE
PINSAC;44.8610534659, 1.51873154289;LOT
LA CHAUSSEE ST VICTOR;47.6111559006, 1.35763609326;LOIR ET CHER
DAGNEUX;45.8531616918, 5.07289166803;AIN
BRANSCOURT;49.2711872526, 3.82154036192;MARNE
TOURNEVILLE;49.0948484016, 1.10594742714;EURE
CONNANGLES;45.2988796944, 3.64574676641;HAUTE LOIRE
CAZAVET;42.9980540032, 1.03529654774;ARIEGE
MONTJOI;44.2043392824, 0.930124213553;TARN ET GARONNE
AULON;43.190035341, 0.813417936999;HAUTE GARONNE
GOUSSAINCOURT;48.4821493618, 5.67287004446;MEUSE
MONS EN PEVELE;50.4819644352, 3.10317921728;NORD
TRELINS;45.7251404881, 4.00078301382;LOIRE
PIERREFEU;43.8851912789, 7.0710081371;ALPES MARITIMES
COCHEREL;49.018408712, 3.10665091541;SEINE ET MARNE
YPREVILLE BIVILLE;49.6944640581, 0.530994381028;SEINE MARITIME
MESPLES;46.4272621161, 2.36441867083;ALLIER
ST ROMAIN DE MONPAZIER;44.7199482027, 0.882032615949;DORDOGNE
GRAND BRASSAC;45.3001059626, 0.485790051085;DORDOGNE
LUZARCHES;49.1151211125, 2.44082640954;VAL D OISE
MELAY;47.8934170946, 5.81934321302;HAUTE MARNE
AILLEVILLERS ET LYAUMONT;47.9382332806, 6.33247986136;HAUTE SAONE
MAZERES DE NESTE;43.0760786715, 0.540392902484;HAUTES PYRENEES
LACHAPELLE SOUS AUBENAS;44.5622616562, 4.35906947518;ARDECHE
BEDOIN;44.1374624096, 5.23446005284;VAUCLUSE
ROM;46.3034951181, 0.1238295004;DEUX SEVRES
ST MICHEL SUR LOIRE;47.3178105636, 0.32657913623;INDRE ET LOIR
ROUEZ;48.1376844826, -0.119954104642;SARTHE
ST JEAN DE LA CROIX;47.4108613803, -0.588351617749;MAINE ET LOIRE
YGOS ST SATURNIN;43.9957133184, -0.720748822032;LANDES
TRESCLEOUX;44.3549508677, 5.71825730245;HAUTES ALPES
GOLLEVILLE;49.4387094084, -1.51369309832;MANCHE
LAVERNOSE LACASSE;43.3913118725, 1.24635316993;HAUTE GARONNE
COLOMBIERS;46.7799541393, 0.437112922808;VIENNE
VILLERS LE LAC;47.0702797882, 6.68940922893;DOUBS
DOMESSARGUES;43.9732979744, 4.16569285159;GARD
ST SIMON DE BORDES;45.410900172, -0.452211214542;CHARENTE MARITIME
THIONNE;46.4118104465, 3.57326147664;ALLIER
LA CHAPELLE RAINSOUIN;48.0968923633, -0.527783702085;MAYENNE
FOUDAY;48.420716241, 7.19048475836;BAS RHIN
ST JEAN LIGOURE;45.6906508638, 1.30783401393;HAUTE VIENNE
BEMECOURT;48.8432221726, 0.848460496719;EURE
GREVILLERS;50.1018030363, 2.7985377862;PAS DE CALAIS
VIVIERS DU LAC;45.6502423808, 5.89790868543;SAVOIE
BASSE HAM;49.3759973873, 6.23863474222;MOSELLE
LANDANGE;48.6688126564, 6.96056023007;MOSELLE
STE LUNAISE;46.914297356, 2.35380751159;CHER
CARSPACH;47.6224935398, 7.19502984795;HAUT RHIN
GOULET;48.7360749427, -0.0897289866447;ORNE
CHARCHIGNE;48.4142784855, -0.407005787666;MAYENNE
SAUVIAT;45.7189041361, 3.55697409571;PUY DE DOME
FARGES LES MACON;46.5117669109, 4.9115948195;SAONE ET LOIRE
LE MESNIL VIGOT;49.1615348173, -1.27754584093;MANCHE
COMPREIGNAC;45.9974067585, 1.28161840012;HAUTE VIENNE
JOU SOUS MONJOU;44.9403094709, 2.66250496336;CANTAL
RIGAUD;43.9929332886, 6.97505083413;ALPES MARITIMES
SANCERGUES;47.1626367318, 2.89993573993;CHER
TREMBLOIS LES ROCROI;49.8448912084, 4.50057688801;ARDENNES
NOIRCOURT;49.6691648747, 4.09433809595;AISNE
ST AMADOU;43.1112959391, 1.71491289388;ARIEGE
WAVRANS SUR TERNOISE;50.409386121, 2.2840999024;PAS DE CALAIS
LAIGNELET;48.379896716, -1.152249408;ILE ET VILAINE
OTHIS;49.082725931, 2.65422672381;SEINE ET MARNE
VICDESSOS;42.7733893717, 1.51114862986;ARIEGE
GRAZAC;43.8499819976, 1.64948464034;TARN
MONTBOUCHER SUR JABRON;44.5542986445, 4.8150831884;DROME
ST GEREON;47.3707222612, -1.20922739659;LOIRE ATLANTIQUE
PAYSSOUS;43.0343405914, 0.717177002702;HAUTE GARONNE
ST CYR EN BOURG;47.1946036975, -0.0504196154812;MAINE ET LOIRE
ABLANCOURT;48.8103417636, 4.53084843791;MARNE
BAGNOLET;48.8690836308, 2.42274096688;SEINE SAINT DENIS
PELLEFIGUE;43.4789558709, 0.79093287265;GERS
MASSIEUX;45.9094016817, 4.82779660051;AIN
CHILLY;45.9892543857, 5.95663892885;HAUTE SAVOIE
ST ROME DE DOLAN;44.2694614271, 3.19482557519;LOZERE
THOISSEY;46.1700943481, 4.79387095814;AIN
PRUNIERES;44.5433412641, 6.33640431241;HAUTES ALPES
JARSY;45.669075325, 6.21321879581;SAVOIE
GERMIGNY;47.9971165696, 3.79141682909;YONNE
LACOUGOTTE CADOUL;43.6418245193, 1.82103741651;TARN
BERTIGNAT;45.6174754909, 3.69083488933;PUY DE DOME
MONTS SUR GUESNES;46.9128254124, 0.193721339579;VIENNE
BASCOUS;43.7945341833, 0.136250344256;GERS
BOHARS;48.4318157776, -4.52163441138;FINISTERE
ST EUGENE;49.0155450781, 3.51721331428;AISNE
LA BOUILLIE;48.583703743, -2.44206037787;COTES D ARMOR
AGNEAUX;49.1154902114, -1.12991373053;MANCHE
MEZIERES SUR SEINE;48.953428636, 1.78287413415;YVELINES
MONTAUDIN;48.3809154323, -0.97983082547;MAYENNE
CHAMARANDES CHOIGNES;48.1022459554, 5.18945345266;HAUTE MARNE
ALLONDANS;47.5223475188, 6.75133390116;DOUBS
ST PARDOUX DU BREUIL;44.4713724451, 0.199107066412;LOT ET GARONNE
BOIS STE MARIE;46.3321423377, 4.35330322456;SAONE ET LOIRE
VALOGNES;49.5128276096, -1.47383499973;MANCHE
LAVANGEOT;47.1511519623, 5.60803139614;JURA
PRADINES;44.464606105, 1.38849304756;LOT
MOTREFF;48.2197857067, -3.56230710183;FINISTERE
FLIREY;48.8835595963, 5.85130889526;MEURTHE ET MOSELLE
MOULT;49.1127187184, -0.165293838791;CALVADOS
BILWISHEIM;48.7100680278, 7.66330058564;BAS RHIN
VILLEFRANCHE SUR MER;43.7122153121, 7.32225410533;ALPES MARITIMES
RODEMACK;49.4637445576, 6.24710550815;MOSELLE
ASCHERES LE MARCHE;48.1120145126, 2.01033081704;LOIRET
MANHOUE;48.8266822397, 6.34120837788;MOSELLE
RUY;45.590349924, 5.344319552;ISERE
THIAT;46.2745459798, 0.969728310358;HAUTE VIENNE
DENEE;47.3777256876, -0.609937724094;MAINE ET LOIRE
MONTASTRUC LA CONSEILLERE;43.7221234765, 1.58906433836;HAUTE GARONNE
NIBAS;50.0944816863, 1.58862291088;SOMME
PIED DE BORNE;44.4805501734, 3.9685848144;LOZERE
ST ETIENNE DE CHOMEIL;45.3443815045, 2.61922055075;CANTAL
VILLE SUR ILLON;48.1703233891, 6.21202219636;VOSGES
MOGNENEINS;46.1446696076, 4.820110702;AIN
ST SORNIN LAVOLPS;45.3741557979, 1.37135404677;CORREZE
CHARMES EN L ANGLE;48.3590507638, 4.99706046425;HAUTE MARNE
ST PEY D ARMENS;44.8548887899, -0.118107156946;GIRONDE
GRUSON;50.5924125411, 3.21559274036;NORD
MONTLHERY;48.6422562554, 2.26812085232;ESSONNE
FAISSAULT;49.6089496847, 4.50566340675;ARDENNES
CHAMOUX;47.4594591063, 3.66121368079;YONNE
CASTELLET;43.834452269, 5.48116657241;VAUCLUSE
RIVOLET;46.0065781442, 4.58017136765;RHONE
ROMAGNIEU;45.5623995351, 5.63966032442;ISERE
WESTHOUSE;48.4068133604, 7.57239597333;BAS RHIN
EAUX PUISEAUX;48.1167185548, 3.88681885834;AUBE
GIAT;45.7993582147, 2.47685317783;PUY DE DOME
SALLES LAVALETTE;45.3880236045, 0.23183888353;CHARENTE
ARROS DE NAY;43.1823198948, -0.294968827477;PYRENEES ATLANTIQUES
LES LOGES MARCHIS;48.5342583933, -1.08560477293;MANCHE
LAILLY EN VAL;47.7471091867, 1.71487513333;LOIRET
OSMOY;48.8640021137, 1.71710528225;YVELINES
MONTARDIT;43.0695601112, 1.18585733449;ARIEGE
FAY LES NEMOURS;48.2276874711, 2.66412171118;SEINE ET MARNE
LAGESSE;48.01607316, 4.13301378601;AUBE
AUBIERE;45.7510558385, 3.126134119;PUY DE DOME
ROMAGNY SOUS ROUGEMONT;47.7186718403, 6.96636692216;TERRITOIRE DE BELFORT
FONTENAY TORCY;49.5683000437, 1.76602231488;OISE
THENNES;49.803442369, 2.47935954884;SOMME
FOUQUEVILLE;49.2221102, 0.963471124164;EURE
LANFROICOURT;48.8062964781, 6.31894910517;MEURTHE ET MOSELLE
ST DIZIER LA TOUR;46.1424414999, 2.15051617488;CREUSE
LEVIS ST NOM;48.7266074685, 1.93544246617;YVELINES
VILLECONIN;48.5019182614, 2.12813043077;ESSONNE
LES MENUS;48.5179857136, 0.93370273757;ORNE
ST GERMAIN DE LA RIVIERE;44.9440812975, -0.330721356984;GIRONDE
MONTPEYROUX;43.711158125, 3.50240555203;HERAULT
LA VILLE AUX CLERCS;47.9188435468, 1.09671366028;LOIR ET CHER
LA CHAPELLE HARENG;49.1113997335, 0.417172283408;EURE
BAYECOURT;48.2705788508, 6.49201473003;VOSGES
EPAGNY;49.471791053, 3.25384432012;AISNE
VERRIERES;45.5681032742, 3.03553806926;PUY DE DOME
GUEBLANGE LES DIEUZE;48.7774548457, 6.70140022635;MOSELLE
ST JEAN LA POTERIE;47.6453867213, -2.12256103473;MORBIHAN
VILLIERS ST BENOIT;47.7820741656, 3.22439167522;YONNE
CHAPELLE DES BOIS;46.606672007, 6.10775555362;DOUBS
BACOURT;48.92859453, 6.40632103762;MOSELLE
ST PIERRE LA BOURLHONNE;45.6770583346, 3.75497395692;PUY DE DOME
ORCIER;46.3132216712, 6.50123814187;HAUTE SAVOIE
LA BREOLE;44.4434662119, 6.28924750363;ALPES DE HAUTE PROVENCE
ROSULT;50.4521455969, 3.36243705958;NORD
MANDEVILLE;49.2154721135, 1.01292163537;EURE
FORGES;45.1588528226, 1.86527330178;CORREZE
AVIOTH;49.5663158104, 5.39049784871;MEUSE
LE MESNIL;49.3719294322, -1.69334065015;MANCHE
CHAMESOL;47.3463369115, 6.84435970249;DOUBS
COATASCORN;48.6698011801, -3.25550198639;COTES D ARMOR
VENESTANVILLE;49.793944609, 0.898683720517;SEINE MARITIME
LANNES;44.0233573212, 0.28577304123;LOT ET GARONNE
LA CHAPELLE MOULIERE;46.6458608784, 0.536909480756;VIENNE
CLERMONT;43.6485435994, -0.909862046514;LANDES
LA CHAPELLE AUX BROCS;45.1437616861, 1.62661152472;CORREZE
THEOULE SUR MER;43.4985345439, 6.92965248383;ALPES MARITIMES
TREFFENDEL;48.0313953352, -2.00818373637;ILE ET VILAINE
MANSAC;45.1603327019, 1.38223903365;CORREZE
GLANON;47.0397116967, 5.10712051482;COTE D OR
JUILLENAY;47.3613728511, 4.27210840782;COTE D OR
BELLEVIGNE EN LAYON;47.2592682331, -0.517923916545;MAINE ET LOIRE
HUPARLAC;44.7114576875, 2.75356213678;AVEYRON
CHARMES SUR L HERBASSE;45.1571098565, 5.0153381269;DROME
BOUVINCOURT EN VERMANDOIS;49.8908963311, 3.04415647131;SOMME
CHATEAUPONSAC;46.1311583678, 1.28041965042;HAUTE VIENNE
HOMMES;47.4233057028, 0.283302137982;INDRE ET LOIR
BOURNOIS;47.4883948482, 6.49638983869;DOUBS
LA CHAPELLE SUR ERDRE;47.3035629617, -1.56078596697;LOIRE ATLANTIQUE
RIVES D ANDAINE;48.5439558211, -0.466370828883;ORNE
PETTONVILLE;48.5301540618, 6.74371187817;MEURTHE ET MOSELLE
HABAS;43.5613150777, -0.932453413286;LANDES
BORDEAUX EN GATINAIS;48.1008672557, 2.53676265112;LOIRET
LA HAYE;49.2835142105, -1.53943989107;MANCHE
VILLERS LES NANCY;48.6616923324, 6.1287873364;MEURTHE ET MOSELLE
ARMENTIEUX;43.5222602975, 0.0972571471232;GERS
MARGERIDES;45.4564248108, 2.41560570074;CORREZE
FABAS;43.3119614436, 0.89311883238;HAUTE GARONNE
CHAMPIGNY;48.3042190014, 3.13177066366;YONNE
BIGNOUX;46.6032559543, 0.465724619773;VIENNE
CERESTE;43.8503161664, 5.58976926214;ALPES DE HAUTE PROVENCE
LAPOUTROIE;48.1597717593, 7.15907651893;HAUT RHIN
VRIGNE MEUSE;49.704875935, 4.83462850241;ARDENNES
TROUHAUT;47.3907339814, 4.76320070709;COTE D OR
GIZY;49.6104960814, 3.76786152197;AISNE
QUEVILLON;49.4150162102, 0.960559393697;SEINE MARITIME
LA MOUCHE;48.7848809108, -1.3527392237;MANCHE
TOUZAC;44.4962914866, 1.05945113782;LOT
SARRIAC BIGORRE;43.3885175976, 0.117612400735;HAUTES PYRENEES
RUBELLES;48.5646424027, 2.68024008996;SEINE ET MARNE
CROISMARE;48.6126708787, 6.57201025704;MEURTHE ET MOSELLE
MANZIAT;46.3643830585, 4.90242777155;AIN
LANVALLAY;48.451759809, -2.01053362747;COTES D ARMOR
MOREY;46.7915983107, 4.58680108045;SAONE ET LOIRE
MONTIGNY SUR ARMANCON;47.4400198641, 4.37366154755;COTE D OR
CONCEZE;45.3604032352, 1.33771562463;CORREZE
LA BOSSE;47.1440495943, 6.64869054384;DOUBS
CHOUZY SUR CISSE;47.5244470983, 1.23897400473;LOIR ET CHER
SERQUES;50.7907495973, 2.20166097242;PAS DE CALAIS
DOUELLE;44.4711707333, 1.35541899313;LOT
MAING;50.3036687499, 3.48802239874;NORD
BAFFIE;45.4768637549, 3.82808996896;PUY DE DOME
AVILLERS;48.3135159705, 6.20579594744;VOSGES
GRANDVAUX;46.5059558537, 4.26498354082;SAONE ET LOIRE
HUBY ST LEU;50.3946394663, 2.02454954867;PAS DE CALAIS
CUVILLERS;50.2219798771, 3.23832511042;NORD
MONT NOTRE DAME;49.2921467742, 3.5821661713;AISNE
MOUROUX;48.8270896205, 3.0508921508;SEINE ET MARNE
MONTREAL LES SOURCES;44.4006997235, 5.30675272365;DROME
BARGEMON;43.6333104555, 6.54244589208;VAR
ST GEORGES DU MESNIL;49.210758804, 0.56657576286;EURE
CHAMPS SUR TARENTAINE MARCHAL;45.4040107728, 2.60404165506;CANTAL
TOUFFAILLES;44.2755478135, 1.03805964935;TARN ET GARONNE
MONTVERDUN;45.712457493, 4.0770159438;LOIRE
TROUANS;48.6388005085, 4.24987699201;AUBE
VIGNEVIEILLE;43.0156409984, 2.53032066323;AUDE
ST HILAIRE DE LA NOAILLE;44.6031750494, 0.00530764786777;GIRONDE
ST MICHEL DE ST GEOIRS;45.3005100986, 5.35914982472;ISERE
LE VICEL;49.6325667145, -1.32055469764;MANCHE
FORTAN;47.8442944617, 0.914220715348;LOIR ET CHER
PLEDELIAC;48.46875643, -2.37175488421;COTES D ARMOR
LA BROSSE MONTCEAUX;48.3389431289, 3.02362728915;SEINE ET MARNE
DAMPIERRE;47.1650509305, 5.74228998802;JURA
VILLENAUXE LA GRANDE;48.5945779935, 3.5477753332;AUBE
ST JEAN D ARVEY;45.5971514646, 5.99104015513;SAVOIE
ST JULIEN;43.6999613716, 5.91499316614;VAR
MERICOURT;50.3992003873, 2.86819314424;PAS DE CALAIS
VERONNES;47.5355759344, 5.23841425575;COTE D OR
BLERANCOURT;49.5076223945, 3.15179502187;AISNE
SOUGE;47.7786428573, 0.725882199174;LOIR ET CHER
SAVIGNY LEVESCAULT;46.5289656905, 0.477909234429;VIENNE
BRUYS;49.2621681637, 3.56863439754;AISNE
SAUVETERRE DE BEARN;43.4115819423, -0.931810105485;PYRENEES ATLANTIQUES
OUDON;47.3554034497, -1.27120259646;LOIRE ATLANTIQUE
TRAUSSE;43.318218657, 2.56855106815;AUDE
PLAINE HAUTE;48.4435359708, -2.85882396738;COTES D ARMOR
BREITENBACH;48.374509707, 7.28708160963;BAS RHIN
PAILLET;44.6854994592, -0.361810561695;GIRONDE
EMBRY;50.4961583161, 1.95703731112;PAS DE CALAIS
VILLERS GRELOT;47.3615500448, 6.23513809301;DOUBS
GAGNAC SUR GARONNE;43.7075932093, 1.36359468155;HAUTE GARONNE
THIVILLE;48.0192686469, 1.36596589142;EURE ET LOIR
COURTEMONT VARENNES;49.0715288855, 3.54168079771;AISNE
BAY SUR AUBE;47.8238443502, 5.06047731738;HAUTE MARNE
GESTAS;43.3529290484, -0.881977356619;PYRENEES ATLANTIQUES
LE LAC D ISSARLES;44.8233324216, 4.07465283031;ARDECHE
FERRIERES LES BOIS;47.2091232902, 5.80270382568;DOUBS
ANCINNES;48.3603390007, 0.173826931122;SARTHE
CANDRESSE;43.7108557763, -0.979606796213;LANDES
BONNEVILLE;50.0778725403, 2.26234835981;SOMME
BUZIGNARGUES;43.771599327, 3.99491070508;HERAULT
TROYON;49.0009733042, 5.48594007947;MEUSE
ANTIGNY LA VILLE;47.1012813081, 4.55975234629;COTE D OR
MONTEIGNET SUR L ANDELOT;46.1150007655, 3.24811283769;ALLIER
CHAMPS;46.0616676024, 3.09345321573;PUY DE DOME
CHITRY LES MINES;47.27098105, 3.66227184049;NIEVRE
THOMIREY;47.0875870318, 4.58687586309;COTE D OR
ST LEGER SOUS LA BUSSIERE;46.3114540312, 4.56276492134;SAONE ET LOIRE
OIGNIES;50.4644483399, 2.99306842451;PAS DE CALAIS
LES DEUX VILLES;49.6544288446, 5.23054948304;ARDENNES
ILE D HOUAT;47.3894319946, -2.96687516001;MORBIHAN
MARSEILLE 01;43.2999009436, 5.38227869795;BOUCHES DU RHONE
GOUX LES USIERS;46.9810184806, 6.29488743137;DOUBS
PONTIVY;48.0729953877, -2.97046592885;MORBIHAN
SAUSSENS;43.590855656, 1.72440998002;HAUTE GARONNE
VILLERS ROTIN;47.156020714, 5.40682525494;COTE D OR
ARRAST LARREBIEU;43.2856672915, -0.850375454846;PYRENEES ATLANTIQUES
ST ANDRE DE ROQUELONGUE;43.0927941425, 2.84905910088;AUDE
DONNEVILLE;43.4727663351, 1.55123674393;HAUTE GARONNE
PERIGNAC;45.6367129971, -0.459608407894;CHARENTE MARITIME
LUNAY;47.8098385704, 0.904566521301;LOIR ET CHER
LA CHAILLEUSE;46.5722801296, 5.52869424012;JURA
DINTEVILLE;48.0375731521, 4.80723999451;HAUTE MARNE
MIZERIEUX;45.790715516, 4.16562342856;LOIRE
MOUFLAINES;49.2445398768, 1.55531520317;EURE
CASTERON;43.9028241046, 0.868621810839;GERS
FOURMETOT;49.3782168182, 0.574020669603;EURE
REGNIERE ECLUSE;50.2869055108, 1.76835866685;SOMME
BIENVILLE LA PETITE;48.633628939, 6.5126118634;MEURTHE ET MOSELLE
ST ETIENNE LA THILLAYE;49.2916915945, 0.117829362713;CALVADOS
ST CRICQ VILLENEUVE;43.9004132095, -0.350052068781;LANDES
CORCELLE MIESLOT;47.3615588639, 6.18318655579;DOUBS
CERISY BULEUX;49.9731167582, 1.73718329436;SOMME
LES SALLES SUR VERDON;43.7670142156, 6.20652542725;VAR
VARIZE;48.082379258, 1.52561665156;EURE ET LOIR
MONTIGNY SUR LOING;48.3413324688, 2.75094860085;SEINE ET MARNE
POUILLY SUR LOIRE;47.2802139612, 2.98240910916;NIEVRE
COLMAR;48.1099405789, 7.38468690323;HAUT RHIN
HUNDSBACH;47.5983071682, 7.3366232805;HAUT RHIN
OUGNEY DOUVOT;47.319923277, 6.27540481731;DOUBS
TRAYES;46.6690393835, -0.48214510069;DEUX SEVRES
UGNOUAS;43.3421854183, 0.103951257526;HAUTES PYRENEES
TREBEDAN;48.4057639956, -2.16287110256;COTES D ARMOR
CHATELNEUF;45.6388781024, 3.97962390788;LOIRE
PLOEMEUR;47.7325584986, -3.44178815745;MORBIHAN
LE ROZIER;44.1953326945, 3.21846877697;LOZERE
ST PIERRE D ALVEY;45.6259001138, 5.73939754416;SAVOIE
LE MONASTERE;44.331592843, 2.5872623881;AVEYRON
SOUVIGNE;46.358962328, -0.170685104329;DEUX SEVRES
DESTORD;48.2735636446, 6.6180368502;VOSGES
BOUBERS SUR CANCHE;50.2910196847, 2.236634893;PAS DE CALAIS
SAONNET;49.2721933862, -0.880981294808;CALVADOS
VIELLE TURSAN;43.6846565155, -0.463470521413;LANDES
AOUSTE SUR SYE;44.706679476, 5.05730534436;DROME
CLAMART;48.7964306792, 2.25474652922;HAUTS DE SEINE
MADRIAT;45.4353691789, 3.175781685;PUY DE DOME
LEOTOING;45.3528081691, 3.24026520445;HAUTE LOIRE
VEVY;46.6664465955, 5.66350133684;JURA
WAVRANS SUR L AA;50.6749530079, 2.13817752788;PAS DE CALAIS
SORBEY;49.4037288217, 5.58585055178;MEUSE
FORCELLES ST GORGON;48.45687195, 6.10382987514;MEURTHE ET MOSELLE
LABATIE D ANDAURE;45.0327655678, 4.49525714027;ARDECHE
QUEVEN;47.7841865998, -3.41957717053;MORBIHAN
FELINES;45.2648012481, 3.7529763308;HAUTE LOIRE
POUSSY LA CAMPAGNE;49.0788966211, -0.231130670136;CALVADOS
TAURINYA;42.5592864302, 2.44208129657;PYRENEES ORIENTALES
GRAND CHAMP;47.760673333, -2.84786424904;MORBIHAN
QUERENAING;50.2848542839, 3.50823290442;NORD
HERRY;47.2284204871, 2.9415312436;CHER
TREILLES EN GATINAIS;48.0787762501, 2.66540887052;LOIRET
NEUVILLE DE POITOU;46.6823102624, 0.254645073675;VIENNE
LOCHIEU;45.9302479879, 5.7413126836;AIN
VILLERS SOUS FOUCARMONT;49.8254730877, 1.55839902863;SEINE MARITIME
CONFLANS SUR ANILLE;47.9722293803, 0.726834150431;SARTHE
VILLERS SOUS AILLY;50.0624746155, 2.01779325981;SOMME
BELLOY EN SANTERRE;49.8846472208, 2.85995670033;SOMME
COUR CHEVERNY;47.5102298859, 1.4769737233;LOIR ET CHER
ROEULX;50.3127229733, 3.32813430468;NORD
MUHLBACH SUR BRUCHE;48.5125214509, 7.31212371742;BAS RHIN
ST BENIGNE;46.4519173207, 4.95309825903;AIN
EMAGNY;47.3039067497, 5.86864846171;DOUBS
JARD SUR MER;46.4246376808, -1.60014921643;VENDEE
LESGOR;43.8580379497, -0.908058109824;LANDES
PLUHERLIN;47.7150813893, -2.36982500415;MORBIHAN
NOYANT D ALLIER;46.4796760503, 3.11878325467;ALLIER
SEBECOURT;48.9755682262, 0.831363916278;EURE
ARREUX;49.8258643025, 4.6613050432;ARDENNES
ST BAUDELLE;48.2871604216, -0.650878906901;MAYENNE
ST PALAIS DU NE;45.5408910376, -0.28660127584;CHARENTE
CALMELS ET LE VIALA;43.95542291, 2.75841981289;AVEYRON
ETIVAL;46.4917221843, 5.79388173937;JURA
COLLIOURE;42.5130107325, 3.07254121467;PYRENEES ORIENTALES
PIETS PLASENCE MOUSTROU;43.527482932, -0.504651341722;PYRENEES ATLANTIQUES
REBERGUES;50.7533359346, 1.95267179122;PAS DE CALAIS
ORSANS;47.2505392758, 6.38074499024;DOUBS
ST MICHEL DE VAX;44.1085463735, 1.80659770648;TARN
LE KREMLIN BICETRE;48.809220102, 2.35657965243;VAL DE MARNE
MOURS;49.1303947491, 2.26415088892;VAL D OISE
PEYRISSAC;45.5060455559, 1.694117673;CORREZE
LAMOTHE CAPDEVILLE;44.0932619829, 1.38976564928;TARN ET GARONNE
RUAUDIN;47.9430727058, 0.266049763098;SARTHE
MUSSIG;48.2266111578, 7.51848492236;BAS RHIN
BONNEUIL MATOURS;46.6795805197, 0.566087021513;VIENNE
LEMBACH;49.0124690471, 7.768432419;BAS RHIN
STE MARIE AUX MINES;48.2285762223, 7.16926143657;HAUT RHIN
NENIGAN;43.3532194383, 0.708883307401;HAUTE GARONNE
DESERTINES;46.3569236858, 2.62735601895;ALLIER
MICHELBACH LE BAS;47.5936254129, 7.46476536443;HAUT RHIN
ESPINASSE;44.869517892, 2.93031023884;CANTAL
ST GAUDENS;43.1199260811, 0.726613564199;HAUTE GARONNE
AIGREMONT;48.9008380509, 2.0153630611;YVELINES
COULANGES;47.5390176116, 1.20853973437;LOIR ET CHER
TREVILLY;47.5265248869, 4.05319063182;YONNE
ISSANLAS;44.7669383227, 4.01543417126;ARDECHE
DOMMARTIN;46.9289461841, 6.30964767556;DOUBS
AUDRESSELLES;50.8288589082, 1.611270565;PAS DE CALAIS
JOUDES;46.4732075841, 5.33948956282;SAONE ET LOIRE
ESCOUT;43.1875477654, -0.553494252513;PYRENEES ATLANTIQUES
GRAND BOURGTHEROULDE;49.2995530921, 0.876522751918;EURE
LA ROUAUDIERE;47.8380947101, -1.18557298037;MAYENNE
PENESTIN;47.4726864791, -2.46473254944;MORBIHAN
ST NIZIER LE BOUCHOUX;46.4528537121, 5.1759906585;AIN
RIEUX;48.8366662002, 3.50580892516;MARNE
VAUX LES PRES;47.236235248, 5.88394107726;DOUBS
BELFORT SUR REBENTY;42.8301323698, 2.04993539204;AUDE
EPPES;49.5523855068, 3.73980858367;AISNE
ST SULPICE LES CHAMPS;45.9883129474, 2.02002682411;CREUSE
ST GAUDERIC;43.1264567389, 1.95859327013;AUDE
ST LAURENT BLANGY;50.3076122259, 2.81123049591;PAS DE CALAIS
FONCINE LE HAUT;46.6590550612, 6.06154968382;JURA
AZAS;43.7200477116, 1.67437358788;HAUTE GARONNE
ALBIERES;42.946718737, 2.44639291505;AUDE
CHAVORNAY;45.8824049535, 5.72499814516;AIN
LAPS;45.6712957114, 3.26837509243;PUY DE DOME
FLEURY SUR ANDELLE;49.3635499787, 1.35185720942;EURE
CROZET;46.2915659686, 5.99510417092;AIN
ANGEOT;47.6955037352, 7.00609340402;TERRITOIRE DE BELFORT
NEUF MESNIL;50.2653663974, 3.90941211198;NORD
BENGY SUR CRAON;46.9996554419, 2.73230531635;CHER
SEPTEME;45.5481011598, 4.98525636535;ISERE
RIENCOURT LES CAGNICOURT;50.1942984379, 2.96139723714;PAS DE CALAIS
ALLEINS;43.7074197745, 5.15105029207;BOUCHES DU RHONE
MATHIEU;49.2562339956, -0.366730572403;CALVADOS
LALINDE;44.8557735546, 0.74158538401;DORDOGNE
VIELVERGE;47.2683512325, 5.45243261786;COTE D OR
PLEBOULLE;48.5946127518, -2.33355800652;COTES D ARMOR
VOULMENTIN;46.960771587, -0.51496460613;DEUX SEVRES
BEAURAINVILLE;50.4202171445, 1.90313818619;PAS DE CALAIS
WINGLES;50.4951923669, 2.85777326738;PAS DE CALAIS
LA CHAPELLE THECLE;46.5566698457, 5.10211951342;SAONE ET LOIRE
VILLY LE BOIS;48.1675453288, 4.08980540279;AUBE
ST COSME;47.680928319, 7.0534744668;HAUT RHIN
TRELANS;44.520157863, 3.09375123863;LOZERE
BELLEGARDE STE MARIE;43.6757290894, 1.09962618337;HAUTE GARONNE
HENRIVILLE;49.0993733764, 6.85657257275;MOSELLE
DOMECY SUR CURE;47.4101947733, 3.81331129972;YONNE
BANNES;47.9849130159, -0.35128628671;MAYENNE
ARNOS;43.4587702004, -0.533290212033;PYRENEES ATLANTIQUES
OISSEAU LE PETIT;48.3488422257, 0.0741365485752;SARTHE
BELLEGARDE;43.7518139903, 4.49573824509;GARD
VALESCOURT;49.4852062948, 2.43655225362;OISE
LAROQUE DE FA;42.9503532669, 2.55912967767;AUDE
ST PAUL DE TARTAS;44.7990652286, 3.89356890721;HAUTE LOIRE
VARENNES ST HONORAT;45.1773120745, 3.64466347824;HAUTE LOIRE
UNVERRE;48.188963533, 1.07242438332;EURE ET LOIR
MAREUIL SUR LAY DISSAIS;46.5335825488, -1.22688907859;VENDEE
CRANS;45.9663793103, 5.19490390871;AIN
MAREY SUR TILLE;47.5943124661, 5.08179187571;COTE D OR
LIXING LES ROUHLING;49.1510106332, 6.99074075556;MOSELLE
GUILLAC;44.8035781649, -0.2106680867;GIRONDE
MENETREOLS SOUS VATAN;47.0086528841, 1.83457489496;INDRE
PERRIER;45.5452957796, 3.19913132431;PUY DE DOME
PIERREFITTE;45.4278645906, 1.65028178088;CORREZE
LA BUISSIERE;45.4086712829, 5.98572771448;ISERE
ILLY;49.7575218759, 4.98043472837;ARDENNES
NOISY RUDIGNON;48.3364793453, 2.93408964722;SEINE ET MARNE
DAUENDORF;48.833965856, 7.66613309742;BAS RHIN
MOIRON;46.6350035494, 5.55979074338;JURA
LONGCHAMP;48.1264874008, 5.44150373802;HAUTE MARNE
TRESILLEY;47.44510679, 6.0276765683;HAUTE SAONE
IZE;48.225304458, -0.301409019014;MAYENNE
SCAER;48.0279903072, -3.73073835764;FINISTERE
BONS TASSILLY;48.9592439721, -0.230410534534;CALVADOS
INGRANDES DE TOURAINE;47.2987909138, 0.271834095537;INDRE ET LOIR
GRESSEY;48.8328470856, 1.60339390976;YVELINES
AUDREHEM;50.7714356577, 1.98451606586;PAS DE CALAIS
BENTAYOU SEREE;43.3955911569, -0.0624344594456;PYRENEES ATLANTIQUES
SAUVETERRE ST DENIS;44.1498250979, 0.700092181215;LOT ET GARONNE
ARTAGNAN;43.4068464374, 0.0826210970042;HAUTES PYRENEES
BAGE LA VILLE;46.3233203302, 4.9528678933;AIN
SENON;49.2817425376, 5.61733509785;MEUSE
LES ROSIERS SUR LOIRE;47.374115152, -0.222562814963;MAINE ET LOIRE
CELLES;43.6663640232, 3.35967873955;HERAULT
PRINSUEJOLS;44.6685331995, 3.1689820351;LOZERE
SYLVANES;43.8251925157, 2.95288652879;AVEYRON
LA HAUTE BEAUME;44.5686788407, 5.62845703761;HAUTES ALPES
NOISY LE SEC;48.891322463, 2.45913647372;SEINE SAINT DENIS
ST PIERRE D AUBEZIES;43.6493896565, 0.162149090405;GERS
VARENNES SUR TECHE;46.3177738358, 3.6374417286;ALLIER
JOURGNAC;45.7317643416, 1.21288397777;HAUTE VIENNE
NOYAL SUR VILAINE;48.0914044616, -1.50548866524;ILE ET VILAINE
LOUTEHEL;47.9372074975, -2.08044398757;ILE ET VILAINE
ROUMEGOUX;44.8599842405, 2.18842696551;CANTAL
PIERREPONT SUR AVRE;49.7068924487, 2.5511767234;SOMME
BEYNAC ET CAZENAC;44.8572702356, 1.13222078955;DORDOGNE
FOS;43.5681193831, 3.24200444843;HERAULT
ST MARCOUF;49.2571002463, -1.00212215315;CALVADOS
BRECHES;47.560326962, 0.407664041185;INDRE ET LOIR
FRAYSSINHES;44.8726104417, 1.94132532683;LOT
TRETEAU;46.3677104422, 3.51996970707;ALLIER
LEVIER;46.9571786318, 6.11754093497;DOUBS
CUVES;48.0947233015, 5.43400619127;HAUTE MARNE
RIEUCAZE;43.0758069309, 0.75229643929;HAUTE GARONNE
PANDRIGNES;45.2212791943, 1.85894195894;CORREZE
CRUSNES;49.4338705839, 5.9207515095;MEURTHE ET MOSELLE
MAUGES SUR LOIRE;47.3429800481, -0.869186945487;MAINE ET LOIRE
PUJOLS;44.806319089, -0.0328874933658;GIRONDE
CLERIEUX;45.0801761382, 4.95477665507;DROME
SAILLANS;44.6950992434, 5.18821011414;DROME
MONTFRANC;43.8408623643, 2.57981205316;AVEYRON
SENONGES;48.1425352488, 6.05690466716;VOSGES
JUILLAN;43.199677324, 0.0228064029796;HAUTES PYRENEES
LE MESNIL ST FIRMIN;49.6259590704, 2.41044983882;OISE
SALLES ARBUISSONNAS EN BEAUJOLAIS;46.0453025139, 4.63089316572;RHONE
MOZAC;45.8922783904, 3.08484211748;PUY DE DOME
FONTAINE LA GAILLARDE;48.2246784203, 3.4008490535;YONNE
FOUCHERES;48.1485731236, 4.27075945691;AUBE
LA LOUVIERE LAURAGAIS;43.2673283014, 1.75078785936;AUDE
BELLOY SUR SOMME;49.9807813124, 2.13868145771;SOMME
CHABESTAN;44.4775755934, 5.78305319582;HAUTES ALPES
LORLANGES;45.3239819521, 3.26284919895;HAUTE LOIRE
RUEDERBACH;47.5556783925, 7.25778215672;HAUT RHIN
AVELIN;50.5397882047, 3.08608433822;NORD
ANGERVILLE LA CAMPAGNE;48.9889739894, 1.15705136083;EURE
LA ROCHE GUYON;49.0874855412, 1.63442620986;VAL D OISE
PUGNY;46.7216923229, -0.523180063868;DEUX SEVRES
LA NOE POULAIN;49.2706730509, 0.519567816517;EURE
ST PIERRE DE BRESSIEUX;45.301403987, 5.29999858329;ISERE
ST PIERRE DE CHARTREUSE;45.331212571, 5.79772583855;ISERE
GUGNEY;48.3953048359, 6.05847657517;MEURTHE ET MOSELLE
AMONDANS;47.0715292841, 6.03510768705;DOUBS
ST AMANCET;43.4634376908, 2.10916260669;TARN
SEMALLE;48.4735348664, 0.15478366717;ORNE
BOISSY L AILLERIE;49.0831174161, 2.03269283542;VAL D OISE
ST PAULET;43.4046115427, 1.88105647745;AUDE
MONTENDRE;45.2880726146, -0.387479585943;CHARENTE MARITIME
VAUDREUILLE;43.4249087979, 2.00114634186;HAUTE GARONNE
JEZAINVILLE;48.8646635968, 6.01606284838;MEURTHE ET MOSELLE
HOURTIN;45.1807913533, -1.06580080764;GIRONDE
BENDEJUN;43.8303269547, 7.28447130629;ALPES MARITIMES
BELLEVESVRE;46.8484271655, 5.36394090745;SAONE ET LOIRE
ROSSFELD;48.3321360807, 7.61305399839;BAS RHIN
BEAULIEU EN ARGONNE;49.0432133518, 5.0398062849;MEUSE
HOUEILLES;44.1926576164, 0.0420744981743;LOT ET GARONNE
EPAUX BEZU;49.1029988371, 3.35359350285;AISNE
COREN;45.0875492811, 3.10817742662;CANTAL
POMMIERS;43.9481975416, 3.61575937112;GARD
LA BATAILLE;46.0857477459, -0.109623150182;DEUX SEVRES
THAROT;47.5350072163, 3.86316278793;YONNE
TANNAY;49.5244351516, 4.82484959766;ARDENNES
COUTHURES SUR GARONNE;44.5203730714, 0.068285349184;LOT ET GARONNE
MOYVILLERS;49.4071700438, 2.64288403755;OISE
FLERE LA RIVIERE;46.9965732721, 1.09318209404;INDRE
BELVIANES ET CAVIRAC;42.8470909079, 2.21251651397;AUDE
BORRE;50.731528018, 2.58086143092;NORD
AVIERNOZ;45.9764432094, 6.2368970464;HAUTE SAVOIE
CHAMBOST ALLIERES;46.0150786956, 4.51007188882;RHONE
STE SEGREE;49.7602729981, 1.91464272826;SOMME
BOURDAINVILLE;49.6729057578, 0.940094590995;SEINE MARITIME
ERNEE;48.3039992806, -0.93628278715;MAYENNE
SANTOSSE;47.0068228015, 4.63439106262;COTE D OR
LA HEUNIERE;49.0649738684, 1.41307259092;EURE
PERSAN;49.1497441715, 2.26978393249;VAL D OISE
EYRANS;45.1935625916, -0.60988049368;GIRONDE
MELISEY;47.7605175901, 6.55981734246;HAUTE SAONE
ST PIERRE DE MAILLE;46.6777213024, 0.825185186332;VIENNE
SURIN;46.4686584041, -0.46087902331;DEUX SEVRES
MARCOUX;45.7040618289, 3.99795142783;LOIRE
SOUILHANELS;43.3559262458, 1.91704210416;AUDE
LES ANGLES SUR CORREZE;45.3096037325, 1.80359667854;CORREZE
CHAMPIGNE;47.6653059504, -0.570426298247;MAINE ET LOIRE
CHATEAU GAILLARD;45.9730390239, 5.30754273532;AIN
YOLET;44.9307481726, 2.5382689478;CANTAL
ABBENANS;47.4960879279, 6.45060175112;DOUBS
DOMEYRAT;45.2455973792, 3.5055844005;HAUTE LOIRE
ISSOU;48.9869955946, 1.7891449839;YVELINES
NUBECOURT;49.0052141438, 5.17649305461;MEUSE
MONBALEN;44.3137893686, 0.73929150738;LOT ET GARONNE
CHATEAUBLEAU;48.5830851034, 3.10857327047;SEINE ET MARNE
ST MOREIL;45.8603059195, 1.69391361996;CREUSE
OHNENHEIM;48.1873821568, 7.50382215032;BAS RHIN
CHIDDES;46.8621669432, 3.92954270868;NIEVRE
FRENOIS;47.5214332358, 4.8907289987;COTE D OR
ST GERVAIS;45.1901934897, 5.49780792819;ISERE
TENCE;45.1133166621, 4.3002040908;HAUTE LOIRE
ST BONNET LES OULES;45.5412626706, 4.33171249228;LOIRE
GOURVIEILLE;43.3362096434, 1.78856389792;AUDE
REVEST ST MARTIN;44.0198482775, 5.82298621297;ALPES DE HAUTE PROVENCE
CHASSEY BEAUPRE;48.4464179633, 5.43815444912;MEUSE
GEVILLE;48.7799328844, 5.70340084835;MEUSE
ST SYLVESTRE CAPPEL;50.7757055306, 2.55012081181;NORD
BORDEAUX;44.8572445351, -0.57369678116;GIRONDE
MAIZIERES LES BRIENNE;48.4303148659, 4.6007889307;AUBE
MONTLANDON;48.3881899209, 1.02542042661;EURE ET LOIR
ST MAURICE SUR MORTAGNE;48.3917125307, 6.57397194545;VOSGES
LE FRAYSSE;43.9068214611, 2.41660067701;TARN
BEAUPUY;43.6525825042, 1.55869879525;HAUTE GARONNE
CEZAY;45.8025245236, 3.96521124284;LOIRE
CHAPPES;48.1659482698, 4.25688351486;AUBE
LUPPY;48.9807860499, 6.34093701448;MOSELLE
LE PIN;44.089332023, 4.53499161129;GARD
MEDREAC;48.2612561283, -2.06133339808;ILE ET VILAINE
ST ROMAIN AU MONT D OR;45.8355530258, 4.82084858556;RHONE
SEILLONS SOURCE D ARGENS;43.5150970565, 5.87693570046;VAR
MASSUGAS;44.7697025762, 0.101172936078;GIRONDE
CONGIS SUR THEROUANNE;49.0125341698, 2.97847858444;SEINE ET MARNE
CAMBLAIN CHATELAIN;50.4770255596, 2.45056284457;PAS DE CALAIS
ST MACLOU DE FOLLEVILLE;49.6759343416, 1.09161187212;SEINE MARITIME
BREIL SUR ROYA;43.9404304718, 7.50391615024;ALPES MARITIMES
URVILLE;49.025159713, -0.29441724721;CALVADOS
CHAMPSECRET;48.605210467, -0.525248571661;ORNE
ST SELVE;44.6549808448, -0.472634663136;GIRONDE
PERS JUSSY;46.1018355447, 6.25852776575;HAUTE SAVOIE
PAGOLLE;43.2250651513, -1.00007203267;PYRENEES ATLANTIQUES
PUTTIGNY;48.8438614892, 6.54858910646;MOSELLE
SARRAN;45.4121016966, 1.93125887963;CORREZE
AIGNE;48.0674422633, 0.105520640211;SARTHE
ST AUBIN ROUTOT;49.5224149868, 0.318821441812;SEINE MARITIME
GAYON;43.4853661293, -0.165938339941;PYRENEES ATLANTIQUES
ONLAY;46.9672902471, 3.89557358975;NIEVRE
ORIGNY STE BENOITE;49.8268502674, 3.52909324665;AISNE
SYAM;46.6963307591, 5.95140796308;JURA
OTTERSTHAL;48.7589616687, 7.34210158035;BAS RHIN
TENDRON;46.9797256032, 2.82004963594;CHER
SEMOY;47.9380661879, 1.96315992234;LOIRET
MONHOUDOU;48.2873963087, 0.326162830698;SARTHE
LE PIN AU HARAS;48.7473548359, 0.136994750389;ORNE
AIGNY;49.042644399, 4.22045582777;MARNE
DOLCOURT;48.4903130398, 5.97835316985;MEURTHE ET MOSELLE
HAGET;43.4164577961, 0.161717343606;GERS
ETOUTTEVILLE;49.6720581542, 0.783187037988;SEINE MARITIME
MALTAT;46.6751423253, 3.80940604841;SAONE ET LOIRE
BIESHEIM;48.0504323482, 7.53680970912;HAUT RHIN
BOVEL;47.9563331223, -1.95993951204;ILE ET VILAINE
XEUILLEY;48.5619591921, 6.09070968141;MEURTHE ET MOSELLE
AUXANT;47.1298867764, 4.61921408774;COTE D OR
MONTAIGUET EN FOREZ;46.267429173, 3.8221356053;ALLIER
BONNEVAL;45.5181659738, 6.42775770653;SAVOIE
SURY EN VAUX;47.3718751435, 2.80397363416;CHER
ST FELIX DE LODEZ;43.6608409227, 3.46889642638;HERAULT
STE OLIVE;46.0142006121, 4.93624894982;AIN
SURY AUX BOIS;47.9537349646, 2.35973695052;LOIRET
PLAILLY;49.1113621574, 2.57767746026;OISE
CLAIRVAUX LES LACS;46.5646560659, 5.75476433887;JURA
OFFROICOURT;48.2813144174, 6.03054762728;VOSGES
RIOLS;43.5020076583, 2.7978815483;HERAULT
BOUILLE MENARD;47.7381032955, -0.969364603994;MAINE ET LOIRE
ST ANTOINE LA FORET;49.5385601912, 0.480932207517;SEINE MARITIME
PUITS;47.7269454549, 4.46741190187;COTE D OR
ADE;43.1415839472, -0.0260255659904;HAUTES PYRENEES
BRAINVILLE;49.0824569432, -1.50021514683;MANCHE
TETING SUR NIED;49.0532700783, 6.6696096112;MOSELLE
CHOYE;47.3924629744, 5.75753300176;HAUTE SAONE
CHABRIGNAC;45.3140230281, 1.34219381764;CORREZE
BUTTEN;48.9713955937, 7.24356966874;BAS RHIN
BEAUTIRAN;44.7034400813, -0.459169831543;GIRONDE
CHANTERAINE;48.6785463151, 5.39088582965;MEUSE
VILLIERS LE BACLE;48.7288080861, 2.1221470247;ESSONNE
LOUVAGNY;48.9501421231, -0.0465642056704;CALVADOS
BROYE;46.888541214, 4.30809477889;SAONE ET LOIRE
CANAPLES;50.0613505846, 2.2308855769;SOMME
JOUY LE CHATEL;48.6642848062, 3.13507230422;SEINE ET MARNE
LE CHANGE;45.2019174878, 0.891287872856;DORDOGNE
COMBRAY;48.9461421049, -0.445696929099;CALVADOS
ST VICTEUR;48.3169882456, 0.0374842816825;SARTHE
SAUVAGNY;46.4345448666, 2.79955608965;ALLIER
ST SERVAIS;48.515337215, -4.15865223031;FINISTERE
BRUYERES SUR FERE;49.1996571467, 3.44535846468;AISNE
MAUMUSSON LAGUIAN;43.608957239, -0.0917440819432;GERS
JUIGNE SUR LOIRE;47.40011602, -0.484584915233;MAINE ET LOIRE
AUBORD;43.7512111654, 4.31715969164;GARD
ST CHRISTAUD;43.5257567477, 0.261157404352;GERS
CORDEBUGLE;49.1134254456, 0.379835846184;CALVADOS
AUDIGNICOURT;49.4777157214, 3.12718502825;AISNE
POUPAS;43.9626081803, 0.835987079725;TARN ET GARONNE
KESKASTEL;48.9764095589, 7.062926056;BAS RHIN
TOURMONT;46.8662991195, 5.66636250629;JURA
PUISELET LE MARAIS;48.3993237404, 2.26344473532;ESSONNE
GERVILLE;49.697965438, 0.328351503279;SEINE MARITIME
BENAC;43.1528922473, 0.0296198137787;HAUTES PYRENEES
ST AFFRIQUE LES MONTAGNES;43.5281225419, 2.20135060333;TARN
BAJUS;50.4205764325, 2.47224510422;PAS DE CALAIS
BASSAC;45.6649796502, -0.0991802061474;CHARENTE
NAUVAY;48.2541808432, 0.393397353266;SARTHE
CAMPS LA SOURCE;43.372512011, 6.12128418794;VAR
VAIRE ARCIER;47.2751664682, 6.15290244914;DOUBS
ST SORLIN;45.6194899762, 4.62990906622;RHONE
VERNASSAL;45.1465444602, 3.71122620061;HAUTE LOIRE
TONNAY BOUTONNE;45.9748907338, -0.710979318464;CHARENTE MARITIME
BREVILLERS;50.2154961787, 2.38099376093;SOMME
BACHAS;43.2487475475, 0.941734227527;HAUTE GARONNE
MONTIGNY LES JONGLEURS;50.17823069, 2.13581151088;SOMME
BRIEULLES SUR BAR;49.481616678, 4.86131007494;ARDENNES
LONGVILLIERS;48.5741940135, 1.99920343837;YVELINES
TREFLEVENEZ;48.4147323372, -4.17573320036;FINISTERE
LE LUOT;48.7661567656, -1.32946620609;MANCHE
THUEYTS;44.6744968668, 4.21216612879;ARDECHE
LA PISSEURE;47.8628951813, 6.22816351051;HAUTE SAONE
GENOUILLEUX;46.1201611728, 4.79288195016;AIN
FELINES TERMENES;42.984590933, 2.61454462855;AUDE
MONTELS;43.2896268975, 3.02567631465;HERAULT
ALLONNES;47.9589683966, 0.143770981533;SARTHE
ST MICHEL D HALESCOURT;49.6092134017, 1.65667640584;SEINE MARITIME
JARRIE;45.1111027437, 5.74674097991;ISERE
DOURGNE;43.4753070746, 2.14244605538;TARN
AIX EN ISSART;50.4802572282, 1.86105299794;PAS DE CALAIS
FONTAINE LES CLERCS;49.8078439274, 3.21253412905;AISNE
ETORMAY;47.5978554183, 4.58158673769;COTE D OR
LIGNY EN BRIONNAIS;46.2402667832, 4.20177769774;SAONE ET LOIRE
LANDELLES;48.4626590612, 1.19157539443;EURE ET LOIR
MONTHOIRON;46.7316777375, 0.617815304816;VIENNE
LE MESNIL AU VAL;49.5983810722, -1.52768461283;MANCHE
RECICOURT;49.1539592244, 5.16115927527;MEUSE
NUISEMENT SUR COOLE;48.8717774517, 4.28439545806;MARNE
MUTIGNY;49.0757241763, 4.0185508573;MARNE
CHARNY OREE DE PUISAYE;47.8862119429, 3.09764224265;YONNE
LA CAPELLE BONANCE;44.4515040312, 3.02655921339;AVEYRON
GIGEAN;43.4940932526, 3.72353998798;HERAULT
AVRAINVILLE;48.7714993611, 5.94649132503;MEURTHE ET MOSELLE
THEIX NOYALO;47.6356885267, -2.64682620132;MORBIHAN
SURY ES BOIS;47.4600582347, 2.71117919113;CHER
VILLAR ST PANCRACE;44.8395685825, 6.65048294053;HAUTES ALPES
RIVIERES;43.9157732969, 1.96947284122;TARN
ALLEMOND;45.1710812431, 6.01841266014;ISERE
ST PIERRE DES IFS;49.1146186654, 0.161876822628;CALVADOS
ST GEORGES DE LEVEJAC;44.3347458529, 3.23583489511;LOZERE
MONTENESCOURT;50.2927140041, 2.62902405219;PAS DE CALAIS
LABASTIDE DU TEMPLE;44.0810961823, 1.20235818385;TARN ET GARONNE
OMBLEZE;44.8638431214, 5.23078207101;DROME
LOREY;48.4973673544, 6.31479678875;MEURTHE ET MOSELLE
LES CHAPELLES;45.6072931842, 6.71151467254;SAVOIE
MONTLOGNON;49.1557531066, 2.70658027708;OISE
MENIGOUTE;46.4927432547, -0.0657078750275;DEUX SEVRES
INEUIL;46.7689871764, 2.27606025434;CHER
AUZOUVILLE SUR SAANE;49.741963291, 0.931837478003;SEINE MARITIME
SOUPEX;43.3819001261, 1.89059609045;AUDE
DAMPIERRE SOUS BROU;48.2244450667, 1.10899937921;EURE ET LOIR
ST GERVAIS SUR COUCHES;46.9241932116, 4.56778879306;SAONE ET LOIRE
BIZANOS;43.292458405, -0.337175743313;PYRENEES ATLANTIQUES
SAINS DU NORD;50.0854794146, 4.03223070419;NORD
VIELPRAT;44.8507243693, 3.95129069214;HAUTE LOIRE
HERBEYS;45.1435049357, 5.79740586224;ISERE
MONTSALVY;44.6956739577, 2.49434704088;CANTAL
LOISON SOUS LENS;50.4435308346, 2.85832933206;PAS DE CALAIS
ST AIGNAN LE JAILLARD;47.7328416705, 2.4226468337;LOIRET
ST CHINIAN;43.4211029335, 2.93138227583;HERAULT
JORXEY;48.303577564, 6.23596280086;VOSGES
BOUCONVILLE;49.2583527847, 4.77291946342;ARDENNES
STE OPPORTUNE LA MARE;49.4248481767, 0.533630300174;EURE
CORNANT;48.1352293859, 3.1876647879;YONNE
STE MARIE;44.8925014312, 2.88292989924;CANTAL
ST MARTIN LABOUVAL;44.4795975074, 1.72861355188;LOT
BELABRE;46.5555750256, 1.16199318259;INDRE
LOS MASOS;42.6155047259, 2.46056294865;PYRENEES ORIENTALES
SECONDIGNE SUR BELLE;46.1625149847, -0.314175852363;DEUX SEVRES
STE CECILE LES VIGNES;44.2358558507, 4.88928275558;VAUCLUSE
HESDIN;50.3737561031, 2.03813237444;PAS DE CALAIS
ESTAMPURES;43.3759426738, 0.285547480034;HAUTES PYRENEES
FONTAINE;48.2092891642, 4.71805068623;AUBE
VILLERS SIRE NICOLE;50.339831062, 4.01339230045;NORD
VILLY LEZ FALAISE;48.9003361872, -0.136145311949;CALVADOS
DIENVILLE;48.3297297619, 4.5139323628;AUBE
LONGEVELLE;47.5919835332, 6.44894142613;HAUTE SAONE
SUCE SUR ERDRE;47.3536547402, -1.51945689724;LOIRE ATLANTIQUE
COUESMES VAUCE;48.4480572726, -0.709938389949;MAYENNE
CHAMONIX MONT BLANC;45.9309819111, 6.92360096711;HAUTE SAVOIE
RAZAC SUR L ISLE;45.1605883444, 0.615843501221;DORDOGNE
PLABENNEC;48.4938327293, -4.41894214636;FINISTERE
BENAIX;42.895006557, 1.85092848655;ARIEGE
LIMONT FONTAINE;50.2155213802, 3.92291118633;NORD
TOCQUEVILLE;49.4088397191, 0.613448165873;EURE
NEUILLE;47.3363897029, -0.0184526935141;MAINE ET LOIRE
BREMENIL;48.523168625, 6.921302703;MEURTHE ET MOSELLE
ROUVREL;49.7678519085, 2.41703713925;SOMME
ROMAGNE;46.2580654377, 0.303101746455;VIENNE
ALLIGNY COSNE;47.4435756978, 3.07325894698;NIEVRE
LEPIN LE LAC;45.5358336406, 5.79231986465;SAVOIE
ST OUEN SOUS BAILLY;49.9029517365, 1.30095112624;SEINE MARITIME
ST LOUET SUR SEULLES;49.0957495313, -0.67799363475;CALVADOS
ECUELLE;47.5524124907, 5.54810358865;HAUTE SAONE
HUMBERCAMPS;50.1884753334, 2.5745331886;PAS DE CALAIS
GEISPITZEN;47.6738405843, 7.43812251633;HAUT RHIN
HEUCOURT CROQUOISON;49.9301375227, 1.88243400291;SOMME
GRAND LAVIERS;50.1345136521, 1.7882348767;SOMME
MARCILLY EN BEAUCE;47.7585797087, 1.00338364896;LOIR ET CHER
VILLES;46.0954293058, 5.7569250415;AIN
CAPDENAC GARE;44.5596095618, 2.06863929998;AVEYRON
LA GODEFROY;48.6905981848, -1.28421561374;MANCHE
ST GERVAIS D AUVERGNE;46.0189715375, 2.83089717473;PUY DE DOME
SATURARGUES;43.7142810482, 4.11714344824;HERAULT
ST MEDARD;46.2112176621, -0.273782246591;DEUX SEVRES
MANCY;48.982499338, 3.9380543947;MARNE
ST PIERREMONT;48.4394574604, 6.58332461812;VOSGES
PEREILLE;42.9291256621, 1.80848741794;ARIEGE
ASTILLE;47.9617911116, -0.846376343167;MAYENNE
LOUSLITGES;43.5994545053, 0.156509791866;GERS
VICQUES;48.953167057, -0.0742489726679;CALVADOS
BOURNOS;43.4388278116, -0.395430501786;PYRENEES ATLANTIQUES
LE MESNIL TOVE;48.6926473211, -1.01584086129;MANCHE
LACOUR D ARCENAY;47.3599600361, 4.23532067428;COTE D OR
PRESSAGNY L ORGUEILLEUX;49.1308034237, 1.46515135716;EURE
LE HERIE LA VIEVILLE;49.8222697536, 3.65376324724;AISNE
DOMMARTIN;45.8357243941, 4.7156731311;RHONE
OBERHAUSBERGEN;48.6073002945, 7.68309913156;BAS RHIN
MARIE;44.0346077069, 7.15744653179;ALPES MARITIMES
ST MARTIN CANTALES;45.0888141636, 2.30515856288;CANTAL
VAUX LES RUBIGNY;49.6904205323, 4.18309988343;ARDENNES
ST SULPICE LE GUERETOIS;46.2020232419, 1.82822095758;CREUSE
BAZANCOURT;49.5498849477, 1.73943481164;OISE
VITROLLES;44.4246526523, 5.94769008285;HAUTES ALPES
CAUCHY A LA TOUR;50.5047864537, 2.44974030755;PAS DE CALAIS
RAUCOULES;45.1915194359, 4.28286048078;HAUTE LOIRE
ST JULIEN DE CHEDON;47.3196038461, 1.20817366204;LOIR ET CHER
ST MARTIN OSMONVILLE;49.6419438323, 1.30112980694;SEINE MARITIME
VOISE;48.4021777408, 1.70860045511;EURE ET LOIR
YUTZ;49.3517848092, 6.20171929319;MOSELLE
FOUQUEBRUNE;45.5273705176, 0.196901956839;CHARENTE
YVERSAY;46.6723327836, 0.205575527157;VIENNE
VERRUE;46.8695202148, 0.178625363655;VIENNE
LEMBERG;49.0103404671, 7.38244495948;MOSELLE
POUILLY;49.2756110754, 2.03153859002;OISE
VIVIERS SUR ARTAUT;48.097855701, 4.49784658697;AUBE
BASSEUX;50.2289727397, 2.64740800316;PAS DE CALAIS
NOVILLARD;47.6050025795, 6.96134299185;TERRITOIRE DE BELFORT
CHATEAU VOUE;48.8474504744, 6.6276342753;MOSELLE
GOUZON;46.1872230665, 2.23078389232;CREUSE
BOUILLE COURDAULT;46.3847932448, -0.684917815779;VENDEE
CHAPTELAT;45.9176663551, 1.24668895205;HAUTE VIENNE
LE BARP;44.6268462922, -0.746697894211;GIRONDE
ARVIEU;44.1907834578, 2.66728393102;AVEYRON
LE PIN;49.2139284087, 0.335606713114;CALVADOS
SORNAY;47.2812350721, 5.6962342284;HAUTE SAONE
CRICQUEVILLE EN AUGE;49.2371263261, -0.0732802659784;CALVADOS
FAUX FRESNAY;48.6524940366, 3.9495151761;MARNE
MEREAU;47.1794168881, 2.05220231898;CHER
ST NICOLAS DE LA TAILLE;49.5142461624, 0.469748142388;SEINE MARITIME
PILLON;49.3719058703, 5.57959766721;MEUSE
REMEREVILLE;48.7083090785, 6.38025660676;MEURTHE ET MOSELLE
FONTENAY MAUVOISIN;48.9610924482, 1.64777778517;YVELINES
VERDILLY;49.0744862502, 3.42189905232;AISNE
FOURNEVILLE;49.3575079529, 0.232481397585;CALVADOS
WUISSE;48.8548708568, 6.66842054976;MOSELLE
CAZEDARNES;43.4234094585, 3.0282977991;HERAULT
TAILLECAVAT;44.6516434707, 0.157497869369;GIRONDE
NEUVILLE SUR MARGIVAL;49.4548729773, 3.3986658815;AISNE
ST LEGER DE PEYRE;44.604203879, 3.30637134661;LOZERE
POUMAROUS;43.1556409444, 0.215770472747;HAUTES PYRENEES
LA CHAPELLE HUGON;46.8956501509, 2.95415961262;CHER
VAUDEVILLE;48.4549633063, 6.20876642137;MEURTHE ET MOSELLE
BOQUEHO;48.4679009136, -2.98514567915;COTES D ARMOR
VAILLY SUR AISNE;49.4108623288, 3.52012059802;AISNE
BAILLEUL AUX CORNAILLES;50.3728404349, 2.44878258653;PAS DE CALAIS
YZERNAY;47.0344970546, -0.696855883888;MAINE ET LOIRE
HEUME L EGLISE;45.7212118766, 2.72132681759;PUY DE DOME
ST VICTOR LA COSTE;44.0551218504, 4.64162593876;GARD
ANTUGNAC;42.9622347688, 2.21863246536;AUDE
DOMELIERS;49.6285305666, 2.16465510243;OISE
MOULIN MAGE;43.7198358431, 2.77600372304;TARN
VILLEMAREUIL;48.9202287763, 2.98474504505;SEINE ET MARNE
VILLAVARD;47.7519622395, 0.904582155249;LOIR ET CHER
CAUDEBEC LES ELBEUF;49.2820542128, 1.02549551616;SEINE MARITIME
FUTEAU;49.0766831895, 5.0069025981;MEUSE
CAGNY;49.8505763421, 2.33749287161;SOMME
LE BLANC MESNIL;48.9395475536, 2.46112148528;SEINE SAINT DENIS
DRY;47.7916018674, 1.7282632469;LOIRET
VILLEDIEU SUR INDRE;46.8446125894, 1.51599368144;INDRE
ST PIERRE LE VIEUX;49.8488151047, 0.885165037605;SEINE MARITIME
LOUPIAC;44.6282363269, -0.287216072924;GIRONDE
WIDENSOLEN;48.0579869802, 7.48257799635;HAUT RHIN
DOURIEZ;50.3384867372, 1.88223144909;PAS DE CALAIS
MONTGERAIN;49.5386638914, 2.58385170113;OISE
STE JULIE;45.8819723176, 5.28452304614;AIN
JUAYE MONDAYE;49.2049289957, -0.690556905355;CALVADOS
SOUSVILLE;44.9098323482, 5.80696662088;ISERE
CAPELLE LES HESDIN;50.3470946607, 1.99114146583;PAS DE CALAIS
RAVEL;45.7870275365, 3.39484221864;PUY DE DOME
LES CLUSES;42.4851649751, 2.84398358463;PYRENEES ORIENTALES
ATHOS ASPIS;43.4126325632, -0.964931757196;PYRENEES ATLANTIQUES
JUSSY;47.7166785125, 3.5697968905;YONNE
UBEXY;48.3372090624, 6.28045582806;VOSGES
EPLESSIER;49.7843306354, 1.94046877526;SOMME
MEURIVAL;49.3567698663, 3.7590616765;AISNE
MARTRES;44.7073917593, -0.168195738605;GIRONDE
ST LEGER SOUS CHOLET;47.1022853762, -0.904193715243;MAINE ET LOIRE
ST JOUIN DE MARNES;46.8814213211, -0.0550217260198;DEUX SEVRES
ROUSSET;44.4843785512, 6.2666913091;HAUTES ALPES
ROSIERES PRES TROYES;48.2626897407, 4.06345677209;AUBE
HESMOND;50.4640913287, 1.94222442678;PAS DE CALAIS
PEAUGRES;45.2857807098, 4.72747805706;ARDECHE
BRICQUEVILLE SUR MER;48.9183887139, -1.51381189352;MANCHE
REYVROZ;46.324542262, 6.56224816436;HAUTE SAVOIE
CEYRAS;43.6499208195, 3.45967930935;HERAULT
LANTAGES;48.0769887467, 4.20669407653;AUBE
MACHY;48.1456167821, 4.03573129763;AUBE
VERSONNEX;46.2997631425, 6.10057952207;AIN
SOUDAT;45.6218935044, 0.567963968853;DORDOGNE
ST OUEN LE MAUGER;49.7600761839, 0.959021389482;SEINE MARITIME
ST HILAIRE DES LOGES;46.4747117878, -0.650611151998;VENDEE
HAVELUY;50.3537384586, 3.40310314362;NORD
REIMS;49.2514906066, 4.0402302322;MARNE
ARNICOURT;49.5539593023, 4.34161870964;ARDENNES
ANDOINS;43.3003317348, -0.223135510504;PYRENEES ATLANTIQUES
CHANCEY;47.3241175879, 5.67813657788;HAUTE SAONE
FRESNOY LE LUAT;49.2127033818, 2.76283065148;OISE
LANDRECOURT LEMPIRE;49.0991326551, 5.32989005207;MEUSE
ST PELLERIN;48.0724373117, 1.14348881457;EURE ET LOIR
JOUDREVILLE;49.288175052, 5.77928680152;MEURTHE ET MOSELLE
ST PAL DE SENOUIRE;45.2575508782, 3.64684459973;HAUTE LOIRE
REIGNAC;45.2294125934, -0.51659465108;GIRONDE
ST DENIS DU MAINE;47.9806121004, -0.521686670231;MAYENNE
ST QUENTIN LA POTERIE;44.057337074, 4.43872425053;GARD
PENCHARD;48.9907877063, 2.85773717283;SEINE ET MARNE
ESSAROIS;47.7575910417, 4.7939937712;COTE D OR
BITRY;49.4145786012, 3.07807803458;OISE
ST PRIVAT DE VALLONGUE;44.2854432826, 3.82446827604;LOZERE
ST ALBAN DE ROCHE;45.5871624015, 5.2245791574;ISERE
LANGEAIS;47.3498571755, 0.367495526989;INDRE ET LOIR
CRAMPAGNA;43.0283504432, 1.58947099246;ARIEGE
GARANCIERES;48.8236041214, 1.75831799114;YVELINES
LANGENSOULTZBACH;48.9742908393, 7.73045198292;BAS RHIN
MOREUIL;49.7762271653, 2.48422182173;SOMME
MEGEVE;45.8401573581, 6.62348394015;HAUTE SAVOIE
MONTGUERS;44.301845332, 5.47245831893;DROME
SURFONDS;47.979285909, 0.462514595008;SARTHE
FORCEVILLE;50.0660087651, 2.5554412385;SOMME
CHAMPOUGNY;48.5461096496, 5.70282238531;MEUSE
ST AMANT DE BONNIEURE;45.859466527, 0.29560744863;CHARENTE
BIDON;44.3567960749, 4.54452567772;ARDECHE
MONTEGUT ARROS;43.3828965427, 0.225654672696;GERS
VITRY LA VILLE;48.8347533525, 4.43279915024;MARNE
VINZELLES;45.9274973505, 3.41564073946;PUY DE DOME
BOE;44.1702699988, 0.646760618523;LOT ET GARONNE
ST NIC;48.2101254198, -4.28068132169;FINISTERE
DUILHAC SOUS PEYREPERTUSE;42.8656597, 2.56758604959;AUDE
CHENEREILLES;45.1369212766, 4.23744715977;HAUTE LOIRE
LA CHAPELLE MONTMOREAU;45.4499413801, 0.644225209813;DORDOGNE
LA FORET DU TEMPLE;46.4271220659, 1.90602362472;CREUSE
GATUZIERES;44.1950868621, 3.49763818762;LOZERE
SISSONNE;49.5639648451, 3.92032139579;AISNE
SOUCIA;46.5406307782, 5.75722120552;JURA
MONTIREAU;48.4147284509, 1.03540606287;EURE ET LOIR
MONT SUR COURVILLE;49.2560688238, 3.67592575502;MARNE
ASSAT;43.2575933228, -0.288463640719;PYRENEES ATLANTIQUES
PEYROLLES EN PROVENCE;43.6284676935, 5.57695734831;BOUCHES DU RHONE
ST AULAIRE;45.2363536459, 1.38790567067;CORREZE
AY CHAMPAGNE;49.0625907596, 3.9973447815;MARNE
MONSEGUR;44.4844384296, 0.878232304572;LOT ET GARONNE
FOURG;47.0951444247, 5.80295783516;DOUBS
MANSONVILLE;44.0154220784, 0.851115135446;TARN ET GARONNE
ROCHE D AGOUX;46.0409492985, 2.64213874431;PUY DE DOME
MENNETOU SUR CHER;47.2927801953, 1.8752007489;LOIR ET CHER
BIENCOURT SUR ORGE;48.5699197095, 5.34636472127;MEUSE
USSEAU;46.8867943192, 0.494483523463;VIENNE
FLORINGHEM;50.497209636, 2.42943014623;PAS DE CALAIS
HEUDREVILLE SUR EURE;49.1320841365, 1.18870983275;EURE
NERIGEAN;44.843131883, -0.284955496145;GIRONDE
USINENS;46.0141101531, 5.85064952145;HAUTE SAVOIE
PEUJARD;45.0484108625, -0.431387189025;GIRONDE
CASTEX;43.3818340108, 0.312547597054;GERS
ESCOUSSENS;43.4822756264, 2.22873305615;TARN
STE DODE;43.4164604134, 0.364817830284;GERS
PLOUGRESCANT;48.8389480714, -3.24154914571;COTES D ARMOR
LES EPARGES;49.0644524312, 5.58324844754;MEUSE
TREVILLE;43.3828691726, 1.95497022333;AUDE
BLIGNY SUR OUCHE;47.1150954708, 4.68344440559;COTE D OR
BEZAC;43.1525065182, 1.57354933771;ARIEGE
FAREBERSVILLER;49.1168142079, 6.86777677982;MOSELLE
MONTAUROUX;43.5990101065, 6.78985995347;VAR
TROCHE;45.396965868, 1.44794561231;CORREZE
LE CASTELLARD MELAN;44.2016431995, 6.13159521325;ALPES DE HAUTE PROVENCE
LORRIS;47.86274799, 2.49842209081;LOIRET
HARTZVILLER;48.6702553561, 7.08771571021;MOSELLE
HALLIVILLERS;49.6961662022, 2.2956542546;SOMME
BRIMEUX;50.4355050534, 1.83617898169;PAS DE CALAIS
ST BERNARD;45.9493830581, 4.74276628471;AIN
MARSAC SUR L ISLE;45.1820442564, 0.651480923403;DORDOGNE
BAIGNEAUX;48.1283278233, 1.82055061372;EURE ET LOIR
ST GERMAIN LA MONTAGNE;46.1990372012, 4.39130879538;LOIRE
MERICOURT SUR SOMME;49.9059138234, 2.68162218059;SOMME
NEUVILLE LEZ BEAULIEU;49.9062756338, 4.35291936249;ARDENNES
GOURBIT;42.828206908, 1.51547643918;ARIEGE
LE PERTRE;48.0341523357, -1.05602216053;ILE ET VILAINE
BOUVESSE QUIRIEU;45.7838215113, 5.41483452753;ISERE
CALMOUTIER;47.6443877301, 6.28291281829;HAUTE SAONE
PETITE FORET;50.3747760096, 3.47594179576;NORD
COUTARNOUX;47.6024812263, 3.94209074467;YONNE
HENVIC;48.6328783034, -3.93010149284;FINISTERE
NEUVILLE SUR VANNE;48.2525559272, 3.77471634627;AUBE
MONTBARROIS;48.0489827491, 2.39677087385;LOIRET
VILLENEUVE SUR VERBERIE;49.2751399266, 2.67989844537;OISE
BUSSEOL;45.6933391482, 3.2623134791;PUY DE DOME
VATRY;48.8237179226, 4.24189842242;MARNE
FONTAINE LES CAPPY;49.8992002068, 2.77659071025;SOMME
MONTIGNY LES VESOUL;47.6428660146, 6.07108033539;HAUTE SAONE
NEUVY EN SULLIAS;47.7747351435, 2.24319824191;LOIRET
LUSSAN;43.6197914762, 0.739735287633;GERS
PLUMELEC;47.8257230255, -2.62344380142;MORBIHAN
BELLOC;43.0072443769, 1.93332486097;ARIEGE
CHANNAY;47.8910741862, 4.31948318267;COTE D OR
TREVRON;48.389428188, -2.06825084533;COTES D ARMOR
TERCE;46.514441058, 0.554671027183;VIENNE
RODALBE;48.9109394561, 6.71447347935;MOSELLE
STE HERMINE;46.5572659953, -1.07210861039;VENDEE
COURCITE;48.3045487938, -0.253606869806;MAYENNE
DIANT;48.2914084366, 3.00508294667;SEINE ET MARNE
COURCELLES LES GISORS;49.2594249464, 1.73615075347;OISE
MONTARCHER;45.458211291, 3.99028156923;LOIRE
DANCE;45.9072579151, 4.03433219646;LOIRE
BOURNAZEL;44.4601104771, 2.30271323299;AVEYRON
SEVIGNY WALEPPE;49.6171678844, 4.08045801984;ARDENNES
HERBSHEIM;48.3494389579, 7.63675054527;BAS RHIN
HAUT LOQUIN;50.7379262703, 1.96340572061;PAS DE CALAIS
VIAPRES LE PETIT;48.5822319187, 4.05387093659;AUBE
THIVERNY;49.245997329, 2.42786495364;OISE
LUCERAM;43.9005726905, 7.35265575307;ALPES MARITIMES
MARTIGUES;43.3798920489, 5.04945402314;BOUCHES DU RHONE
ST QUENTIN SUR INDROIS;47.2088575557, 1.03674729969;INDRE ET LOIR
VILLENEUVE SOUS DAMMARTIN;49.0287050139, 2.6367073967;SEINE ET MARNE
BRECE;48.1107701278, -1.48991638652;ILE ET VILAINE
CHAMPCENEST;48.6709207707, 3.27677023622;SEINE ET MARNE
POLISOT;48.0731308574, 4.35467201881;AUBE
ARNAC SUR DOURDOU;43.7187010455, 2.94592121582;AVEYRON
BEULOTTE ST LAURENT;47.8688160594, 6.67305784472;HAUTE SAONE
OBERBRONN;48.9380836461, 7.59665709278;BAS RHIN
FAY LES MARCILLY;48.401359163, 3.60590310441;AUBE
MENIL HUBERT SUR ORNE;48.8493278134, -0.41582469605;ORNE
BOUIN;46.0911898215, -0.013229553499;DEUX SEVRES
LAMAGUERE;43.4865684671, 0.683135998236;GERS
GRANDEYROLLES;45.5829881204, 3.04671739846;PUY DE DOME
GERMIGNY;49.2445998408, 3.86056138886;MARNE
PELLEPORT;43.7414209784, 1.11866923915;HAUTE GARONNE
BOISBRETEAU;45.3299592266, -0.159147291583;CHARENTE
MARANT;50.4709192925, 1.84034009219;PAS DE CALAIS
JUNAY;47.8785014633, 3.94207319674;YONNE
VILLARD ST CHRISTOPHE;44.9860357514, 5.81891639232;ISERE
HAUCOURT;49.5061935577, 1.93107451004;OISE
JUNHAC;44.6956285648, 2.4519931764;CANTAL
LA TOUR ST GELIN;47.0616135081, 0.395504647146;INDRE ET LOIR
APT;43.879393265, 5.38921757843;VAUCLUSE
ST REMY;48.3429205688, 6.81438794829;VOSGES
SIONNE;48.3981193359, 5.62852785877;VOSGES
STE EUPHEMIE SUR OUVEZE;44.3011387229, 5.3913641468;DROME
MARCENOD;45.5728199532, 4.48177097511;LOIRE
PLACEY;47.2582388477, 5.84946760643;DOUBS
LAUZERTE;44.2642995725, 1.12713270139;TARN ET GARONNE
INGRE;47.916936377, 1.82353479018;LOIRET
RIZAUCOURT BUCHEY;48.2744216566, 4.86924772223;HAUTE MARNE
STE OSMANE;47.8723192705, 0.610274340418;SARTHE
SOUMANS;46.3041417254, 2.33116198481;CREUSE
PLUFUR;48.6108539647, -3.57279775883;COTES D ARMOR
ST PIERRE DE NOGARET;44.4874734198, 3.1270768416;LOZERE
AMIRAT;43.8962973508, 6.81255950456;ALPES MARITIMES
PORT VILLEZ;49.0579600659, 1.51633686428;YVELINES
ASASP ARROS;43.1179115359, -0.629962098599;PYRENEES ATLANTIQUES
GABRIAC;44.1784497946, 3.71130756296;LOZERE
ST GONNERY;48.1259650305, -2.82225083617;MORBIHAN
ST ROMAIN EN GIER;45.5657533865, 4.70401885929;RHONE
YVETOT;49.6175135557, 0.761699633531;SEINE MARITIME
PEYROLE;43.8140246495, 1.89716126791;TARN
ESPIRA DE CONFLENT;42.6190777893, 2.49374976371;PYRENEES ORIENTALES
MOIREMONT;49.1396346505, 4.89805347592;MARNE
ST JULIEN DE TOURSAC;44.7745665182, 2.20161181896;CANTAL
LAMMERVILLE;49.7943437879, 0.970888263334;SEINE MARITIME
PUGNAC;45.0835194414, -0.498613967058;GIRONDE
NOYERS SUR JABRON;44.1686523521, 5.80998243978;ALPES DE HAUTE PROVENCE
LES BROUZILS;46.8854235235, -1.33186892233;VENDEE
VAUJANY;45.1859501917, 6.10152969645;ISERE
COURS DE PILE;44.8364921675, 0.557691807136;DORDOGNE
ST HILAIRE DU BOIS;44.6612294768, -0.0744756650033;GIRONDE
ESPOEY;43.2514996266, -0.155421762891;PYRENEES ATLANTIQUES
MOUGUERRE;43.4574606767, -1.40476602538;PYRENEES ATLANTIQUES
MAROLLES EN BEAUCE;48.3692255214, 2.20423612616;ESSONNE
BRANSAT;46.3291248847, 3.21707091921;ALLIER
ST AMAND;45.9768729666, 2.20679373252;CREUSE
MOUNES PROHENCOUX;43.7982858454, 2.81918000593;AVEYRON
GARDOUCH;43.3848367131, 1.67826808704;HAUTE GARONNE
AYDOILLES;48.2106398796, 6.5713006214;VOSGES
ST AGREVE;45.0052980637, 4.41285687419;ARDECHE
MONTAUT;44.6058245899, 0.682418964393;LOT ET GARONNE
JUVIGNY LE TERTRE;48.678576703, -1.04281408802;MANCHE
ST AIGNAN DES NOYERS;46.755350283, 2.82189743565;CHER
FORCALQUEIRET;43.3366392546, 6.09141410603;VAR
JEUMONT;50.2913767196, 4.10405698183;NORD
CHAMPSERU;48.4910310864, 1.64595417772;EURE ET LOIR
LA CHAPELLE ST SULPICE;48.5577472984, 3.17990030417;SEINE ET MARNE
RIVIERE;47.1446277658, 0.266267354644;INDRE ET LOIR
SONDERSDORF;47.4773648942, 7.33375593304;HAUT RHIN
ALVIGNAC;44.8338975947, 1.68546472783;LOT
FORCEY;48.1512048179, 5.36896944878;HAUTE MARNE
VERRIERES;46.4029509232, 0.597094727763;VIENNE
ST NABOR;48.4414538675, 7.41761781742;BAS RHIN
BILTZHEIM;47.9624598517, 7.36950245681;HAUT RHIN
MONTFERRAT;45.4745293334, 5.57778075316;ISERE
LAGUIOLE;44.6942493054, 2.86714579983;AVEYRON
LONGEVILLE SUR MOGNE;48.1468654256, 4.06439073239;AUBE
MACQUIGNY;49.8732387452, 3.57070489565;AISNE
LUCHAPT;46.1824696586, 0.770449311399;VIENNE
VAUVILLERS;47.927696482, 6.10999352598;HAUTE SAONE
LE CHILLOU;46.7695842244, -0.12153287828;DEUX SEVRES
ST GENIES;44.9950404568, 1.24436332323;DORDOGNE
DIXMONT;48.0776099615, 3.42365889592;YONNE
ST MARS LA REORTHE;46.8597253005, -0.925777900202;VENDEE
FROENINGEN;47.6951501354, 7.25691494942;HAUT RHIN
CERCY LA TOUR;46.8494214757, 3.64592375221;NIEVRE
ST SEVER CALVADOS;48.8217597918, -1.04661139436;CALVADOS
EPINIAC;48.4994671999, -1.70334615041;ILE ET VILAINE
BART;47.4914667979, 6.76751047027;DOUBS
REMICOURT;48.9479810081, 4.85388891659;MARNE
VERNEUIL;46.8603735972, 3.58244196837;NIEVRE
BURE;48.5057238643, 0.404327830049;ORNE
VOGLANS;45.6271741926, 5.89111432564;SAVOIE
DOGNEVILLE;48.2215743919, 6.4644885948;VOSGES
MOUFFY;47.6488434572, 3.51431901899;YONNE
MARCY;45.9139105552, 4.67605163558;RHONE
ST NOM LA BRETECHE;48.8634050098, 2.01915428049;YVELINES
OUVE WIRQUIN;50.6527627631, 2.14390429317;PAS DE CALAIS
ST LYS;43.5100073275, 1.19955711914;HAUTE GARONNE
VOYER;48.6522218701, 7.08937064886;MOSELLE
BOSQUENTIN;49.4131822482, 1.58863474823;EURE
POEZAT;46.0755325422, 3.22701379423;ALLIER
STE RADEGONDE;44.3313046455, 2.63272943848;AVEYRON
FOULAYRONNES;44.2533403531, 0.636982515974;LOT ET GARONNE
STE TRIE;45.2931649261, 1.21244167771;DORDOGNE
FORGES SUR MEUSE;49.2601553209, 5.27647162444;MEUSE
LA BERTHENOUX;46.6972820615, 2.05729628607;INDRE
MAREUGHEOL;45.4840734656, 3.16169878471;PUY DE DOME
POLIGNY;46.8222386118, 5.73292565089;JURA
SERRIERES EN CHAUTAGNE;45.8813588205, 5.84299329456;SAVOIE
CAUNES MINERVOIS;43.3327963198, 2.51635482478;AUDE
DENNEY;47.6552442246, 6.90807737911;TERRITOIRE DE BELFORT
ST JEAN SUR VEYLE;46.2683632132, 4.92198366998;AIN
PILLEMOINE;46.703904732, 5.90805136913;JURA
LEVIGNEN;49.1970697917, 2.91542960657;OISE
GUILLONVILLE;48.0936096295, 1.64289190439;EURE ET LOIR
GELLES;45.7617631556, 2.77069441162;PUY DE DOME
MONDESCOURT;49.6007632459, 3.10933333116;OISE
MEZIERES SUR COUESNON;48.2971797234, -1.43837213468;ILE ET VILAINE
FONTAINE LES BASSETS;48.8614123081, 0.00290765242172;ORNE
LAMATH;48.5201883757, 6.44306273905;MEURTHE ET MOSELLE
FONTAINE;47.6588814395, 6.99769315688;TERRITOIRE DE BELFORT
ANTIN;43.3324246014, 0.290105540606;HAUTES PYRENEES
NOVION PORCIEN;49.5959529049, 4.42856653433;ARDENNES
BAZOILLES SUR MEUSE;48.3011735776, 5.65035260146;VOSGES
FARGES ALLICHAMPS;46.7578876589, 2.41076588761;CHER
MAGSTATT LE HAUT;47.6271826488, 7.39456060175;HAUT RHIN
VALBELEIX;45.4741100431, 2.99840008974;PUY DE DOME
POYANNE;43.7536761163, -0.815720310969;LANDES
ISENAY;46.9182601112, 3.71038298673;NIEVRE
UZESTE;44.4334139021, -0.324575198234;GIRONDE
DRAMBON;47.3340095649, 5.37849298375;COTE D OR
MONTMURAT;44.6310973852, 2.2008554498;CANTAL
LA CHAPELLE D ALAGNON;45.1050602104, 2.90845752826;CANTAL
BORNAMBUSC;49.625546295, 0.353284639397;SEINE MARITIME
VASSEL;45.7605313754, 3.31232153494;PUY DE DOME
BETTING;49.1299695233, 6.81296157618;MOSELLE
CONTRES;47.4210455026, 1.43621364655;LOIR ET CHER
CHATEAUNEUF SUR LOIRE;47.8851472101, 2.23195371871;LOIRET
TOLLAINCOURT;48.0944938013, 5.72324899946;VOSGES
VERETZ;47.3522450777, 0.810254495994;INDRE ET LOIR
GRAND CAMP;49.5516102056, 0.600579425382;SEINE MARITIME
ATTILLONCOURT;48.7904278549, 6.38552204812;MOSELLE
LESCAR;43.3404556993, -0.428066847423;PYRENEES ATLANTIQUES
SAUVILLE;48.1485506254, 5.74281944188;VOSGES
COLTAINVILLE;48.4919525444, 1.59662805553;EURE ET LOIR
THOURY FEROTTES;48.2974586378, 2.93972064778;SEINE ET MARNE
LE MASNAU MASSUGUIES;43.8093121675, 2.53889440751;TARN
COLOMBIER LE VIEUX;45.0590148291, 4.69898079433;ARDECHE
BOUGEY;47.783385036, 5.86240543155;HAUTE SAONE
MISY SUR YONNE;48.3656144275, 3.0952436577;SEINE ET MARNE
TREVEREC;48.659497706, -3.05457326642;COTES D ARMOR
VAZERAC;44.195295259, 1.27659596104;TARN ET GARONNE
LANGERON;46.8169584148, 3.08314704096;NIEVRE
FEUX;47.229346809, 2.86665110758;CHER
EPERNAY SOUS GEVREY;47.1745053731, 5.03736521835;COTE D OR
PARNAC;44.4811948006, 1.31867316292;LOT
MANOU;48.5363856348, 0.962933887077;EURE ET LOIR
MONTHUCHON;49.0881773625, -1.42023463837;MANCHE
ANDOLSHEIM;48.0652206217, 7.43654259206;HAUT RHIN
PINON;49.488480349, 3.46156583024;AISNE
ST GEORGES DU BOIS;47.9720668662, 0.101201029384;SARTHE
LA MOTHE ST HERAY;46.3520802327, -0.119337575815;DEUX SEVRES
LE MERLERAULT;48.7007870105, 0.280266472699;ORNE
VUE;47.1941974605, -1.9008768965;LOIRE ATLANTIQUE
CHAMBOURCY;48.8960592796, 2.03321565205;YVELINES
AVARAY;47.7250804057, 1.55500771639;LOIR ET CHER
MOULINES;48.5485016323, -1.0455527654;MANCHE
OEYREGAVE;43.5277445568, -1.09893426227;LANDES
BEALENCOURT;50.4365269815, 2.12585170509;PAS DE CALAIS
LONGUEFUYE;47.8810026528, -0.591521816813;MAYENNE
ST MAURICE DE LIGNON;45.2200624958, 4.1349880615;HAUTE LOIRE
GUYENCOURT;49.3573380108, 3.84132930883;AISNE
COURTOMER;48.6580781598, 2.89624103762;SEINE ET MARNE
FONTENAY SUR MER;49.4935350272, -1.30873681575;MANCHE
TAURIZE;43.0644951313, 2.50638468749;AUDE
PORTS;47.0141782746, 0.538082911824;INDRE ET LOIR
ENNERY;49.2278102689, 6.2187616545;MOSELLE
SALLES DE VILLEFAGNAN;45.9599094427, 0.17124025939;CHARENTE
PETIT MARS;47.4051549703, -1.45655214384;LOIRE ATLANTIQUE
PRUNIERS EN SOLOGNE;47.3404974973, 1.67985209939;LOIR ET CHER
ROMAGNY FONTENAY;48.6374333349, -0.98072243352;MANCHE
PLAPPEVILLE;49.130840924, 6.12422757212;MOSELLE
VABRES L ABBAYE;43.9213497351, 2.81975476984;AVEYRON
JETTERSWILLER;48.6697366716, 7.41745177343;BAS RHIN
EVERGNICOURT;49.4564306975, 4.03631753944;AISNE
ROUVRES SOUS MEILLY;47.2062707536, 4.5897431954;COTE D OR
BEAUMONT SUR OISE;49.1400981058, 2.30021267239;VAL D OISE
ST MACAIRE;44.5631655827, -0.232549072695;GIRONDE
VANOSC;45.2240895311, 4.53452254097;ARDECHE
ASCOUX;48.1271076632, 2.24907417441;LOIRET
BOUGUENAIS;47.1709061678, -1.61739752858;LOIRE ATLANTIQUE
ARDON;47.7881590342, 1.88281454667;LOIRET
ST AIGULIN;45.1668978802, -0.0436327584694;CHARENTE MARITIME
BARRAS;44.1006575617, 6.09850212835;ALPES DE HAUTE PROVENCE
VANDENESSE EN AUXOIS;47.2234387567, 4.62083828495;COTE D OR
ST PIERRE DE CERNIERES;48.9309306433, 0.519530805974;EURE
STE AGNES;45.2103354169, 5.95984837057;ISERE
FLORENTIN;43.8854183688, 2.02985845557;TARN
REPAIX;48.6128594878, 6.83000371109;MEURTHE ET MOSELLE
HELESMES;50.3677526981, 3.35840586833;NORD
ABAUCOURT;48.8928445916, 6.26559712571;MEURTHE ET MOSELLE
CHEYSSIEU;45.4259695237, 4.8429128403;ISERE
MONTBOZON;47.4596587023, 6.25631932955;HAUTE SAONE
BESSUEJOULS;44.5198421781, 2.71668578006;AVEYRON
PEYSSIES;43.3257060217, 1.18484909158;HAUTE GARONNE
VILLEMADE;44.0801227297, 1.2899145835;TARN ET GARONNE
MOLANDIER;43.2516930483, 1.72403903685;AUDE
ST VAAST D EQUIQUEVILLE;49.8151815963, 1.26095923266;SEINE MARITIME
SAACY SUR MARNE;48.9510388059, 3.21708919555;SEINE ET MARNE
ROCBARON;43.3066686926, 6.08361658334;VAR
ORBEC;49.0236641773, 0.384953822179;CALVADOS
MAIZIERES LES VIC;48.7095753584, 6.78401275888;MOSELLE
MONTVALEN;43.8568846629, 1.59279252787;TARN
RUBECOURT ET LAMECOURT;49.6938022144, 5.01813629169;ARDENNES
OSLY COURTIL;49.3995301311, 3.23736511582;AISNE
CHACRISE;49.3002009035, 3.39759102537;AISNE
CONS LA GRANDVILLE;49.4856090372, 5.70114135723;MEURTHE ET MOSELLE
ROMAGNE;48.3445101485, -1.26180834878;ILE ET VILAINE
CRUGNY;49.2540458252, 3.73483729976;MARNE
MADRANGES;45.4674850296, 1.79655382411;CORREZE
ST HILAIRE LA GERARD;48.5945563992, 0.0496896989442;ORNE
LAGARRIGUE;44.2900011672, 0.385094294194;LOT ET GARONNE
ST ETIENNE DU VALDONNEZ;44.4420560828, 3.57373923919;LOZERE
COGNA;46.5867008206, 5.77312051776;JURA
TRELISSAC;45.2097381668, 0.778416322658;DORDOGNE
LEES ATHAS;42.9710540613, -0.668398814857;PYRENEES ATLANTIQUES
MENETOU SUR NAHON;47.2239556606, 1.63663736153;INDRE
SEYSSINS;45.1548597914, 5.67545398227;ISERE
BOISSY SANS AVOIR;48.8210401327, 1.79753784845;YVELINES
DIANCEY;47.1747778525, 4.36718162662;COTE D OR
VAL D ISSOIRE;46.1111458501, 0.914010969665;HAUTE VIENNE
LOURDOUEIX ST MICHEL;46.4167963752, 1.7255656955;INDRE
ETAINHUS;49.5667402554, 0.309275010904;SEINE MARITIME
GRAIMBOUVILLE;49.5816594783, 0.333991745798;SEINE MARITIME
SENONNES;47.8069754528, -1.19638617309;MAYENNE
HERRLISHEIM PRES COLMAR;48.0190918794, 7.32531342644;HAUT RHIN
GY;47.402856646, 5.80618920641;HAUTE SAONE
FRETOY LE CHATEAU;49.6618149905, 2.97314954198;OISE
LA CHAPELLE AUX LYS;46.6221916887, -0.642706103195;VENDEE
SEVEUX;47.5359774659, 5.76901424234;HAUTE SAONE
BOUQUEVAL;49.0223417404, 2.42997422795;VAL D OISE
ROUVRES EN WOEVRE;49.224367243, 5.6960269701;MEUSE
LORIGNE;46.1065410411, 0.069110436943;DEUX SEVRES
FOUCHECOURT;48.0052492177, 5.85929939461;VOSGES
ARGENTONAY;46.9784261272, -0.468875242934;DEUX SEVRES
LA CHATAIGNERAIE;46.6416143401, -0.739561966419;VENDEE
BALLORE;46.5341038702, 4.37558759241;SAONE ET LOIRE
RANS;47.1379973135, 5.71557221033;JURA
CLAIX;45.54965487, 0.050592133605;CHARENTE
LIOURDRES;44.9374662553, 1.80814651147;CORREZE
ZILLING;48.7867266822, 7.21030213577;MOSELLE
FLEVY;49.2400453527, 6.26395844495;MOSELLE
BRIANTES;46.5505241827, 2.02422131668;INDRE
MOULIHERNE;47.4531278968, 0.0130885602791;MAINE ET LOIRE
SOTTEVILLE LES ROUEN;49.4104887444, 1.09509946531;SEINE MARITIME
NOGENT L ARTAUD;48.9426222247, 3.332802902;AISNE
GRAND COURONNE;49.3483816966, 1.00477486737;SEINE MARITIME
CRAPONNE SUR ARZON;45.3318549451, 3.85314004519;HAUTE LOIRE
MERCOEUR;45.1875792537, 3.30357255266;HAUTE LOIRE
ST VINCENT STERLANGES;46.7397220689, -1.08371759277;VENDEE
MONTEGUT;43.0494913717, 0.499092510463;HAUTES PYRENEES
PRAHECQ;46.268539716, -0.344623723709;DEUX SEVRES
PRESSINS;45.5266905652, 5.63237187242;ISERE
VARIZE;49.1254107578, 6.44934014942;MOSELLE
MALBUISSON;46.7987711533, 6.31210934151;DOUBS
ST SAUVEUR LENDELIN;49.1238164508, -1.40639536649;MANCHE
MONTREUIL LA CAMBE;48.8842457581, 0.0335930186845;ORNE
PFETTERHOUSE;47.506686131, 7.16823330248;HAUT RHIN
CLARET;43.8572510508, 3.87648647293;HERAULT
ST CYRAN DU JAMBOT;47.0224840365, 1.15675534886;INDRE
LES OUBEAUX;49.2846754884, -1.05251610264;CALVADOS
GRAISSESSAC;43.6862996463, 3.08522636762;HERAULT
BARBERY;49.2222684941, 2.67330860939;OISE
PROISSANS;44.9314130626, 1.24431944303;DORDOGNE
SOURAIDE;43.3438919475, -1.48818031049;PYRENEES ATLANTIQUES
ST JEAN DE VERGES;43.0129896461, 1.63277165832;ARIEGE
LA GRANDVILLE;49.7864206755, 4.80382569831;ARDENNES
OLLIERES;43.5101955138, 5.81646293354;VAR
RACRANGE;48.9251200829, 6.67898076184;MOSELLE
MARGNY SUR MATZ;49.5293175273, 2.77915218245;OISE
FONTANES;43.8315622077, 4.09323827432;GARD
CIRAN;47.0515428726, 0.873159518257;INDRE ET LOIR
VILLAINES LA CARELLE;48.3873561577, 0.294814588667;SARTHE
SOUCY;48.2508138819, 3.32683528652;YONNE
IPPECOURT;49.0379722386, 5.2114576271;MEUSE
KUTZENHAUSEN;48.9388573117, 7.8491381943;BAS RHIN
ST MICHEL;43.4314884604, 0.405781062799;GERS
COULOMBS;49.2487073696, -0.568008824876;CALVADOS
MEGANGE;49.2240160777, 6.43649768125;MOSELLE
REIMS LA BRULEE;48.7216063085, 4.66793528602;MARNE
CONCORET;48.0658877259, -2.2085337227;MORBIHAN
PONT;47.1789967649, 5.32490570486;COTE D OR
VILLADIN;48.316863996, 3.69033893209;AUBE
PORTEL DES CORBIERES;43.0517396235, 2.9064611409;AUDE
TALLER;43.8849394587, -1.06224013278;LANDES
THIEBAUMENIL;48.5791590332, 6.62983158835;MEURTHE ET MOSELLE
ESCLAINVILLERS;49.6903222746, 2.39899082941;SOMME
JOSAT;45.214081059, 3.61014506252;HAUTE LOIRE
ANNAY SUR SEREIN;47.728708318, 3.96334270407;YONNE
LA FAUTE SUR MER;46.3199919131, -1.31487049579;VENDEE
ST GERMAIN DE LONGUE CHAUME;46.7190274409, -0.345105343999;DEUX SEVRES
IRODOUER;48.246152189, -1.95021443067;ILE ET VILAINE
FERRIERES;46.2293761837, -0.854091719945;CHARENTE MARITIME
ST GEORGES;44.4415435954, 0.927467853868;LOT ET GARONNE
JUJOLS;42.5835759835, 2.28439855065;PYRENEES ORIENTALES
ORELLE;45.1983416758, 6.56055750586;SAVOIE
BAZAC;45.2211222947, 0.0368876406088;CHARENTE
JOUE LES TOURS;47.333556074, 0.654546300116;INDRE ET LOIR
SEM;42.756066889, 1.52380971071;ARIEGE
MELESSE;48.2193069814, -1.68950220558;ILE ET VILAINE
BLANGERVAL BLANGERMONT;50.3244181723, 2.22103571725;PAS DE CALAIS
LA QUEUE LES YVELINES;48.8027893482, 1.76744000641;YVELINES
SOLIGNAC;45.7548854905, 1.25753601348;HAUTE VIENNE
LA COQUILLE;45.5444015671, 0.965624918469;DORDOGNE
BROISSIA;46.3562943901, 5.43285662397;JURA
PONLAT TAILLEBOURG;43.1122469519, 0.596250257433;HAUTE GARONNE
GUESNES;46.9083772846, 0.149597143414;VIENNE
BOURDALAT;43.8313755668, -0.215429089042;LANDES
LA SELLE EN COGLES;48.438498732, -1.33753495005;ILE ET VILAINE
CIVRIEUX;45.922467454, 4.88633786877;AIN
MURASSON;43.7612201142, 2.7618005022;AVEYRON
SAUJON;45.6754417186, -0.936728980856;CHARENTE MARITIME
SAVEUSE;49.8961064636, 2.20932519977;SOMME
PINS JUSTARET;43.4824421099, 1.3908759872;HAUTE GARONNE
ST FELIX;46.0937313231, -0.603804881739;CHARENTE MARITIME
BRUNET;43.8858785364, 6.03257536276;ALPES DE HAUTE PROVENCE
ST GERMAIN DES FOSSES;46.1959477042, 3.42997700831;ALLIER
WALLERS EN FAGNE;50.0613544764, 4.16718008292;NORD
ST MEDARD;43.1279328129, 0.829383630531;HAUTE GARONNE
ONTEX;45.7490416401, 5.82274502837;SAVOIE
VILLERS LE SEC;48.6244341706, 5.29962310593;MEUSE
ST GERMAIN EN BRIONNAIS;46.3465365136, 4.25107234474;SAONE ET LOIRE
MAIRY MAINVILLE;49.3047502382, 5.85538054793;MEURTHE ET MOSELLE
ABONCOURT;49.2565158648, 6.35416455836;MOSELLE
ECHASSIERES;46.1956641038, 2.94596916837;ALLIER
RADINGHEM EN WEPPES;50.6281404058, 2.89866058213;NORD
GUERNY;49.2248519011, 1.67988249527;EURE
LE PARC;48.7713169182, -1.29851023982;MANCHE
PALAIRAC;42.9574272598, 2.65821174317;AUDE
VALIGNY;46.7156221865, 2.82039123195;ALLIER
FRIERES FAILLOUEL;49.6835552621, 3.23680430341;AISNE
AGEVILLE;48.1124478437, 5.3380981717;HAUTE MARNE
ASSON;43.0932345158, -0.24942324617;PYRENEES ATLANTIQUES
CHAMBORIGAUD;44.299833692, 3.96212811106;GARD
LA REOLE;44.5860904495, -0.042370404021;GIRONDE
LANTOSQUE;43.9706457549, 7.30485730116;ALPES MARITIMES
PUY DU LAC;45.9446549466, -0.753552985644;CHARENTE MARITIME
ANNOISIN CHATELANS;45.7607896686, 5.29198081726;ISERE
HAUTELUCE;45.7639265553, 6.61481598841;SAVOIE
ST JULIEN DU TOURNEL;44.4951981731, 3.67969267896;LOZERE
CONDEZAYGUES;44.4875096841, 0.909054769911;LOT ET GARONNE
SEINGBOUSE;49.1079438712, 6.83222968228;MOSELLE
PLACY MONTAIGU;49.030987332, -0.893388943271;MANCHE
ROYAN;45.6346574238, -1.01791403375;CHARENTE MARITIME
WILLIERS;49.6689882863, 5.30073584121;ARDENNES
COUTANSOUZE;46.205276583, 3.00755651899;ALLIER
PRUGNY;48.2473913847, 3.94199151664;AUBE
BOISSISE LA BERTRAND;48.5339084489, 2.58950755763;SEINE ET MARNE
MONTHERME;49.8995880396, 4.74792062514;ARDENNES
MESNIL CLINCHAMPS;48.8459218645, -0.982343394093;CALVADOS
ST JORY LAS BLOUX;45.3421390696, 0.9470147152;DORDOGNE
CAMPSEGRET;44.9423167258, 0.567665908192;DORDOGNE
ST FRANCOIS LACROIX;49.3461045283, 6.44828141175;MOSELLE
REICHSFELD;48.3632176114, 7.38013240259;BAS RHIN
ST CLEMENT;44.9499994905, 4.26018660775;ARDECHE
BRETONCELLES;48.4358447093, 0.900700483444;ORNE
LANSAC;43.221317061, 0.17215713947;HAUTES PYRENEES
MIGNALOUX BEAUVOIR;46.5483807431, 0.415961339413;VIENNE
REAUP LISSE;44.1005390753, 0.210196910865;LOT ET GARONNE
MOREE;47.9158762496, 1.24887473197;LOIR ET CHER
AVIGNON LES ST CLAUDE;46.4011757711, 5.84079043463;JURA
MONTIRON;43.5877135301, 0.856761805705;GERS
ST LEGER DE MONTBRUN;46.989216133, -0.130757727063;DEUX SEVRES
VILLERS ECALLES;49.5351967025, 0.926845120481;SEINE MARITIME
ST HILAIRE EN LIGNIERES;46.7380344095, 2.13022589921;CHER
CUTRY;49.3442753875, 3.19127169549;AISNE
CAMPLONG;43.6898005202, 3.11179486832;HERAULT
LUTILHOUS;43.1342737779, 0.326800783392;HAUTES PYRENEES
WINGEN;49.0391731666, 7.81446231798;BAS RHIN
ST SULPICE DE POMMIERS;44.6759704977, -0.113677268299;GIRONDE
CHEMIN D AISEY;47.7323713365, 4.55214602407;COTE D OR
LEMBRAS;44.8921699535, 0.521484527262;DORDOGNE
IGORNAY;47.0569683621, 4.37872566745;SAONE ET LOIRE
RONGERES;46.2976179231, 3.4520098944;ALLIER
ST PAUL;45.2063786861, 1.89796054696;CORREZE
LE MESNIL SUR BLANGY;49.2595243271, 0.261073976764;CALVADOS
LANTAN;46.9047420149, 2.66151003852;CHER
OUDEZEELE;50.8399999116, 2.51032290122;NORD
CAPPEL;49.0759225608, 6.84355366565;MOSELLE
LA BASTIDE SUR L HERS;42.9509022615, 1.89982042742;ARIEGE
ST LAURENT DE BELZAGOT;45.3818205096, 0.108525623697;CHARENTE
BAY;47.2949169837, 5.71604636677;HAUTE SAONE
DURRENBACH;48.8992737853, 7.76279300097;BAS RHIN
GIEL COURTEILLES;48.7650250908, -0.208008269332;ORNE
PEYRELONGUE ABOS;43.4185756604, -0.101559098685;PYRENEES ATLANTIQUES
BOREE;44.8950782143, 4.22692375234;ARDECHE
PADERN;42.8691333738, 2.6512224935;AUDE
DARMANNES;48.1680388839, 5.22269064305;HAUTE MARNE
BARBERY;49.0142202148, -0.345317052278;CALVADOS
LE PLESSIS TREVISE;48.8060154583, 2.57619846918;VAL DE MARNE
ABAUCOURT HAUTECOURT;49.1969606553, 5.54868808043;MEUSE
VORGES;49.5175796033, 3.65105369026;AISNE
OEUF EN TERNOIS;50.3630160601, 2.21206291553;PAS DE CALAIS
HESTRUD;50.2030928421, 4.13978408262;NORD
FONTENAY SUR CONIE;48.1656552776, 1.68239888522;EURE ET LOIR
ST MERD DE LAPLEAU;45.248513057, 2.09602630818;CORREZE
THENAC;44.7458412342, 0.354889717281;DORDOGNE
AZERAILLES;48.4972745986, 6.6948706717;MEURTHE ET MOSELLE
LAVOUTE SUR LOIRE;45.1201169543, 3.90303538058;HAUTE LOIRE
LES PRES;44.5345063882, 5.57603358262;DROME
LA BATIE VIEILLE;44.5553227405, 6.15570739329;HAUTES ALPES
BLESME;48.7322244042, 4.77715801079;MARNE
FONTAINES ST CLAIR;49.3664401834, 5.24637974366;MEUSE
CRACH;47.6301210908, -3.00077657572;MORBIHAN
PARPEVILLE;49.7943758027, 3.56422835389;AISNE
LAMBLORE;48.6259517253, 0.915645729308;EURE ET LOIR
DROIZY;49.2773564352, 3.38965007811;AISNE
SICCIEU ST JULIEN ET CARISIEU;45.7304007028, 5.31489253784;ISERE
PRADELLES;50.7340517429, 2.60269224096;NORD
ST SULPICE;49.3492908609, 2.12271497289;OISE
PAROY;47.0354181237, 5.8834858808;DOUBS
GRANDCHAMP;47.7230166407, 5.44612862714;HAUTE MARNE
GEMIL;43.7390147281, 1.59616914343;HAUTE GARONNE
AUENHEIM;48.8090909724, 8.01736090911;BAS RHIN
LORGUES;43.4814630298, 6.35892744946;VAR
GENTELLES;49.8451742087, 2.45055227862;SOMME
COURS;44.5237046868, 1.53038009913;LOT
LUISANT;48.4232173062, 1.46928323877;EURE ET LOIR
ARBIGNY SOUS VARENNES;47.860574645, 5.610752246;HAUTE MARNE
EANCE;47.8237855193, -1.25227628941;ILE ET VILAINE
LA CROIX COMTESSE;46.0824925841, -0.504784352089;CHARENTE MARITIME
BENESSE MAREMNE;43.6346135825, -1.36478553572;LANDES
VENISE;47.3499226615, 6.11345012494;DOUBS
LA BROQUE;48.4601655449, 7.17283025504;BAS RHIN
AYNAC;44.7879676429, 1.85677368836;LOT
DIEMERINGEN;48.9440361875, 7.2036576979;BAS RHIN
ST POL DE LEON;48.6727716649, -3.98863587243;FINISTERE
BEUZEVILLE LA BASTILLE;49.3525650943, -1.36515881519;MANCHE
BERTANGLES;49.9733253681, 2.29150476832;SOMME
BLAINCOURT SUR AUBE;48.3814393214, 4.45229884656;AUBE
BOIS DE CENE;46.9479643351, -1.89668693466;VENDEE
SIVERGUES;43.8229667306, 5.41627509912;VAUCLUSE
BRANNE;44.8281852222, -0.180276839156;GIRONDE
ST ONEN LA CHAPELLE;48.1695046488, -2.1556915013;ILE ET VILAINE
BATZ SUR MER;47.2844487793, -2.474374647;LOIRE ATLANTIQUE
CONCHES SUR GONDOIRE;48.8575681036, 2.71923246791;SEINE ET MARNE
AVELUY;50.0311586735, 2.66043117023;SOMME
BEHAGNIES;50.1420610157, 2.8275098552;PAS DE CALAIS
ST BONNET LE FROID;45.143785338, 4.43283781114;HAUTE LOIRE
MONTSURS;48.1342883147, -0.552017747624;MAYENNE
ATHIES;49.856991186, 2.97748073745;SOMME
ST PIERRE CHERIGNAT;45.9598091677, 1.61399219926;CREUSE
ST GEORGES LAGRICOL;45.3036551402, 3.88836615913;HAUTE LOIRE
LES SALLES LAVAUGUYON;45.7440613913, 0.693496428456;HAUTE VIENNE
SAUSSENAC;43.9932298671, 2.2548403386;TARN
AILLY;49.1575246748, 1.24431447068;EURE
ST SORNIN;46.4116980303, 3.00356131793;ALLIER
BEAUVEZER;44.1439752737, 6.5977277471;ALPES DE HAUTE PROVENCE
ST MARC JAUMEGARDE;43.5561849254, 5.52206993794;BOUCHES DU RHONE
SOCOURT;48.3963161508, 6.24974565871;VOSGES
QUELNEUC;47.8353968876, -2.06653226615;MORBIHAN
EQUIRRE;50.4795228175, 2.23471114879;PAS DE CALAIS
SCYE;47.6584667551, 6.0572353758;HAUTE SAONE
DOUNOUX;48.1074042749, 6.43956295343;VOSGES
LOSSE;44.09500776, -0.0901039836208;LANDES
PONT DE LARN;43.5308469607, 2.40980470346;TARN
LOUBEYRAT;45.9367572324, 3.00677386083;PUY DE DOME
VENTEROL;44.4423460092, 6.0873850138;ALPES DE HAUTE PROVENCE
VILLE SUR ANCRE;49.9543257069, 2.61358253822;SOMME
LE THUIT;49.2597517999, 1.367256434;EURE
BROGNARD;47.5276797579, 6.86515531674;DOUBS
ROCOURT ST MARTIN;49.1453872803, 3.3891401292;AISNE
POURCY;49.1497686357, 3.90663695027;MARNE
CHASSIEU;45.7376148968, 4.96172914286;RHONE
FRETIGNY;48.3640025075, 1.0070715112;EURE ET LOIR
LOUDENVIELLE;42.7300216017, 0.432583717897;HAUTES PYRENEES
VELLUIRE;46.3973858732, -0.885083606793;VENDEE
VILLETELLE;43.7241089039, 4.1368883121;HERAULT
PLANCHERINE;45.6784892181, 6.2941466119;SAVOIE
LADIRAT;44.8212245702, 1.96821823356;LOT
QUINCY LE VICOMTE;47.6174690195, 4.23973284667;COTE D OR
MARLY GOMONT;49.8913737841, 3.7849871912;AISNE
DRUCOURT;49.116516097, 0.459175546757;EURE
LANGATTE;48.7621753199, 6.95886930776;MOSELLE
SEBONCOURT;49.9626066437, 3.49425998163;AISNE
ST BLIN;48.2512823872, 5.41681321098;HAUTE MARNE
FERE EN TARDENOIS;49.1875000917, 3.51106425515;AISNE
CHELIEU;45.5077827268, 5.48032836102;ISERE
TREIZE SEPTIERS;46.9975586143, -1.23193361154;VENDEE
STE CROIX DU VERDON;43.7642821493, 6.15158882357;ALPES DE HAUTE PROVENCE
NOYELLES GODAULT;50.4179672705, 2.99358335607;PAS DE CALAIS
ST ANDRE D OLERARGUES;44.1653858318, 4.4963265641;GARD
CHARETTE VARENNES;46.9006196221, 5.19727816775;SAONE ET LOIRE
BONNAT;46.3230193342, 1.91345063136;CREUSE
LE PETIT MERCEY;47.1961202234, 5.74312951323;JURA
ST HIPPOLYTE DE MONTAIGU;44.033439579, 4.49431949045;GARD
PUYGIRON;44.5400904645, 4.85331314988;DROME
HARQUENCY;49.2494239305, 1.49992266549;EURE
MERENS LES VALS;42.6279300711, 1.83436205641;ARIEGE
VILLERS VAUDEY;47.6735158749, 5.75631215452;HAUTE SAONE
LA VACQUERIE;49.092081743, -0.855715721102;CALVADOS
EYROLES;44.417094329, 5.24106129822;DROME
ST MARTORY;43.1434206034, 0.936747778684;HAUTE GARONNE
ST SEVERIN;45.3109814226, 0.245248838194;CHARENTE
MARLES EN BRIE;48.7249445304, 2.88847597866;SEINE ET MARNE
ESSIGNY LE PETIT;49.8961825414, 3.36742260207;AISNE
POISEUL LA VILLE ET LAPERRIERE;47.5699836945, 4.66438928448;COTE D OR
LAVAL DU TARN;44.3736109677, 3.34460539469;LOZERE
MESNIL MARTINSART;50.0476233415, 2.6395201945;SOMME
VAUX VILLAINE;49.7691050274, 4.4726961277;ARDENNES
LIGNEROLLES;48.8447224599, 1.27333667286;EURE
ST YON;48.5610752043, 2.19243577473;ESSONNE
FLEIGNEUX;49.7761707649, 4.96364089015;ARDENNES
DIEVAL;50.4365599827, 2.44830895254;PAS DE CALAIS
BELLOU EN HOULME;48.6910303266, -0.444104849045;ORNE
BUIRE AU BOIS;50.2633672835, 2.15308709023;PAS DE CALAIS
DREUIL LES AMIENS;49.915981632, 2.22637033069;SOMME
MAHALON;48.0273634035, -4.41897227168;FINISTERE
TAVERNY;49.0267316203, 2.22116067166;VAL D OISE
CHAMPCEVRAIS;47.756125263, 2.97843674082;YONNE
LE GUISLAIN;48.971687343, -1.21557798635;MANCHE
SEPTFONDS;44.1765759652, 1.61739308656;TARN ET GARONNE
TOURS SUR MARNE;49.0525282676, 4.12927337739;MARNE
BENAMENIL;48.5644531096, 6.66195339245;MEURTHE ET MOSELLE
ST JULIEN D EYMET;44.7219746526, 0.434660918306;DORDOGNE
LA FERTE VILLENEUIL;47.9839726431, 1.34319975365;EURE ET LOIR
SEIGNELAY;47.9021528321, 3.59422336095;YONNE
ST VICTOR DE MORESTEL;45.7025522178, 5.49814056561;ISERE
PEAULT;46.502029199, -1.22708559855;VENDEE
TRELLY;48.9606378787, -1.4175703278;MANCHE
ST AUBIN DE BRANNE;44.8109316671, -0.168129040807;GIRONDE
ST PIERRE ST JEAN;44.4825896332, 4.10164484089;ARDECHE
VERNEIGES;46.2641701184, 2.34076152374;CREUSE
STE AGATHE;45.8212374629, 3.62274798435;PUY DE DOME
ST CIRGUES;45.1344047659, 3.38998443053;HAUTE LOIRE
CORME ECLUSE;45.6322589932, -0.864025818728;CHARENTE MARITIME
MAUSSAC;45.4704291606, 2.12678268861;CORREZE
RESIGNY;49.7413860683, 4.21000271409;AISNE
BAILLEUL LES PERNES;50.5078665231, 2.3803188111;PAS DE CALAIS
SOUCHEZ;50.388730428, 2.74349744668;PAS DE CALAIS
ANNEPONT;45.8451541952, -0.606940524552;CHARENTE MARITIME
PORCIEU AMBLAGNIEU;45.8376455099, 5.3925679772;ISERE
MALBRANS;47.1237345308, 6.08899892431;DOUBS
SAULNES;49.5293904249, 5.82642469537;MEURTHE ET MOSELLE
ERAINES;48.9048554681, -0.157109731827;CALVADOS
EVAUX LES BAINS;46.168925905, 2.49933110004;CREUSE
RUDEAU LADOSSE;45.490529686, 0.533061381093;DORDOGNE
POSES;49.299571684, 1.24071359731;EURE
ST PERAVY LA COLOMBE;48.0029552851, 1.69290201478;LOIRET
SENOVILLE;49.4292326453, -1.77035371165;MANCHE
COULONVILLERS;50.1533593307, 2.01779110605;SOMME
CHARNOZ SUR AIN;45.8736786869, 5.2211032563;AIN
CHAUMONT DEVANT DAMVILLERS;49.309821487, 5.43117741433;MEUSE
ST ANTOINE D AUBEROCHE;45.1402647504, 0.942192426763;DORDOGNE
MARQUILLIES;50.5507925122, 2.86815833452;NORD
LOUVENNE;46.4334398864, 5.4778454951;JURA
LE BOSC;42.9329534185, 1.44571486476;ARIEGE
ROCLINCOURT;50.3298536154, 2.78984756836;PAS DE CALAIS
CHATEAUNEUF D ENTRAUNES;44.1639701619, 6.83506555715;ALPES MARITIMES
ST CHRISTOPHE EN CHAMPAGNE;47.9638649026, -0.137657502688;SARTHE
ST MARTIN DU FRENE;46.135983782, 5.57106016428;AIN
LOUCHES;50.8268079904, 1.99961507698;PAS DE CALAIS
ST THIEBAULT;48.2003690234, 5.57648587847;HAUTE MARNE
FRESNE LEGUILLON;49.2509113423, 1.98912391608;OISE
IS EN BASSIGNY;48.0343615527, 5.44661296465;HAUTE MARNE
LAVOINE;45.9741706627, 3.68733506061;ALLIER
ALLENJOIE;47.5354537745, 6.8931467059;DOUBS
ST MARTIN LES SEYNE;44.3827202732, 6.2555532059;ALPES DE HAUTE PROVENCE
ST LAURENT SUR MER;49.3577049946, -0.876012116729;CALVADOS
FIGNIERES;49.6803491005, 2.58545736222;SOMME
PARIS 18;48.8927350746, 2.34871193387;PARIS
CHEVRY EN SEREINE;48.2486077465, 2.96038387712;SEINE ET MARNE
VILLIERS SUR CHIZE;46.0980469832, -0.30373228125;DEUX SEVRES
PREVAL;48.2266918238, 0.619955132757;SARTHE
AIBRE;47.5518330621, 6.69787276239;DOUBS
CROIXANVEC;48.1350238881, -2.86804560575;MORBIHAN
PUYSSEGUR;43.7519671546, 1.06615759128;HAUTE GARONNE
ORTONCOURT;48.3681665513, 6.50942324126;VOSGES
ROZOY BELLEVALLE;48.9244622578, 3.45003603667;AISNE
BOUGNEAU;45.600075653, -0.505955746131;CHARENTE MARITIME
ST AUBIN LES ELBEUF;49.3031255022, 1.01820601482;SEINE MARITIME
MONTCLERA;44.6203221327, 1.19833953446;LOT
LA LOUBIERE;44.3909930617, 2.65068486955;AVEYRON
ORSENNES;46.4793175378, 1.69542411224;INDRE
EPINAY SUR ORGE;48.672618112, 2.31834586071;ESSONNE
BOSSEY;46.1500584591, 6.17275446607;HAUTE SAVOIE
QUEUILLE;45.9728708366, 2.83726186484;PUY DE DOME
LE ROULIER;48.1735701591, 6.61592028644;VOSGES
ST URCISSE;43.9335030171, 1.60695307526;TARN
SOST;42.8971814705, 0.554911945456;HAUTES PYRENEES
COUPIAC;43.947128591, 2.59314085517;AVEYRON
THIEUX;49.5437985165, 2.30999977831;OISE
ECHENON;47.1196116033, 5.286880332;COTE D OR
LAROQUE DES ALBERES;42.5116805013, 2.93303085148;PYRENEES ORIENTALES
ARGENTON;44.3845067186, 0.0666936093106;LOT ET GARONNE
BOUGY;49.1086067044, -0.522373258036;CALVADOS
CASTRES;49.8013894137, 3.25325245088;AISNE
BRACHY;49.8165894771, 0.948902356331;SEINE MARITIME
LABALME;46.0932491295, 5.49438685213;AIN
VATHIMENIL;48.5048003013, 6.61472207285;MEURTHE ET MOSELLE
LATRONQUIERE;44.8008999113, 2.07093870837;LOT
NIVILLAC;47.5405533272, -2.24923467173;MORBIHAN
BOIS GRENIER;50.6487129112, 2.87274435291;NORD
CLEGUEREC;48.1278326906, -3.0634223364;MORBIHAN
NERONDE;45.8360580562, 4.23058831333;LOIRE
LA GREE ST LAURENT;48.0015062155, -2.5032399429;MORBIHAN
MARS SOUS BOURCQ;49.4008386029, 4.64097483841;ARDENNES
MECE;48.2407410676, -1.28545546756;ILE ET VILAINE
PAJAY;45.3585074391, 5.12972839303;ISERE
BURE;48.5093297187, 5.34677594949;MEUSE
PARIS 04;48.854228282, 2.35736193814;PARIS
VILLEDAIGNE;43.2113999899, 2.85510092401;AUDE
PAULHAN;43.5382461437, 3.45878001705;HERAULT
RAYET;44.6694271783, 0.76939339875;LOT ET GARONNE
ANDE;49.2280273549, 1.24535712004;EURE
RONCHIN;50.6044738955, 3.09168585537;NORD
LA VILLE AUX BOIS LES PONTAVERT;49.4265972983, 3.85108262844;AISNE
BEAUDEAN;42.9933681218, 0.137569111909;HAUTES PYRENEES
SARCOS;43.3702423264, 0.681801871432;GERS
VAUCELLES ET BEFFECOURT;49.5206900038, 3.55877460724;AISNE
MONTIGNY;48.1085281835, 2.1130722211;LOIRET
LA PACAUDIERE;46.1848662423, 3.88005761466;LOIRE
RUPT DEVANT ST MIHIEL;48.8850341422, 5.40109789376;MEUSE
AUGNE;45.7719200606, 1.70058013967;HAUTE VIENNE
BLANGY LE CHATEAU;49.246735105, 0.283212958407;CALVADOS
PROIX;49.9022161869, 3.57346862626;AISNE
ARREAU;42.9142857296, 0.338038988881;HAUTES PYRENEES
ESCOURCE;44.1659417112, -1.04071046156;LANDES
FISMES;49.3059837243, 3.6791731942;MARNE
MAISNIERES;50.0146470358, 1.6091770651;SOMME
QUARRE LES TOMBES;47.3577712365, 4.00357546154;YONNE
SAVENNES;46.1090525957, 1.88611350462;CREUSE
LAUNSTROFF;49.4349332995, 6.50065230203;MOSELLE
OBERDORFF;49.274217248, 6.58132683065;MOSELLE
ST MARTIAL DE VITATERNE;45.4626102999, -0.430235388703;CHARENTE MARITIME
RANGUEVAUX;49.2956996055, 6.05513226147;MOSELLE
ST MEDARD D AUNIS;46.1592023268, -0.967137851085;CHARENTE MARITIME
VAUXREZIS;49.4205077489, 3.27709335238;AISNE
BUDELIERE;46.2207179959, 2.47512106932;CREUSE
PAGEAS;45.6827360451, 1.01676119087;HAUTE VIENNE
ST REMY DU NORD;50.2280842932, 3.90173812805;NORD
NEUF EGLISE;46.0981305257, 2.86846423252;PUY DE DOME
ALLEX;44.7665515552, 4.91520351074;DROME
HAUTTEVILLE BOCAGE;49.4282916342, -1.46687598255;MANCHE
TROUVANS;47.4202800543, 6.34806537347;DOUBS
SIMIANE COLLONGUE;43.411551859, 5.43796924424;BOUCHES DU RHONE
ROMIGUIERES;43.8174606939, 3.23863631035;HERAULT
TAILLET;42.5171359573, 2.67866498314;PYRENEES ORIENTALES
FICHEUX;50.2258571465, 2.74623560668;PAS DE CALAIS
PAZIOLS;42.8544727746, 2.7156141334;AUDE
MAILLY SUR SEILLE;48.9178459564, 6.25112851262;MEURTHE ET MOSELLE
LA PENNE SUR HUVEAUNE;43.2772079729, 5.51850914394;BOUCHES DU RHONE
CHARMES ST VALBERT;47.7316041443, 5.70856900371;HAUTE SAONE
MAGSTATT LE BAS;47.6388902604, 7.41296468612;HAUT RHIN
LIMOUSIS;43.3274801411, 2.40460608517;AUDE
MAZIERES NARESSE;44.6558763266, 0.707696576814;LOT ET GARONNE
ROUESSE FONTAINE;48.3186762666, 0.147946893872;SARTHE
ECOMMOY;47.8249669123, 0.284900847455;SARTHE
PERTUIS;43.6872357464, 5.52052480281;VAUCLUSE
LE POIZAT LALLEYRIAT;46.1479592076, 5.71829194244;AIN
SEGONZAC;45.2018222099, 0.438933354109;DORDOGNE
CROIX MARE;49.5978176144, 0.837058838818;SEINE MARITIME
ST AUBIN SUR YONNE;47.999800087, 3.36292416185;YONNE
MOULINS ENGILBERT;46.9731661302, 3.81182294166;NIEVRE
COESMES;47.8725233348, -1.41640449384;ILE ET VILAINE
LES ANGLES;42.5797574108, 2.05268528008;PYRENEES ORIENTALES
CHAULIEU;48.7475664246, -0.860916100149;MANCHE
SELLES ST DENIS;47.3757781053, 1.90655896666;LOIR ET CHER
JUSSECOURT MINECOURT;48.7925796867, 4.78085431604;MARNE
PUCHEVILLERS;50.0550288029, 2.41064200823;SOMME
ETUPES;47.5062197763, 6.87353312717;DOUBS
MARCHESEUIL;47.1449732022, 4.37213113513;COTE D OR
POMMEREUX;49.6098738401, 1.63085932731;SEINE MARITIME
LES AUTHIEUX;48.898268785, 1.23438595727;EURE
LEFFARD;48.9163712497, -0.297239121567;CALVADOS
APCHON;45.24485231, 2.69776842052;CANTAL
GRIGNONCOURT;47.9603456501, 5.90603737866;VOSGES
POLASTRON;43.3196170581, 0.951660805068;HAUTE GARONNE
STE LUCE;44.8504153429, 5.90543846045;ISERE
ST BERAIN SUR DHEUNE;46.8165810334, 4.61430858653;SAONE ET LOIRE
BOSSET;44.9518343801, 0.362233138174;DORDOGNE
THORIGNE EN CHARNIE;48.005707604, -0.359572558274;MAYENNE
ST AVRE;45.3494291274, 6.3154898666;SAVOIE
GRAINCOURT LES HAVRINCOURT;50.1424794757, 3.09706084719;PAS DE CALAIS
PAILHEROLS;44.9569851027, 2.704502835;CANTAL
MAINVILLIERS;48.4625411561, 1.44581970225;EURE ET LOIR
EPPEVILLE;49.737763833, 3.04903557364;SOMME
ST CAST LE GUILDO;48.6037155601, -2.24912296088;COTES D ARMOR
ST JEAN DES ECHELLES;48.1309646826, 0.733209725788;SARTHE
ESSE;46.0262718319, 0.720395594442;CHARENTE
BOISSY LE BOIS;49.278858787, 1.94117700611;OISE
REVIN;49.9343612918, 4.69218802167;ARDENNES
FRIVILLE ESCARBOTIN;50.0860775469, 1.54350789133;SOMME
ROZES;43.8014785166, 0.360397755072;GERS
LE CLOITRE PLEYBEN;48.2580934437, -3.89646330855;FINISTERE
PLOURAY;48.1343832686, -3.37547839068;MORBIHAN
MAZEROLLES;43.443213137, -0.478568880464;PYRENEES ATLANTIQUES
MOLEDES;45.2669112637, 3.04292536589;CANTAL
LAUCOURT;49.6715986879, 2.76264234534;SOMME
GAJAC;44.4363899327, -0.134945962959;GIRONDE
FELON;47.7062610634, 6.98051528131;TERRITOIRE DE BELFORT
BEAUVOISIN;43.6962644399, 4.32219796472;GARD
CUSSAY;47.0190077261, 0.768935236733;INDRE ET LOIR
HAUT BOCAGE;46.4928636302, 2.65852361334;ALLIER
BROIN;47.0864209474, 5.10439169166;COTE D OR
VERNANCOURT;48.8516215288, 4.83179693678;MARNE
PRUNET;43.572419221, 1.72976428437;HAUTE GARONNE
TREVENANS;47.5667104538, 6.86855180089;TERRITOIRE DE BELFORT
RUPEREUX;48.6426005299, 3.32681043883;SEINE ET MARNE
EUFFIGNEIX;48.1285952384, 5.04441346885;HAUTE MARNE
VERNIE;48.1820114335, 0.0183634956199;SARTHE
ALBEPIERRE BREDONS;45.0773628092, 2.82044100103;CANTAL
LE GREZ;48.189214849, -0.15566536803;SARTHE
PEONE;44.1299250439, 6.92098583862;ALPES MARITIMES
ROMAGNAT;45.7210583634, 3.08824671856;PUY DE DOME
TRESSERVE;45.6743249574, 5.88968226158;SAVOIE
MOIRANS EN MONTAGNE;46.4388080084, 5.73795329823;JURA
STE MARGUERITE DE VIETTE;49.0119936332, 0.0881323201564;CALVADOS
SAVENES;43.830592054, 1.18506891098;TARN ET GARONNE
OCTEVILLE SUR MER;49.558902232, 0.11790804118;SEINE MARITIME
TRINAY;48.0843446656, 1.95253961783;LOIRET
LA PORCHERIE;45.5761961108, 1.54671471269;HAUTE VIENNE
THEIL RABIER;46.0558979641, 0.044130741302;CHARENTE
PORT DE BOUC;43.4233518835, 4.99266322339;BOUCHES DU RHONE
MOULHARD;48.2126188689, 1.01237475524;EURE ET LOIR
ST MICHEL DE CASTELNAU;44.289942196, -0.0867837653969;GIRONDE
OMPS;44.880430829, 2.26818388104;CANTAL
LES ORRES;44.4850666477, 6.57973142216;HAUTES ALPES
BEAUMONT LES VALENCE;44.8734831183, 4.9471828168;DROME
ARDIEGE;43.0667699712, 0.64401533309;HAUTE GARONNE
CAUDIES DE FENOUILLEDES;42.8195033862, 2.37751985492;PYRENEES ORIENTALES
ST ANDRE;43.2742895266, 0.847168180191;HAUTE GARONNE
FAINS;48.99686242, 1.38487242468;EURE
MAGNE;46.3095905952, -0.558467673528;DEUX SEVRES
LAGARDE D APT;43.9838729786, 5.48164417071;VAUCLUSE
VION;47.8146942645, -0.264230208564;SARTHE
LAMANON;43.704757813, 5.0886270398;BOUCHES DU RHONE
ST MARTIN LARS EN STE HERMINE;46.5970244335, -0.976384286709;VENDEE
BLECOURT;50.2175061105, 3.21286001901;NORD
VIGEVILLE;46.1599934316, 2.07290602418;CREUSE
JESONVILLE;48.126377839, 6.11393136453;VOSGES
ST VINCENT LE PALUEL;44.8833667708, 1.27542467394;DORDOGNE
ST TRICAT;50.8926601154, 1.82664044658;PAS DE CALAIS
JOUY;48.5156020381, 1.54597077528;EURE ET LOIR
ST PE ST SIMON;44.0026069036, 0.0935459187354;LOT ET GARONNE
MANSIGNE;47.7413528401, 0.133663213026;SARTHE
MORAND;47.5634515197, 1.0077505003;INDRE ET LOIR
ESPARROS;43.0106422066, 0.306373964745;HAUTES PYRENEES
CEYRAT;45.7385665795, 3.06427177861;PUY DE DOME
TREMEREUC;48.5608248662, -2.06398861728;COTES D ARMOR
BONNEIL;49.0082419817, 3.3459478468;AISNE
BIGANOS;44.6611063153, -0.948829442283;GIRONDE
AMBRIERES;48.629003135, 4.82923701475;MARNE
HAGEN;49.4968460062, 6.16553316474;MOSELLE
ST FIRMIN;48.4251143645, 6.13660869738;MEURTHE ET MOSELLE
RIVAS;45.5885484014, 4.25049605154;LOIRE
RELY;50.5758856261, 2.36150772557;PAS DE CALAIS
COUPRAY;47.9771163258, 4.94022617054;HAUTE MARNE
ST VITAL;45.6265051509, 6.30021225205;SAVOIE
CHANOZ CHATENAY;46.1861812234, 5.02807719246;AIN
LA GIETTAZ;45.8738355415, 6.51022116567;SAVOIE
MERICOURT L ABBE;49.945066215, 2.56298035307;SOMME
CHENY;47.944917825, 3.53719621335;YONNE
POIVRES;48.6829849086, 4.27703317765;AUBE
MAILLOT;48.1655005137, 3.3148393225;YONNE
AUPPEGARD;49.8306826854, 1.03085104326;SEINE MARITIME
HAUTEROCHE;46.6884401125, 5.66906572619;JURA
CHEVANNES;48.1314865857, 2.85958457085;LOIRET
GUITRES;45.0431099421, -0.186650688542;GIRONDE
VAGNAS;44.3596132039, 4.34424564679;ARDECHE
BETHINES;46.5469550432, 0.976587336165;VIENNE
MANAS;44.6017015334, 4.97988711048;DROME
BOSC BORDEL;49.6049218358, 1.40929431923;SEINE MARITIME
JOUAC;46.3495733978, 1.25939888968;HAUTE VIENNE
FONTAINE SOUS JOUY;49.0644082735, 1.28056210161;EURE
VELAINE SOUS AMANCE;48.7156089379, 6.32528004772;MEURTHE ET MOSELLE
COURCHATON;47.5135728271, 6.5542014435;HAUTE SAONE
SAUBUSSE;43.6688378118, -1.18625608435;LANDES
BELBEZE EN COMMINGES;43.133868235, 1.02965888187;HAUTE GARONNE
PORT DE PILES;46.9999667755, 0.59772473181;VIENNE
SPAY;47.9251136777, 0.151021420961;SARTHE
TORCE EN VALLEE;48.1322879299, 0.39195616258;SARTHE
CHANCEAUX PRES LOCHES;47.1409474876, 0.939622446092;INDRE ET LOIR
ATHIE;47.5394434653, 3.99227435299;YONNE
SAMBIN;47.4324580301, 1.27722712969;LOIR ET CHER
NICE;43.7119992661, 7.23826889465;ALPES MARITIMES
PIERREFITTE EN CINGLAIS;48.9047122291, -0.38866024742;CALVADOS
ANSAUVILLERS;49.5672978302, 2.38642388977;OISE
OUILLY LE VICOMTE;49.1778461306, 0.215312555979;CALVADOS
ALTRIPPE;49.0273733411, 6.81555740492;MOSELLE
RION DES LANDES;43.9348192825, -0.933954728483;LANDES
HERMEVILLE EN WOEVRE;49.1775489001, 5.6019344626;MEUSE
SAUCHY CAUCHY;50.2357972637, 3.09028659809;PAS DE CALAIS
AUXERRE;47.793488225, 3.58168281761;YONNE
LAVARDAC;44.182938902, 0.301778436575;LOT ET GARONNE
FOUQUEROLLES;49.4590327609, 2.21413521512;OISE
ORGERES;47.9853322097, -1.66640026267;ILE ET VILAINE
CAUCOURT;50.3943730066, 2.57209168767;PAS DE CALAIS
ALLICHAMPS;48.5636922014, 4.88629237794;HAUTE MARNE
AIZENAY;46.7384516809, -1.62702889721;VENDEE
PUNEROT;48.4769780957, 5.81474360261;VOSGES
BREUILLET;48.5718215115, 2.16598389799;ESSONNE
ST MICHEL;45.6398574836, 0.110389548668;CHARENTE
FARAMANS;45.3879958398, 5.15388883556;ISERE
CHAMPILLET;46.5468094689, 2.10739016471;INDRE
LEVIS;47.6601955788, 3.3333881952;YONNE
NACHAMPS;46.0220340085, -0.624302957376;CHARENTE MARITIME
BOUFFIGNEREUX;49.3788374998, 3.84626014622;AISNE
BRIMONT;49.3387814946, 4.03685503885;MARNE
SENEZ;43.9224978199, 6.36903371255;ALPES DE HAUTE PROVENCE
LE DETROIT;48.8738596732, -0.345051519298;CALVADOS
MASPARRAUTE;43.3919071747, -1.08723243847;PYRENEES ATLANTIQUES
MERACQ;43.5116461311, -0.383432750249;PYRENEES ATLANTIQUES
MOY DE L AISNE;49.750274961, 3.35100553228;AISNE
CHANDON;46.1467528549, 4.20223388149;LOIRE
MOISSELLES;49.0459598728, 2.33744939306;VAL D OISE
VILLE;49.5568331597, 2.93397641263;OISE
LA GARENNE COLOMBES;48.9067577111, 2.24464604084;HAUTS DE SEINE
MARLIAC;43.2236919388, 1.47249380734;HAUTE GARONNE
BEAUZAC;45.2567472819, 4.09279084729;HAUTE LOIRE
MONTCEAUX LES VAUDES;48.148825142, 4.1578812358;AUBE
ESPLANTAS VAZEILLES;44.9033054571, 3.54670461918;HAUTE LOIRE
ST NICOLAS DE PIERREPONT;49.3204768919, -1.58266376948;MANCHE
LA CREUSE;47.6824306767, 6.3491717627;HAUTE SAONE
SAPOGNE SUR MARCHE;49.5978665854, 5.3136409637;ARDENNES
PERPEZAC LE NOIR;45.3370896874, 1.55340576295;CORREZE
ESNES;50.0953832001, 3.30848102705;NORD
DAMPIERRE SUR LINOTTE;47.5328760062, 6.24208585386;HAUTE SAONE
ST JEAN LE VIEUX;45.2076677779, 5.87763169081;ISERE
CAZAC;43.347568969, 0.952593670357;HAUTE GARONNE
MONTAGNAC MONTPEZAT;43.766525069, 6.09454805934;ALPES DE HAUTE PROVENCE
MONTILLY;46.610528559, 3.24005745558;ALLIER
TREGARVAN;48.2369590372, -4.23152835996;FINISTERE
ST VIGOR DES MONTS;48.9096722066, -1.05669811205;MANCHE
VILLIERS HERBISSE;48.6429563975, 4.122661962;AUBE
MULCEY;48.8077142021, 6.66402921027;MOSELLE
PREUILLY;47.0949322488, 2.1637576201;CHER
COLOGNAC;44.0327998105, 3.81596701649;GARD
LA ROCHE CLERMAULT;47.128052489, 0.213550560203;INDRE ET LOIR
ROMILLY SUR ANDELLE;49.3343917409, 1.25410011216;EURE
ST JEURE D AY;45.1448039852, 4.71028966691;ARDECHE
OCTON;43.6574397146, 3.29580652136;HERAULT
STE RADEGONDE;46.9906438525, -0.25058352877;DEUX SEVRES
VILLARGONDRAN;45.2527360599, 6.37903424342;SAVOIE
THORAME BASSE;44.1071929199, 6.48931325437;ALPES DE HAUTE PROVENCE
BAGNEUX;48.5571215852, 5.87679654588;MEURTHE ET MOSELLE
MELIN;47.7422930527, 5.82229333828;HAUTE SAONE
MONT ST SULPICE;47.9525719548, 3.63056586616;YONNE
MEGRIT;48.38979598, -2.26731642249;COTES D ARMOR
MOUREDE;43.8007757314, 0.288037071468;GERS
ST GERMAIN D ETABLES;49.8372754134, 1.18137897384;SEINE MARITIME
LABASTIDETTE;43.4572488277, 1.23711538242;HAUTE GARONNE
VELU;50.1007618527, 2.97411822884;PAS DE CALAIS
BRUAILLES;46.5971442892, 5.25884270547;SAONE ET LOIRE
HETOMESNIL;49.631830901, 2.04103130989;OISE
ROCHEBRUNE;44.3264290154, 5.23698675047;DROME
FOURNIVAL;49.4639491439, 2.38160769117;OISE
ANTIGNY;46.6191770822, -0.767030058653;VENDEE
ORLEAT;45.8596417494, 3.43869853549;PUY DE DOME
PONTPIERRE;49.0490255784, 6.63804894747;MOSELLE
WAVILLE;49.012026579, 5.93620450432;MEURTHE ET MOSELLE
ST JEANNET;43.758845389, 7.14073211756;ALPES MARITIMES
BAERENTHAL;48.967824812, 7.52245388571;MOSELLE
LE VAL D AJOL;47.9421994334, 6.50504695363;VOSGES
BARBIZON;48.4485166396, 2.60051335634;SEINE ET MARNE
MONCEAUX SUR DORDOGNE;45.07174218, 1.88908252368;CORREZE
SERIGNY;48.3772241823, 0.590152636294;ORNE
ALLANCHE;45.2312708319, 2.95300274076;CANTAL
CEMBOING;47.8432815911, 5.85414917354;HAUTE SAONE
GIGNAC;43.6393937216, 3.57384628868;HERAULT
PHALEMPIN;50.5128963726, 3.02222998505;NORD
MONTAINVILLE;48.8802024049, 1.85246452448;YVELINES
FUSSY;47.1409616832, 2.42597712218;CHER
COBONNE;44.7564934592, 5.07201219882;DROME
SAUBOLE;43.3105788075, -0.112194249958;PYRENEES ATLANTIQUES
WARCQ;49.1910139129, 5.64237556781;MEUSE
BALIGNAC;43.9557351784, 0.874892919974;TARN ET GARONNE
CROUY;49.4078535405, 3.36640020468;AISNE
CIZE;46.7198972063, 5.91999404872;JURA
VIBERSVILLER;48.9054943096, 6.94495240127;MOSELLE
LALEU;48.5417295562, 0.365988546618;ORNE
VILOSNES HARAUMONT;49.3370255498, 5.2447539057;MEUSE
BEARD GEOVREISSIAT;46.1896733539, 5.55139781353;AIN
JONCHERY SUR SUIPPE;49.1397315843, 4.47372094597;MARNE
MARS LA TOUR;49.0967846153, 5.88467840528;MEURTHE ET MOSELLE
LA HOGUETTE;48.8530698263, -0.160675825982;CALVADOS
COUDURES;43.6880713339, -0.5043614536;LANDES
VAUXBUIN;49.357283338, 3.29549391938;AISNE
SAUMUR;47.2673853525, -0.0830410591988;MAINE ET LOIRE
MARNEZIA;46.5759787765, 5.63640981929;JURA
LUCARRE;43.4036827051, -0.0849144725176;PYRENEES ATLANTIQUES
VIRAZEIL;44.5118708784, 0.238920831275;LOT ET GARONNE
GILLES;48.9091969133, 1.51807124557;EURE ET LOIR
BELGENTIER;43.2399564384, 5.99665900105;VAR
ALBINE;43.4439474577, 2.52811969517;TARN
VILLARS LE SEC;47.4554088507, 6.98803547043;TERRITOIRE DE BELFORT
COLOMIERS;43.611551508, 1.32700218407;HAUTE GARONNE
MESSEI;48.7140643026, -0.539204262797;ORNE
ARLES SUR TECH;42.4498186611, 2.62632454224;PYRENEES ORIENTALES
YVOIRE;46.3635082871, 6.33214094024;HAUTE SAVOIE
ST EUPHRONE;47.4668464015, 4.39181152483;COTE D OR
EPREVILLE EN LIEUVIN;49.2051733652, 0.538408171627;EURE
LANTILLY;47.5421056928, 4.37838223017;COTE D OR
MESSAC;45.3464492913, -0.313416526888;CHARENTE MARITIME
CHANGE;47.9784374731, 0.297080685865;SARTHE
SOULIGNE FLACE;47.9670341132, 0.0141635131783;SARTHE
SAVIGNE SUR LATHAN;47.4496709939, 0.326681669854;INDRE ET LOIR
CHAROLS;44.5895894991, 4.95411000129;DROME
ST CIVRAN;46.4938472391, 1.40425431776;INDRE
BUGNEIN;43.3686766215, -0.754427090491;PYRENEES ATLANTIQUES
ST MARTIN D ARROSSA;43.2283517771, -1.31623061822;PYRENEES ATLANTIQUES
MARSOLAN;43.9410871869, 0.536253009909;GERS
SOLLIES TOUCAS;43.21282693, 5.98693908648;VAR
LADAPEYRE;46.2487275281, 2.05005881672;CREUSE
VARENNES ST SAUVEUR;46.5013604889, 5.23845010898;SAONE ET LOIRE
ROMAZIERES;45.9906722092, -0.176069744425;CHARENTE MARITIME
SOUANYAS;42.5480499348, 2.28418328185;PYRENEES ORIENTALES
VILLEMOIRON EN OTHE;48.1996782401, 3.79189787326;AUBE
JUILLE;48.2452632445, 0.12580313136;SARTHE
LA CAURE;48.9088413041, 3.77651890135;MARNE
LANEUVEVILLE AUX BOIS;48.6227293259, 6.64543068381;MEURTHE ET MOSELLE
VIELLA;42.8710887537, 0.0248813179111;HAUTES PYRENEES
ST ROMANS LES MELLE;46.2066461108, -0.196334503286;DEUX SEVRES
OIRON;46.9369329202, -0.0842351282064;DEUX SEVRES
CROIX MOLIGNEAUX;49.8196677644, 3.00036517518;SOMME
RETTEL;49.4341736247, 6.33743036901;MOSELLE
FOLLIGNY;48.8202336889, -1.41781019903;MANCHE
ST GERMAIN LE GAILLARD;49.4890990838, -1.77283879309;MANCHE
NEUFMAISONS;48.4471437689, 6.87001944215;MEURTHE ET MOSELLE
CLOMOT;47.1923530419, 4.48684407065;COTE D OR
ROUMOULES;43.821041609, 6.14864703263;ALPES DE HAUTE PROVENCE
ARCEY;47.2746433472, 4.82435366127;COTE D OR
LABARTHE SUR LEZE;43.4585461585, 1.40082976957;HAUTE GARONNE
LETTEGUIVES;49.4216840077, 1.32704878095;EURE
CASTELGINEST;43.6974132735, 1.4355878363;HAUTE GARONNE
GIVREZAC;45.5409958957, -0.632072583649;CHARENTE MARITIME
VAL DE FIER;45.9279912564, 5.89294651172;HAUTE SAVOIE
MONTROZIER;44.394981764, 2.72127812252;AVEYRON
LA CHAPELLE DE BRAIN;47.6972959919, -1.93416464602;ILE ET VILAINE
ST OFFENGE;45.7387543881, 6.01018266121;SAVOIE
CERE;43.9953544159, -0.546512240784;LANDES
LE ROUX;44.7211157335, 4.14333586468;ARDECHE
CHATAIN;46.0723336149, 0.437740992282;VIENNE
PRIMARETTE;45.4076896858, 5.03351016146;ISERE
GENDREY;47.1963062843, 5.68474768742;JURA
ST MALO DE LA LANDE;49.0630539457, -1.54261997084;MANCHE
ST CLAUDE;46.408600398, 5.87556247635;JURA
ST JEURE D ANDAURE;45.0478373681, 4.46395685246;ARDECHE
BETHISY ST PIERRE;49.3076185781, 2.80360801965;OISE
MIREVAL;43.5170572388, 3.80306531824;HERAULT
BEAUMONT LE ROGER;49.0592104532, 0.754833574426;EURE
BERMONT;47.5754640823, 6.84557401926;TERRITOIRE DE BELFORT
GARTEMPE;46.1523609453, 1.72597584698;CREUSE
LE LANDREAU;47.2077664835, -1.29844309328;LOIRE ATLANTIQUE
ST LOUP;45.9997627208, -0.647620851494;CHARENTE MARITIME
MONTSOULT;49.0715830247, 2.30381480542;VAL D OISE
EYCHEIL;42.9553633761, 1.15625348151;ARIEGE
VIEUX;49.1128141033, -0.442946705773;CALVADOS
LA CHAPELLE SUR CHEZY;48.9492049177, 3.37662807022;AISNE
CAMPREMY;49.5638031018, 2.32696331161;OISE
QUINCY SOUS SENART;48.6703327314, 2.52837404941;ESSONNE
ERSTROFF;48.980103423, 6.77594710498;MOSELLE
LE LUART;48.0800184955, 0.596928704808;SARTHE
BISSY SOUS UXELLES;46.5685167956, 4.72714301912;SAONE ET LOIRE
VILLERS SEMEUSE;49.7411448562, 4.7510548564;ARDENNES
HUCLIER;50.4369559747, 2.35470715306;PAS DE CALAIS
LA ROCHE BERNARD;47.5193208116, -2.30307422213;MORBIHAN
DOMMARIEN;47.6892296711, 5.35283846982;HAUTE MARNE
JUILLE;46.1120285773, -0.223925439976;DEUX SEVRES
BOULIGNY;49.2916071166, 5.74543375394;MEUSE
ARTENAY;48.076236639, 1.88000171801;LOIRET
ST LEONARD;49.2258255377, 4.10765248658;MARNE
GUMBRECHTSHOFFEN;48.9027833028, 7.62074781132;BAS RHIN
STE HELENE BONDEVILLE;49.7715222464, 0.460707972342;SEINE MARITIME
LOUESTAULT;47.6062030941, 0.655292241515;INDRE ET LOIR
STE CROIX DE CADERLE;44.0681849372, 3.87021747137;GARD
HARREBERG;48.6629610218, 7.17414816773;MOSELLE
BOUFFLERS;50.2589447905, 2.02128865897;SOMME
CHIGNY LES ROSES;49.1510624676, 4.06063898517;MARNE
BOISGERVILLY;48.1663042024, -2.08373655963;ILE ET VILAINE
TREVOL;46.6370512909, 3.31589139326;ALLIER
NAVENNE;47.6030208472, 6.1618556725;HAUTE SAONE
GISSEY SOUS FLAVIGNY;47.5177863232, 4.58559367649;COTE D OR
CHERVES;46.6943513948, 0.0270041425401;VIENNE
SORNAC;45.6694408619, 2.18045644477;CORREZE
LAVAULT STE ANNE;46.3086016059, 2.60160340266;ALLIER
PYS;50.0828866857, 2.76242466587;SOMME
GAILLARDBOIS CRESSENVILLE;49.3391972504, 1.39978566632;EURE
BOURGUEIL;47.3103261914, 0.17424139464;INDRE ET LOIR
AUSSURUCQ;43.1289596051, -0.978843273973;PYRENEES ATLANTIQUES
CHAUFFOURS;48.3944888938, 1.33691872297;EURE ET LOIR
SANTEUIL;48.3828802713, 1.7401363101;EURE ET LOIR
CHAUVINCOURT PROVEMONT;49.2808952315, 1.64529134367;EURE
PERPEZAC LE BLANC;45.2136295259, 1.32740284551;CORREZE
ST FERREOL;45.7833203062, 6.30718276137;HAUTE SAVOIE
CORNILLE;45.2457104683, 0.779065971787;DORDOGNE
ST LAURENT DE LA PREE;45.9878727507, -1.02745670693;CHARENTE MARITIME
VAUCLERC;48.7072494854, 4.67364422061;MARNE
STE BLANDINE;46.2464579587, -0.277039232299;DEUX SEVRES
BUCY LE LONG;49.3884447185, 3.39828602712;AISNE
CHAMBLAY;46.9910483853, 5.70335674232;JURA
ESTREE WAMIN;50.2689484994, 2.39437823865;PAS DE CALAIS
AMBLY SUR MEUSE;49.0225781961, 5.45226054579;MEUSE
ST MARTIN DES FONTAINES;46.5464637508, -0.907394581139;VENDEE
SERDINYA;42.5762876689, 2.32227751946;PYRENEES ORIENTALES
CASTEL SARRAZIN;43.6176642945, -0.787879351472;LANDES
MORY;50.1566834993, 2.85758228781;PAS DE CALAIS
MAUVEZIN DE PRAT;43.0324532484, 0.992112596886;ARIEGE
ANTILLY;49.19731326, 6.24824504682;MOSELLE
SENNECEY LE GRAND;46.6369174742, 4.8906553054;SAONE ET LOIRE
VONGNES;45.8129059524, 5.72536666767;AIN
NEUVILLER LA ROCHE;48.4309499766, 7.26437049524;BAS RHIN
MAYRAC;44.8995623407, 1.54645622061;LOT
RIBES;44.5036367428, 4.19775293307;ARDECHE
POISEUL LES SAULX;47.5785116858, 4.98176331953;COTE D OR
ST DENIS LES REBAIS;48.845087486, 3.19932466379;SEINE ET MARNE
AULNOIS EN PERTHOIS;48.6347700844, 5.12637328459;MEUSE
CHUZELLES;45.5754949001, 4.87825997327;ISERE
LE COTEAU;46.0172302823, 4.09095787437;LOIRE
BAUDRECOURT;48.3950398869, 4.96825290253;HAUTE MARNE
ST AIGNAN;44.0231974542, 1.07335605665;TARN ET GARONNE
GIOUX;45.8012431656, 2.11443257853;CREUSE
SERENAC;43.9589302642, 2.32732633415;TARN
MAISONNAIS SUR TARDOIRE;45.7119603941, 0.683803927182;HAUTE VIENNE
RECOLOGNE;47.5821627991, 5.77361697832;HAUTE SAONE
ROANNE;46.0449112487, 4.0797045647;LOIRE
MAREAU AUX BOIS;48.0983163957, 2.19061248638;LOIRET
GLUN;45.0070163516, 4.82465206981;ARDECHE
CAULAINCOURT;49.864658382, 3.11126489473;AISNE
ST ETIENNE DU BOIS;46.8418481774, -1.59617737479;VENDEE
BRICQUEBEC EN COTENTIN;49.4699810492, -1.63261585347;MANCHE
TALLENDE;45.661669969, 3.13374681277;PUY DE DOME
CARANTILLY;49.0661156491, -1.24968371393;MANCHE
BENDORF;47.4845658206, 7.2774077888;HAUT RHIN
QUEMPER GUEZENNEC;48.7006441281, -3.10832259045;COTES D ARMOR
MAZIERES DE TOURAINE;47.3913160682, 0.429463842673;INDRE ET LOIR
VERNAUX;42.786305834, 1.78239713936;ARIEGE
MONTEGUT;43.8736591774, -0.204038258587;LANDES
MOUSSOULENS;43.2811009539, 2.23830032758;AUDE
VERAZA;42.9927983213, 2.30791216337;AUDE
ADAST;42.9753854058, -0.0764342583386;HAUTES PYRENEES
ST MAURICE ETUSSON;47.0496404823, -0.508816707634;DEUX SEVRES
ST BENOIT DES OMBRES;49.2265023608, 0.618333897431;EURE
ST AMAND MONTROND;46.726171431, 2.52013626979;CHER
ST VICTOUR;45.4654766822, 2.38592172613;CORREZE
ST AUBIN LE CAUF;49.8678815711, 1.17642488577;SEINE MARITIME
PONTGOUIN;48.4914581287, 1.14548967214;EURE ET LOIR
MEZANGERS;48.2005441476, -0.449609961038;MAYENNE
COURTEFONTAINE;47.3214778627, 6.91192058012;DOUBS
CONNERRE;48.0507447506, 0.467977281249;SARTHE
MALLIEVRE;46.9112847287, -0.864977836096;VENDEE
FOLKLING;49.1512458848, 6.90623591877;MOSELLE
AURIAT;45.8709814148, 1.63389938351;CREUSE
BRUGNY VAUDANCOURT;48.9832921495, 3.85964192502;MARNE
COIN LES CUVRY;49.0248510499, 6.13661695349;MOSELLE
BESSAIS LE FROMENTAL;46.7475178311, 2.77476595037;CHER
PLIBOUX;46.1647195331, 0.12277120326;DEUX SEVRES
CHANIAT;45.3163724348, 3.48010403585;HAUTE LOIRE
FRECHEDE;43.3651632338, 0.261264447769;HAUTES PYRENEES
PUYLAUSIC;43.4440094082, 0.934879831241;GERS
RAYMOND;46.9716860127, 2.68986237741;CHER
CAUX;43.5044671037, 3.36827222924;HERAULT
CORNUSSE;46.9561295033, 2.73264385975;CHER
CHALANDRAY;46.6544747841, -0.00687604114589;VIENNE
BAGARD;44.070391573, 4.04387785111;GARD
ARTHON;46.6931304896, 1.71130740486;INDRE
BANNEGON;46.8069473041, 2.7278310908;CHER
FRETIGNEY ET VELLOREILLE;47.4895779062, 5.93793813227;HAUTE SAONE
SOMBERNON;47.3105432951, 4.70317881741;COTE D OR
STE CROIX EN PLAINE;48.0108373364, 7.39448245044;HAUT RHIN
GUYENCOURT SUR NOYE;49.776486887, 2.36059657656;SOMME
ISSE;47.6173601577, -1.4560368491;LOIRE ATLANTIQUE
PEUMERIT;47.9464369545, -4.29604672323;FINISTERE
ST GILLES;49.2815444611, 3.6769576626;MARNE
FONTENAY LES BRIIS;48.6107631779, 2.16460955805;ESSONNE
LUC SUR AUDE;42.9640628627, 2.28123974033;AUDE
YVRENCH;50.1846847389, 2.01563427911;SOMME
LA SELVE;49.5698786702, 3.99524867672;AISNE
BEAUFORT EN ANJOU;47.4363863926, -0.206986791966;MAINE ET LOIRE
ARCHAIL;44.1110653424, 6.33071411194;ALPES DE HAUTE PROVENCE
JUVILLE;48.9306249062, 6.3588020815;MOSELLE
LA COULONCHE;48.6375516967, -0.466617045312;ORNE
LIMOGNE EN QUERCY;44.3966427227, 1.77829583648;LOT
BONNUT;43.5504537514, -0.765861941107;PYRENEES ATLANTIQUES
FUMEL;44.5082127529, 0.979557344106;LOT ET GARONNE
YVECRIQUE;49.6892609326, 0.807122350958;SEINE MARITIME
LA CHAISE DIEU;45.3187166909, 3.69286458356;HAUTE LOIRE
ST LEGER;48.0862593313, -0.446252425773;MAYENNE
PARIGNARGUES;43.8696516481, 4.21350667303;GARD
UHLWILLER;48.8202578689, 7.67470803749;BAS RHIN
TAURIAC;44.9103810308, 1.77420237883;LOT
KERNILIS;48.5750998545, -4.41083287138;FINISTERE
ARTAISE LE VIVIER;49.5719309826, 4.89264459284;ARDENNES
FABRAS;44.6484389575, 4.28119591056;ARDECHE
LE MAGNY;46.5566903776, 1.95895779843;INDRE
BOUHET;46.1629168745, -0.85833337983;CHARENTE MARITIME
CAIGNAC;43.3198333866, 1.70726784599;HAUTE GARONNE
VILLERS SOUS PRENY;48.9430575567, 5.99502891051;MEURTHE ET MOSELLE
GRICOURT;49.8869947757, 3.23960817466;AISNE
HERRIN;50.5495900938, 2.96246977042;NORD
LOUDEAC;48.1740293909, -2.75097544378;COTES D ARMOR
OUZILLY;46.7754878528, 0.357821774595;VIENNE
POUCHARRAMET;43.423058709, 1.16684453964;HAUTE GARONNE
ANCY;45.8321615079, 4.50376874726;RHONE
ST MAURICE DES NOUES;46.5955876221, -0.724327725888;VENDEE
VEIGNE;47.2888419417, 0.729965991438;INDRE ET LOIR
MESLAY;48.9539488574, -0.392456343862;CALVADOS
SAINGHIN EN WEPPES;50.5583359872, 2.89740255201;NORD
LANGON;44.5376287285, -0.241841251091;GIRONDE
LA CROUZILLE;46.1718472306, 2.75158999506;PUY DE DOME
VELLEVANS;47.3069330762, 6.50266698549;DOUBS
LUZY SUR MARNE;48.0565587654, 5.20017320213;HAUTE MARNE
BOUTIGNY PROUAIS;48.7343916136, 1.56955678251;EURE ET LOIR
BRY;50.3162997425, 3.68368839887;NORD
MONTHENAULT;49.4892743465, 3.65592404446;AISNE
WIERRE EFFROY;50.7718663253, 1.73716281389;PAS DE CALAIS
ANNOIX;46.9690286816, 2.54279366157;CHER
TERNAS;50.3394097594, 2.39775976719;PAS DE CALAIS
MONTEGUT BOURJAC;43.2815929333, 0.985102720246;HAUTE GARONNE
ST MARTIN DE BEAUVILLE;44.2289840345, 0.818300384725;LOT ET GARONNE
NEUVILLY EN ARGONNE;49.1634575272, 5.04657677548;MEUSE
CYSOING;50.5639123041, 3.21398704215;NORD
BOULETERNERE;42.6445403346, 2.58787927866;PYRENEES ORIENTALES
AUBIGNY;46.6733055007, 3.16204245022;ALLIER
CHAREIL CINTRAT;46.2662583678, 3.2297935311;ALLIER
MOUREUILLE;46.1626033559, 2.89026644721;PUY DE DOME
COSNE D ALLIER;46.482962805, 2.82323006329;ALLIER
POMMERIT LE VICOMTE;48.6180167491, -3.10285419509;COTES D ARMOR
LOYAT;47.9922231376, -2.38391082278;MORBIHAN
ANDANCETTE;45.2464246163, 4.81244292927;DROME
EQUILLY;48.8331161622, -1.38244555863;MANCHE
PIROU;49.1646654807, -1.55903985715;MANCHE
CIERZAC;45.561206889, -0.313695229366;CHARENTE MARITIME
ST CERNIN DE LARCHE;45.0919444107, 1.41237097897;CORREZE
BOURANTON;48.3149302747, 4.1804938417;AUBE
CHAMPROND;48.0829601424, 0.747203594283;SARTHE
MOURMELON LE PETIT;49.1331102957, 4.30596210424;MARNE
MAIGNAUT TAUZIA;43.888506896, 0.399761933288;GERS
LE SOURN;48.0382214758, -2.99470821094;MORBIHAN
LA NEUVILLE;50.4968963031, 3.05358974895;NORD
CHALIGNY;48.6369570839, 6.09005794818;MEURTHE ET MOSELLE
PONT LES BONFAYS;48.1672898081, 6.14266150561;VOSGES
AIGUILHE;45.0530693199, 3.88524729137;HAUTE LOIRE
GERSTHEIM;48.3807788366, 7.70453174528;BAS RHIN
BONVILLER;48.62740859, 6.49547156004;MEURTHE ET MOSELLE
HOURY;49.7861780633, 3.84806416077;AISNE
CORME ROYAL;45.7457848259, -0.809484393759;CHARENTE MARITIME
VILLEROMAIN;47.7179483833, 1.14691831404;LOIR ET CHER
REJET DE BEAULIEU;50.0452957797, 3.63508660272;NORD
BLAMONT;48.5905345206, 6.84253315857;MEURTHE ET MOSELLE
HUMIERES;50.3848586497, 2.20826918939;PAS DE CALAIS
SAUDOY;48.6819330141, 3.69807910524;MARNE
ST ANDRE EN TERRE PLAINE;47.4822498163, 4.05335131054;YONNE
NEUBOIS;48.3028817341, 7.3176285572;BAS RHIN
BETPOUY;43.2719488626, 0.45729417903;HAUTES PYRENEES
DARGOIRE;45.5627238803, 4.67407383096;LOIRE
GILLOIS;46.7301116843, 6.03133695605;JURA
TROUSSEY;48.701256647, 5.69348408341;MEUSE
BRASLES;49.0567927241, 3.42453409652;AISNE
ST AUBIN D ARQUENAY;49.2610054485, -0.283867469295;CALVADOS
LA BOURDINIERE ST LOUP;48.3170148124, 1.43019186424;EURE ET LOIR
BELLENGLISE;49.9261057081, 3.2441994692;AISNE
SOUFFLENHEIM;48.8085682655, 7.95676945015;BAS RHIN
FOLGENSBOURG;47.5385121748, 7.44187031126;HAUT RHIN
ST PREJET D ALLIER;44.9200322739, 3.6252137957;HAUTE LOIRE
CELOUX;45.1381000206, 3.2607636006;CANTAL
PALAVAS LES FLOTS;43.533536456, 3.92620839566;HERAULT
CAMBOUNES;43.5907432712, 2.43974230887;TARN
BONNEGARDE;43.5640369667, -0.712916423938;LANDES
LOURDIOS ICHERE;43.0419831344, -0.655955491716;PYRENEES ATLANTIQUES
BEAUFORT;45.3294079707, 5.11631301221;ISERE
BEAULIEU SUR LAYON;47.3187109536, -0.600035399851;MAINE ET LOIRE
LE RECOUX;44.3437335898, 3.16392711408;LOZERE
BERRE LES ALPES;43.8378738812, 7.33076301102;ALPES MARITIMES
HUMBERCOURT;50.2095577293, 2.45741568724;SOMME
PERRUSSON;47.0926524002, 1.00808800981;INDRE ET LOIR
MICHELBACH LE HAUT;47.5627694258, 7.43780573745;HAUT RHIN
THIZY;47.58183768, 4.05915393328;YONNE
CHARMES LA GRANDE;48.3839955278, 4.99607090848;HAUTE MARNE
SAVASSE;44.6067336832, 4.77822199887;DROME
GATTIERES;43.7652195423, 7.16877468184;ALPES MARITIMES
WOERTH;48.9412737008, 7.74416394777;BAS RHIN
ST MEDARD SUR ILLE;48.2728481526, -1.67038135479;ILE ET VILAINE
VOELFLING LES BOUZONVILLE;49.2929378044, 6.60527377943;MOSELLE
NERONDE SUR DORE;45.7989836343, 3.5070472328;PUY DE DOME
MEYENHEIM;47.915595397, 7.37703268493;HAUT RHIN
HAUDAINVILLE;49.1247629986, 5.42686617859;MEUSE
IZESTE;43.0842981048, -0.44404003206;PYRENEES ATLANTIQUES
ALES;44.1250099126, 4.08828501262;GARD
ST ANDRE DE BOEGE;46.1932380604, 6.3815476772;HAUTE SAVOIE
AUTET;47.545285848, 5.70067460474;HAUTE SAONE
SALEILLES;42.6568410057, 2.94920487175;PYRENEES ORIENTALES
LAMBREY;47.7643209211, 5.92933904198;HAUTE SAONE
TOURNON;45.637794827, 6.32739261169;SAVOIE
LA CHAPELLE;45.4217303227, 6.29384300807;SAVOIE
CHASSAL;46.3600964475, 5.7849059894;JURA
LINZEUX;50.3424338699, 2.20289720787;PAS DE CALAIS
ST PAUL D OUEIL;42.8382523889, 0.555644090408;HAUTE GARONNE
LE BOIS ROBERT;49.8380335572, 1.14914842733;SEINE MARITIME
NERY;49.271310066, 2.77130714289;OISE
CONAND;45.8834810846, 5.47541328981;AIN
ST ETIENNE A ARNES;49.3075159297, 4.51140608204;ARDENNES
CHAPET;48.9681465305, 1.9401229913;YVELINES
GUESSLING HEMERING;49.0221937323, 6.66814664402;MOSELLE
CALLAC;48.4223048141, -3.41625904984;COTES D ARMOR
ROUVROIS SUR OTHAIN;49.3871461165, 5.62761373552;MEUSE
SERMERSHEIM;48.3443357629, 7.55277785563;BAS RHIN
CHIGNIN;45.5235808519, 6.0136049327;SAVOIE
LACAPELLE VIESCAMP;44.9257153749, 2.27440087718;CANTAL
LINIEZ;47.0142256884, 1.75629782161;INDRE
DOMNOM LES DIEUZE;48.8611192156, 6.82405240882;MOSELLE
CORCELLES FERRIERES;47.2266648284, 5.80424536213;DOUBS
CESTAS;44.7237410966, -0.726825410115;GIRONDE
ST CHRISTO EN JAREZ;45.5362867258, 4.4671653165;LOIRE
BOEURS EN OTHE;48.1398712988, 3.70632804509;YONNE
IGNY;48.7362250613, 2.22442021749;ESSONNE
CARREPUIS;49.7045602877, 2.81927389833;SOMME
RAMBOUILLET;48.6539051954, 1.82652871851;YVELINES
TREHET;47.7421836538, 0.633907374107;LOIR ET CHER
COLOMBIER;47.6697895456, 6.21883495528;HAUTE SAONE
MOISSAC VALLEE FRANCAISE;44.157860146, 3.79127521457;LOZERE
ST JULIEN DES CHAZES;45.0480264349, 3.57559827157;HAUTE LOIRE
JUGY;46.6044707808, 4.86148307035;SAONE ET LOIRE
SOUSSAC;44.7356053144, 0.0112731568221;GIRONDE
LE BOUCHAGE;46.0493103798, 0.376687406962;CHARENTE
GEMBRIE;42.9886064144, 0.57539500217;HAUTES PYRENEES
VILLATE;43.46763006, 1.38192246692;HAUTE GARONNE
ST AUBIN SUR MER;49.3224328819, -0.39282763592;CALVADOS
DOIZIEUX;45.4182832028, 4.58919336955;LOIRE
ST JULIEN SUR REYSSOUZE;46.3997655501, 5.10354296019;AIN
TREMENTINES;47.1227107975, -0.801475622875;MAINE ET LOIRE
JOIGNY;48.0088550804, 3.40980180815;YONNE
SCEAUX DU GATINAIS;48.1208120916, 2.59052971179;LOIRET
ETEIGNIERES;49.8907338972, 4.40306549202;ARDENNES
BOLOZON;46.1960338503, 5.47095075411;AIN
VAUGRIGNEUSE;48.6013342807, 2.10541488357;ESSONNE
CAORCHES ST NICOLAS;49.0782233141, 0.547592654037;EURE
VILLENTROIS;47.1877948714, 1.45972969397;INDRE
STEINBOURG;48.7639649052, 7.41351196572;BAS RHIN
BELLEGARDE EN MARCHE;45.9815413082, 2.29291200261;CREUSE
VARENNES SUR AMANCE;47.8958656756, 5.61137460007;HAUTE MARNE
GRENADE;43.7640507757, 1.28038974975;HAUTE GARONNE
RANCOGNE;45.7024273965, 0.394415078695;CHARENTE
ST CYR DES GATS;46.572397925, -0.86344873853;VENDEE
MOUTHIER HAUTE PIERRE;47.033913371, 6.27516743858;DOUBS
SURZUR;47.5691616224, -2.62727408049;MORBIHAN
PONT D OUILLY;48.8768624805, -0.409034326859;CALVADOS
MORET LOING ET ORVANNE;48.365092921, 2.81172585849;SEINE ET MARNE
BARLES;44.2730280199, 6.25325743878;ALPES DE HAUTE PROVENCE
GERMONDANS;47.4138937472, 6.20033950857;DOUBS
ST LAURENT LOLMIE;44.2872527124, 1.2312861209;LOT
GIMBREDE;44.0374266467, 0.719582060936;GERS
SOULAC SUR MER;45.493296382, -1.10918123147;GIRONDE
MORIVILLE;48.3473450165, 6.41821065495;VOSGES
ST SYLVAIN;49.0531521208, -0.215598170882;CALVADOS
VADONVILLE;48.7985029531, 5.5144264856;MEUSE
ARVILLARD;45.4097930929, 6.16998092383;SAVOIE
PHAFFANS;47.6585204866, 6.94418106146;TERRITOIRE DE BELFORT
LA GRESLE;46.0720149444, 4.2760425142;LOIRE
ENSISHEIM;47.8530628657, 7.37246514573;HAUT RHIN
NOSSAGE ET BENEVENT;44.3097205577, 5.75452221708;HAUTES ALPES
FERNEY VOLTAIRE;46.2519789243, 6.10826403805;AIN
PIN BALMA;43.6223426383, 1.53573594468;HAUTE GARONNE
HOUDAIN;50.4548178375, 2.53664303679;PAS DE CALAIS
BIRON;43.4626761667, -0.741219830743;PYRENEES ATLANTIQUES
BATS;43.6533852455, -0.463880939052;LANDES
CASTELVIEILH;43.281097408, 0.201372876533;HAUTES PYRENEES
LABASTIDE CASTEL AMOUROUX;44.3463957829, 0.127187947229;LOT ET GARONNE
MONTGOBERT;49.289626635, 3.17404129063;AISNE
DOMPIERRE SUR CHALARONNE;46.1415406621, 4.90141714714;AIN
EYJEAUX;45.7748713426, 1.37728404596;HAUTE VIENNE
BELAN SUR OURCE;47.9515958894, 4.63862833374;COTE D OR
MAS DES COURS;43.1316087577, 2.42671683067;AUDE
RESENLIEU;48.7900887821, 0.276930426076;ORNE
ST MALO DE BEIGNON;47.9565800203, -2.14364557766;MORBIHAN
ST SORLIN DE VIENNE;45.4732844152, 4.93813857629;ISERE
ANCEAUMEVILLE;49.5695149287, 1.06535432644;SEINE MARITIME
BELVAL BOIS DES DAMES;49.4815181071, 5.04412784142;ARDENNES
BUBRY;47.969363201, -3.17594645997;MORBIHAN
AURICE;43.8029933289, -0.598930696866;LANDES
ATTIGNAT;46.2861802203, 5.1795233845;AIN
COURSEULLES SUR MER;49.3205636426, -0.44837253643;CALVADOS
GILOCOURT;49.3007930979, 2.89026457858;OISE
ARETTE;43.0398698092, -0.735693683266;PYRENEES ATLANTIQUES
CASTELLA;44.3138960011, 0.684442218715;LOT ET GARONNE
ROTHERENS;45.472199256, 6.13731657303;SAVOIE
VEXIN SUR EPTE;49.1515466021, 1.59773112902;EURE
DOMPTIN;49.0156995656, 3.27296497779;AISNE
MONTAUTOUR;48.2045052863, -1.12123859813;ILE ET VILAINE
BONNEVILLE SUR TOUQUES;49.3299368884, 0.119217690355;CALVADOS
HARDIFORT;50.8187124794, 2.48138038993;NORD
ST JULIEN DU PUY;43.751631087, 2.08059603326;TARN
COULMIER LE SEC;47.7550385883, 4.49604694384;COTE D OR
REDORTIERS;44.0981211073, 5.61414591507;ALPES DE HAUTE PROVENCE
ST QUENTIN SUR LE HOMME;48.6452249464, -1.30041468589;MANCHE
LABARTHE RIVIERE;43.0809091883, 0.671429953556;HAUTE GARONNE
BRANDONNET;44.3823756053, 2.1374677844;AVEYRON
STE ORSE;45.2054528162, 1.07317374722;DORDOGNE
CHAMBEON;45.6971949141, 4.17325766885;LOIRE
ST BOUIZE;47.2707643696, 2.89210091282;CHER
MAILLY LE CHATEAU;47.5825000596, 3.59908687076;YONNE
IDAUX MENDY;43.1737848926, -0.922656463962;PYRENEES ATLANTIQUES
TREBAS;43.9548189483, 2.48899274991;TARN
SIEVOZ;44.9050907619, 5.85034623903;ISERE
MAULEVRIER;47.0185766256, -0.768134737511;MAINE ET LOIRE
CROTTET;46.283072336, 4.87747971182;AIN
STE RADEGONDE;44.8030043488, 0.0238709656269;GIRONDE
THILLOMBOIS;48.955498451, 5.38479221078;MEUSE
COUIZA;42.9352199297, 2.27047605296;AUDE
PESSAC SUR DORDOGNE;44.8179368546, 0.0937252585904;GIRONDE
BAILLEUL SUR THERAIN;49.385157591, 2.23033347435;OISE
FREULLEVILLE;49.8188117486, 1.21669243102;SEINE MARITIME
SALON DE PROVENCE;43.6462885238, 5.06814649576;BOUCHES DU RHONE
RANNEE;47.9006592126, -1.22652975633;ILE ET VILAINE
BERRY AU BAC;49.4084985083, 3.8985497785;AISNE
ROSET FLUANS;47.1536312565, 5.83267592874;DOUBS
LA NOUAILLE;45.8393812197, 2.06990945927;CREUSE
BEAUMAIS;48.8992282698, -0.0710822591803;CALVADOS
MONTBLAINVILLE;49.2434560123, 4.9948188695;MEUSE
LA VALLEE AU BLE;49.8571725081, 3.794382858;AISNE
EXIREUIL;46.4537143363, -0.177315480712;DEUX SEVRES
MOSNAC;45.5027021197, -0.541750931671;CHARENTE MARITIME
SOULTZ HAUT RHIN;47.8827772059, 7.17897878271;HAUT RHIN
VIRA;42.7632437549, 2.39447328597;PYRENEES ORIENTALES
ST LEGER AUX BOIS;49.8298026254, 1.61197494699;SEINE MARITIME
ST AMAND;49.0444946813, -0.948478098898;MANCHE
GOUTEVERNISSE;43.2140263014, 1.17376592029;HAUTE GARONNE
VIC DES PRES;47.1093098641, 4.63600568257;COTE D OR
ST LEON;44.2871805336, 0.239913996126;LOT ET GARONNE
NITTING;48.6617122731, 7.0490425095;MOSELLE
GRAND VERLY;49.9434199886, 3.58138282505;AISNE
ESCAMPS;47.7177692748, 3.47307676969;YONNE
PACT;45.3540175741, 4.98747435997;ISERE
LES VIGNES;44.268883271, 3.25062860598;LOZERE
MONT ST MARTIN;49.3314585967, 4.64133268542;ARDENNES
LAPENCHE;44.223694472, 1.5730652063;TARN ET GARONNE
ST AUBIN DE CADELECH;44.6857557345, 0.492017178221;DORDOGNE
ESQUAY SUR SEULLES;49.2716519336, -0.622418899697;CALVADOS
VILLEVAUDE;48.9117801079, 2.66224807334;SEINE ET MARNE
VILLEDIEU LE CHATEAU;47.7145584824, 0.640231512213;LOIR ET CHER
PURE;49.6818291341, 5.18018679003;ARDENNES
ST AUBIN SUR QUILLEBEUF;49.4493583444, 0.52491272728;EURE
AUBIGNY EN PLAINE;47.1277492064, 5.16492120772;COTE D OR
ST CLEMENT;44.9753617677, 2.6760260238;CANTAL
CIER DE LUCHON;42.8554210387, 0.587203790496;HAUTE GARONNE
CHAMBERET;45.6025012498, 1.71951080332;CORREZE
ST CERNIN DE L HERM;44.6540649921, 1.04585610677;DORDOGNE
FONTENAY;47.0542552682, 1.74236009323;INDRE
LE CHATELIER;48.9369936984, 4.92578569834;MARNE
LA NEUVILLE AUX BOIS;48.9677556904, 4.89351823597;MARNE
PUITS LA VALLEE;49.5836339442, 2.19003543051;OISE
PAILHES;43.4371324494, 3.18478770413;HERAULT
PUYLAGARDE;44.3066142311, 1.84631007866;TARN ET GARONNE
MINZAC;44.9616610497, 0.0299559568134;DORDOGNE
ELENCOURT;49.6931893721, 1.89535227719;OISE
REJAUMONT;43.164905946, 0.452687259013;HAUTES PYRENEES
PAGNOZ;46.9741968646, 5.82590898779;JURA
SOURRIBES;44.1588664818, 6.04430204786;ALPES DE HAUTE PROVENCE
ORLU;42.6581771284, 1.93694023792;ARIEGE
MALAINCOURT;48.2246104086, 5.76671107877;VOSGES
GRANS;43.6142225937, 5.04474558898;BOUCHES DU RHONE
CHIRAT L EGLISE;46.2460009301, 3.03251610569;ALLIER
IRAI;48.6742050739, 0.689209561635;ORNE
SILLARS;46.4209799569, 0.786727577235;VIENNE
PLAISIR;48.8126082296, 1.94698515715;YVELINES
CHATEL DE JOUX;46.5296472131, 5.80925298746;JURA
CABASSE;43.4270972655, 6.23202349485;VAR
MOURVILLES BASSES;43.4889625635, 1.69918635087;HAUTE GARONNE
DEMANGE AUX EAUX;48.5915243717, 5.47266149936;MEUSE
AGME;44.4893814272, 0.340441106525;LOT ET GARONNE
COULOUTRE;47.3950173245, 3.22048548212;NIEVRE
BIDOS;43.1751507938, -0.604844854778;PYRENEES ATLANTIQUES
VILLOTRAN;49.3451558969, 2.01028324287;OISE
MAREST SUR MATZ;49.5033268018, 2.82457764723;OISE
PIRE SUR SEICHE;48.0111877546, -1.42837195377;ILE ET VILAINE
LE PIN;48.9144329004, 2.62838554691;SEINE ET MARNE
LOUBERS;44.0377793598, 1.8934533217;TARN
GARCHIZY;47.0432163647, 3.09375234427;NIEVRE
PARIGNY;45.9876941251, 4.09212986006;LOIRE
SOLEYMIEUX;45.5062879483, 4.06396167678;LOIRE
LACAVE;43.0470411913, 1.01294653058;ARIEGE
ONJON;48.3987860925, 4.27579822531;AUBE
ST PIERRE LAVIS;49.6643345859, 0.623128334063;SEINE MARITIME
ANGLARS ST FELIX;44.41616534, 2.2384963959;AVEYRON
COURMANGOUX;46.3267864521, 5.35558241812;AIN
LE PIN MURELET;43.3973997258, 1.02131338284;HAUTE GARONNE
QUINCAMPOIX;49.5206144276, 1.17779386986;SEINE MARITIME
LA VALLEE MULATRE;50.0255708699, 3.56063329937;AISNE
WITTERSDORF;47.6161807189, 7.27312864168;HAUT RHIN
VILLEROY SUR MEHOLLE;48.616315357, 5.57205116516;MEUSE
CUEBRIS;43.8892125828, 7.00448794285;ALPES MARITIMES
MIZOEN;45.0437665644, 6.1821306394;ISERE
LOUVIGNE;48.0547197919, -0.634640720339;MAYENNE
CHOUZE SUR LOIRE;47.2459736126, 0.109159987827;INDRE ET LOIR
LEYME;44.7838029634, 1.89700443992;LOT
PLAINVILLE;49.0789480792, 0.499627134702;EURE
GUEBENHOUSE;49.0769015436, 6.95086192119;MOSELLE
SAULIEU;47.2840306915, 4.23192469784;COTE D OR
JUILLES;43.6069084453, 0.82649870993;GERS
SAVIGNAC LEDRIER;45.3819993943, 1.19868234314;DORDOGNE
CHAILLY EN BIERE;48.4697661737, 2.61164875379;SEINE ET MARNE
VILLERS LE TOURNEUR;49.6220295169, 4.56406530841;ARDENNES
GAUDECHART;49.6181645312, 1.96029040389;OISE
MELLERAN;46.1300825848, 0.00534971717862;DEUX SEVRES
BALEYSSAGUES;44.6820321193, 0.149443103335;LOT ET GARONNE
VIEUX;43.9964922909, 1.86610930745;TARN
BREAU;48.5575023659, 2.87972860182;SEINE ET MARNE
ST GERMAIN SUR BRESLE;49.8268454979, 1.74609362795;SOMME
AMBILLY;46.1961567042, 6.22429975401;HAUTE SAVOIE
LA BERNARDIERE;47.0361828072, -1.27390355206;VENDEE
RIBEMONT;49.7885436581, 3.47018526049;AISNE
MORSCHWILLER;48.8194129618, 7.62944925979;BAS RHIN
BERVILLE;49.7125106385, 0.837054229311;SEINE MARITIME
CASTELNAU D AUDE;43.2334707961, 2.67749002021;AUDE
VENDHUILE;50.0120254621, 3.20888614063;AISNE
ST BENOIT SUR SEINE;48.3800523103, 4.05187885884;AUBE
FONS;43.9072744554, 4.18054520529;GARD
JULLOUVILLE;48.7634529301, -1.52729216893;MANCHE
BRIAS;50.4112336365, 2.38520158695;PAS DE CALAIS
JAULGONNE;49.0895236955, 3.53359601877;AISNE
VILLEFRANCHE LE CHATEAU;44.2152597669, 5.50831127895;DROME
BELMONT SUR RANCE;43.8248066613, 2.75112588712;AVEYRON
ST LEGER;45.6164955032, -0.569645544567;CHARENTE MARITIME
POILHES;43.3045807211, 3.08955688711;HERAULT
ELEU DIT LEAUWETTE;50.4182625415, 2.81150914933;PAS DE CALAIS
MONTALET LE BOIS;49.0489897377, 1.82996135013;YVELINES
COUR L EVEQUE;47.9767999819, 4.982031793;HAUTE MARNE
ISSANS;47.5266990034, 6.73156159928;DOUBS
BOUSIGNIES;50.4302087604, 3.35488860191;NORD
VANVES;48.8215227089, 2.28739490768;HAUTS DE SEINE
BIESLES;48.102555202, 5.28581680401;HAUTE MARNE
LE CABANIAL;43.5220437405, 1.86897842751;HAUTE GARONNE
CHASTANIER;44.722639702, 3.75305127719;LOZERE
MONDEVERT;48.0841466424, -1.09097545112;ILE ET VILAINE
CHENAC ST SEURIN D UZET;45.5140296568, -0.812247078106;CHARENTE MARITIME
CHAUX LES PORT;47.7164049737, 6.0457583117;HAUTE SAONE
MOUZAY;49.4497659783, 5.23933878643;MEUSE
BERLANCOURT;49.6785871051, 3.08371773899;OISE
AUBAZAT;45.1283416697, 3.44490053055;HAUTE LOIRE
LALLEY;44.74656983, 5.68463742085;ISERE
WIESVILLER;49.0772822429, 7.16122161095;MOSELLE
HOEVILLE;48.7165627893, 6.43301011258;MEURTHE ET MOSELLE
VALDEBLORE;44.1127596533, 7.19571891201;ALPES MARITIMES
HORVILLE EN ORNOIS;48.4878089513, 5.46806713006;MEUSE
MORGNY EN THIERACHE;49.7544947391, 4.07631392389;AISNE
ECUILLE;47.6151527391, -0.560819094743;MAINE ET LOIRE
MEHOUDIN;48.508806883, -0.381338867818;ORNE
MONTMEDY;49.5154285158, 5.37250308228;MEUSE
THEZY GLIMONT;49.8215763774, 2.43770954257;SOMME
VILLEFRANCHE DU QUEYRAN;44.3035817658, 0.212075905878;LOT ET GARONNE
FOSSES;49.1000437966, 2.49906495383;VAL D OISE
CERDON;47.6299186758, 2.38147298677;LOIRET
AUNOU SUR ORNE;48.6057819219, 0.238232234334;ORNE
SAULGOND;45.9563701497, 0.786714506522;CHARENTE
LE MESNIL JOURDAIN;49.1815334603, 1.12763185285;EURE
ST LAURENT DE CERIS;45.9432646636, 0.49869730659;CHARENTE
RIVEL;42.9209596609, 2.00316756108;AUDE
ST JEAN DE CHEVELU;45.6954877529, 5.82649490929;SAVOIE
MONTCHAUVET;48.8916704709, 1.62681497392;YVELINES
ASNIERES SUR VEGRE;47.886353314, -0.226358103893;SARTHE
RUPPES;48.4665956128, 5.77125636552;VOSGES
VERNOSC LES ANNONAY;45.2215835502, 4.72347943452;ARDECHE
SANCOURT;50.2144498638, 3.19130962776;NORD
MEIGNEUX;48.5137853479, 3.09690502787;SEINE ET MARNE
PARROY;48.6685304259, 6.60820341709;MEURTHE ET MOSELLE
ST MARTIN SUR ECAILLON;50.2401464788, 3.51737991935;NORD
YEVRES;48.1911088268, 1.1911717339;EURE ET LOIR
BELLEVAUX;46.2276019394, 6.55285416418;HAUTE SAVOIE
CASTELSAGRAT;44.1767582704, 0.960294296377;TARN ET GARONNE
ST JULIEN LES ROSIERS;44.1899717344, 4.10039832397;GARD
ANCY LE LIBRE;47.8056331303, 4.14511090809;YONNE
ST REMY DE PROVENCE;43.7834249015, 4.85366665286;BOUCHES DU RHONE
PASLIERES;45.9233858396, 3.5081870466;PUY DE DOME
ST BRANDAN;48.3903359027, -2.86345055821;COTES D ARMOR
SEMENTRON;47.6312784173, 3.36183428197;YONNE
CHATEAU SUR CHER;46.1168680835, 2.56878532043;PUY DE DOME
FILLIEVRES;50.3171424803, 2.16170089705;PAS DE CALAIS
MONLEON MAGNOAC;43.2361837361, 0.517312861957;HAUTES PYRENEES
STE MARIE DE CHIGNAC;45.1154835454, 0.825518871437;DORDOGNE
TOUSSIEU;45.6577177504, 4.98186963908;RHONE
ROQUEFIXADE;42.9332936149, 1.76440291493;ARIEGE
BRUGNENS;43.8417873872, 0.722552080652;GERS
FLINS SUR SEINE;48.9673692016, 1.87272187331;YVELINES
ALSTING;49.180492978, 7.00110743227;MOSELLE
PREMIAN;43.5395150426, 2.82265477;HERAULT
QUARANTE;43.3507961482, 2.980712669;HERAULT
ANCOURTEVILLE SUR HERICOURT;49.6907478864, 0.660651271131;SEINE MARITIME
LAVANS QUINGEY;47.0867490631, 5.89657298007;DOUBS
ST QUENTIN SUR ISERE;45.277528088, 5.54771829456;ISERE
CHAPELON;48.0368069969, 2.5779425659;LOIRET
LA MORTE;45.0261280024, 5.8619002551;ISERE
NUEIL LES AUBIERS;46.9403172404, -0.596385417876;DEUX SEVRES
COLMIER LE HAUT;47.7863345069, 4.98805196449;HAUTE MARNE
RANSPACH LE HAUT;47.5802864143, 7.42000987982;HAUT RHIN
CERBOIS;47.1109466347, 2.10554374746;CHER
ST ETIENNE DE BOULOGNE;44.7003919648, 4.47316819572;ARDECHE
ST CIRGUES;44.7359417432, 2.11647884119;LOT
WILLEMS;50.6306074254, 3.22916996988;NORD
ST CYR LES VIGNES;45.6766538011, 4.28890743405;LOIRE
JAUZE;48.2111786499, 0.382481451808;SARTHE
ROUCAMPS;48.9866203658, -0.6314276726;CALVADOS
FRAHIER ET CHATEBIER;47.6588239223, 6.75066978549;HAUTE SAONE
ATTIGNY;49.4761720465, 4.58492485149;ARDENNES
COMPS;43.848697153, 4.59238144538;GARD
NOMAIN;50.5012176112, 3.23912545125;NORD
TRUN;48.8509334132, 0.0461785983021;ORNE
VARESNES;49.5566902552, 3.07817073988;OISE
VEAUVILLE LES BAONS;49.6543611356, 0.759245923284;SEINE MARITIME
MONTOT;47.5521723024, 5.61575354895;HAUTE SAONE
MALANSAC;47.6861486744, -2.2997401984;MORBIHAN
CHARRAIS;46.6975600146, 0.200482288592;VIENNE
ROUVRAY;49.0668656108, 1.33964798484;EURE
SEVREMONT;46.8211105864, -0.854584153953;VENDEE
MAUBEC;43.8417800592, 5.13767903423;VAUCLUSE
HADANCOURT LE HAUT CLOCHER;49.1888359993, 1.85320082465;OISE
ST AMAND JARTOUDEIX;45.9176401302, 1.66886742127;CREUSE
MONNES;49.1458358775, 3.22861820737;AISNE
BALLEDENT;46.1086784953, 1.21629867254;HAUTE VIENNE
BUSSY LETTREE;48.803079986, 4.25136495939;MARNE
BALAIVES ET BUTZ;49.6725974863, 4.71841917003;ARDENNES
HAIMPS;45.8625742975, -0.25542114028;CHARENTE MARITIME
BOURSIN;50.7705251422, 1.82549104115;PAS DE CALAIS
AIZANVILLE;48.1116130217, 4.89456102722;HAUTE MARNE
VELLECHES;46.9391643097, 0.526863341682;VIENNE
PLOZEVET;47.9832115947, -4.40960157261;FINISTERE
BEZONVAUX;49.2314503054, 5.47231735633;MEUSE
ANTONNE ET TRIGONANT;45.2300537681, 0.831654901001;DORDOGNE
BRETTEVILLE LE RABET;49.0297158634, -0.258286160153;CALVADOS
AURADE;43.5585584214, 1.07381651463;GERS
AHETZE;43.4042762685, -1.57067985884;PYRENEES ATLANTIQUES
NOYELLES LES SECLIN;50.5729280386, 3.02238335303;NORD
AZELOT;48.5837575734, 6.22938782702;MEURTHE ET MOSELLE
VANVEY;47.8418840697, 4.72616973539;COTE D OR
PASSY;48.113257139, 3.29533793656;YONNE
ARTASSENX;43.8455800178, -0.395744020774;LANDES
ST LAURENT BRETAGNE;43.382550943, -0.205102257997;PYRENEES ATLANTIQUES
ST ANDRE D EMBRUN;44.5866569322, 6.57072142721;HAUTES ALPES
VAUDONCOURT;48.2205661672, 5.80563694701;VOSGES
LA FERTE CHEVRESIS;49.7409973498, 3.55129770695;AISNE
MIRAMONT SENSACQ;43.5937272264, -0.321552356121;LANDES
MEYRUEIS;44.1719020208, 3.4516638341;LOZERE
LERZY;49.9499258495, 3.88135093149;AISNE
VAUDREMONT;48.1318724255, 4.91034777098;HAUTE MARNE
CLAIRAVAUX;45.7760335955, 2.17700112411;CREUSE
RONAI;48.8104980056, -0.135238062061;ORNE
LE VERNET STE MARGUERITE;45.6163801632, 2.94006169987;PUY DE DOME
CERFONTAINE;50.2591419146, 4.02505740703;NORD
PONT ST PIERRE;49.3427460262, 1.28756480304;EURE
MEIGNE;47.2424461374, -0.21562378954;MAINE ET LOIRE
ST PALAIS;47.2489222519, 2.41081023513;CHER
ESCAUDAIN;50.3339160351, 3.34129451552;NORD
ST MANDRIER SUR MER;43.0754322948, 5.92642315155;VAR
PREMILLIEU;45.876457149, 5.56475010385;AIN
VAUPOISSON;48.5007015249, 4.216312839;AUBE
CHEVILLARD;46.1103512578, 5.58116056005;AIN
BONSON;43.8622934824, 7.1827870979;ALPES MARITIMES
LOUVIE JUZON;43.0727682758, -0.337194181284;PYRENEES ATLANTIQUES
LA CHAPELLE BATON;46.4685249074, -0.324601053258;DEUX SEVRES
DENNEVY;46.8656403196, 4.64491140945;SAONE ET LOIRE
ARBLADE LE BAS;43.705221087, -0.17265437468;GERS
RENAUCOURT;47.6413769838, 5.76341402671;HAUTE SAONE
NEY;46.733302634, 5.88549194483;JURA
FRESNE CAUVERVILLE;49.2012892333, 0.468795413271;EURE
ST JEAN DE LA RIVIERE;49.3687683933, -1.73964743222;MANCHE
MAS DE LONDRES;43.7875830947, 3.77381385903;HERAULT
SERGY;46.2626243003, 5.98914553194;AIN
PUECHREDON;43.9436241797, 4.05543868774;GARD
ST FORGET;48.7127668824, 1.99703639595;YVELINES
ANNOT;43.9620009704, 6.66395811566;ALPES DE HAUTE PROVENCE
LE PLANQUAY;49.0943788554, 0.426951723046;EURE
JAILLANS;45.0288659081, 5.16948509567;DROME
SAUTRON;47.273226935, -1.6804726586;LOIRE ATLANTIQUE
ST GOUSSAUD;46.0310651725, 1.56127982806;CREUSE
MOLAMBOZ;46.951688723, 5.68053538603;JURA
CARCEN PONSON;43.871874652, -0.81936363917;LANDES
ST ANTOINE SUR L ISLE;45.0470360982, 0.0461113956176;GIRONDE
BRUNEMBERT;50.7149478254, 1.88770340365;PAS DE CALAIS
ABANCOURT;50.2368696873, 3.20731301738;NORD
HOUEYDETS;43.1547737607, 0.353267560435;HAUTES PYRENEES
BRAGELOGNE BEAUVOIR;47.9698706523, 4.26657498666;AUBE
BELONCHAMP;47.7735452568, 6.60867151106;HAUTE SAONE
LANDRESSE;47.2603830516, 6.48915118252;DOUBS
BOUHANS LES MONTBOZON;47.4858934785, 6.28045727501;HAUTE SAONE
VERRIERES;45.5635438011, -0.262225205266;CHARENTE
STE COLOMBE DE VILLENEUVE;44.3573026111, 0.6571276816;LOT ET GARONNE
COMIGNE;43.1656693314, 2.58551535137;AUDE
LHUITRE;48.5811831935, 4.27395119742;AUBE
CERONS;44.6273573941, -0.33978567872;GIRONDE
MIRAVAL CABARDES;43.3813815441, 2.34060793315;AUDE
PAILLART;49.6651337935, 2.3206181648;OISE
GRAMOND;44.2633838194, 2.3681220954;AVEYRON
AIGUINES;43.7284369506, 6.30439429944;VAR
CHAMBRY;49.5986366056, 3.67200832611;AISNE
AUTREVILLE SUR LA RENNE;48.1258481479, 4.97740367937;HAUTE MARNE
ST ELOY DE GY;47.1692906668, 2.33076138218;CHER
CHAVANNES SUR SURAN;46.2750157946, 5.41649423093;AIN
BECELEUF;46.4795118674, -0.509542625672;DEUX SEVRES
CORBERE LES CABANES;42.659851515, 2.6824784207;PYRENEES ORIENTALES
SIEURAS;43.1922641286, 1.34376526117;ARIEGE
DOMEZAIN BERRAUTE;43.3266580674, -0.966401773594;PYRENEES ATLANTIQUES
FLAYOSC;43.542212098, 6.36275720984;VAR
BOUSSELANGE;46.9939920712, 5.25309460316;COTE D OR
PIHEN LES GUINES;50.8717360678, 1.79132748835;PAS DE CALAIS
BREUX JOUY;48.5549501512, 2.16049670709;ESSONNE
EPINEUX LE SEGUIN;47.941800225, -0.350865340153;MAYENNE
LOIRE SUR NIE;45.9584075914, -0.289572002705;CHARENTE MARITIME
VEZENOBRES;44.0510480255, 4.13455182602;GARD
POMPIERRE SUR DOUBS;47.4236052372, 6.52647968524;DOUBS
ROMANGE;47.1606289716, 5.59427997843;JURA
MONTMARTIN SUR MER;48.9910212765, -1.52994382531;MANCHE
VERGONCEY;48.568195028, -1.38661335129;MANCHE
PONTMAIN;48.4336187982, -1.06521474954;MAYENNE
COURMONT;47.6119425531, 6.64355841755;HAUTE SAONE
LURE;45.88323165, 3.92941983729;LOIRE
ST AVIT DE VIALARD;44.9453704965, 0.862154837196;DORDOGNE
VOIVRES LES LE MANS;47.9278286492, 0.0845168943294;SARTHE
NEUFCHATEL EN BRAY;49.7402537882, 1.44657170543;SEINE MARITIME
THIVET;47.9868961501, 5.29966490039;HAUTE MARNE
VIRE SUR LOT;44.4878353451, 1.09829144521;LOT
TOCQUEVILLE EN CAUX;49.7833597392, 0.909677051286;SEINE MARITIME
STE AGNES;46.6148301302, 5.47488282815;JURA
BEAUFOU;46.8191122027, -1.52479250801;VENDEE
GRAVES ST AMANT;45.6383664934, -0.104970620109;CHARENTE
MALTOT;49.1315977028, -0.422983283738;CALVADOS
SOUVANS;46.9790356987, 5.55350631285;JURA
HAVANGE;49.3886163858, 6.00100680811;MOSELLE
ST AMAND DE VERGT;44.993940385, 0.695744310753;DORDOGNE
LUZERET;46.5476228385, 1.38528688826;INDRE
IPPLING;49.1058301525, 7.00408307681;MOSELLE
ST ROMAIN DE JALIONAS;45.7520483819, 5.22392059526;ISERE
AURAY;47.6677057368, -2.99041112225;MORBIHAN
ST JACQUES SUR DARNETAL;49.4457877857, 1.20822620847;SEINE MARITIME
ECOLE VALENTIN;47.2744126676, 5.98881788092;DOUBS
LE BONHOMME;48.1634421082, 7.09862606883;HAUT RHIN
TOURNEDOS SUR SEINE;49.2763036364, 1.25674953028;EURE
EPERCIEUX ST PAUL;45.7905917572, 4.20144222446;LOIRE
ST LAURENT DE MURET;44.5986955189, 3.17537194079;LOZERE
LATRONCHE;45.3080469107, 2.2400154033;CORREZE
FLEURANCE;43.8402794076, 0.64245586546;GERS
URDENS;43.8627011865, 0.712618673023;GERS
STE COLOME;43.1097407715, -0.381940819142;PYRENEES ATLANTIQUES
TOURNIERES;49.2304665973, -0.937851101881;CALVADOS
CONCREMIERS;46.5939953457, 1.01591887364;INDRE
LE BROC;43.8147822086, 7.15907633922;ALPES MARITIMES
BADEFOLS SUR DORDOGNE;44.8391204649, 0.800580246575;DORDOGNE
ROQUEFORT;44.0367351546, -0.326573945505;LANDES
BIRAC;45.5635790633, -0.0550695799339;CHARENTE
IRISSARRY;43.2614719543, -1.23617834401;PYRENEES ATLANTIQUES
LUPSTEIN;48.7379650718, 7.47592816068;BAS RHIN
PAIMPONT;48.030192406, -2.17342058709;ILE ET VILAINE
ST LUPERCE;48.4372634991, 1.30302415414;EURE ET LOIR
PRUGNANES;42.8268896774, 2.43647245139;PYRENEES ORIENTALES
STE LIZAIGNE;47.0110071957, 1.99544056226;INDRE
BRUNVILLERS LA MOTTE;49.555566184, 2.45376962705;OISE
FOURNAUDIN;48.1486089647, 3.64528232884;YONNE
CRAS;44.5567067306, 1.54091897332;LOT
ARPHEUILLES;46.791585762, 2.56799217336;CHER
BOURCEFRANC LE CHAPUS;45.8473362816, -1.13429637237;CHARENTE MARITIME
BRULEY;48.7129215737, 5.85662158856;MEURTHE ET MOSELLE
LA ROE;47.8910085582, -1.10255581049;MAYENNE
FONTAINE LE PIN;48.975148023, -0.291372010508;CALVADOS
TINGRY;50.6110233696, 1.72199394641;PAS DE CALAIS
PUYDARRIEUX;43.289930505, 0.40087886965;HAUTES PYRENEES
STE MARIE DU MONT;49.395071265, -1.20388843834;MANCHE
CHENE SEC;46.8480769432, 5.44386002073;JURA
NEUFCHATEAU;48.3565023559, 5.69131913979;VOSGES
TRILPORT;48.958724925, 2.9662410397;SEINE ET MARNE
LERAN;42.9847156991, 1.91842200411;ARIEGE
MENDITTE;43.1686396764, -0.886409522024;PYRENEES ATLANTIQUES
MANDEVILLE EN BESSIN;49.3069905991, -0.864918148377;CALVADOS
CONFOLENT PORT DIEU;45.5364773325, 2.49849624237;CORREZE
LACHAPELLE SOUS CHANEAC;44.9541324494, 4.31904223748;ARDECHE
GUZARGUES;43.7292469184, 3.9239639392;HERAULT
ST ETIENNE DE CROSSEY;45.3796872392, 5.63667290374;ISERE
RUYNES EN MARGERIDE;45.0046123239, 3.22362001629;CANTAL
LA FORET DE TESSE;46.0765352941, 0.0784986933953;CHARENTE
CHAMPMOTTEUX;48.3439397579, 2.31485115366;ESSONNE
FLAGEY;47.7865880267, 5.24538753249;HAUTE MARNE
NANTOUX;47.0346400359, 4.75951042223;COTE D OR
CORBEIL;48.573704122, 4.43585861027;MARNE
SOTTEVILLE SOUS LE VAL;49.3172603768, 1.11637971624;SEINE MARITIME
SERGEAC;44.9987285651, 1.11549602522;DORDOGNE
AVENAS;46.1958440631, 4.60024025351;RHONE
ST PAUL LIZONNE;45.3169310321, 0.283269437916;DORDOGNE
COURGAINS;48.2907641209, 0.2766633169;SARTHE
GOERLINGEN;48.7987678214, 7.08515641917;BAS RHIN
FAUCOMPIERRE;48.1402706744, 6.66392055704;VOSGES
LA TRINITE DE REVILLE;48.9669200561, 0.510644672881;EURE
BORDERES LOURON;42.8676970923, 0.416690191608;HAUTES PYRENEES
ST BERNARD;47.1597856871, 5.02381955265;COTE D OR
ALTILLAC;44.9804416467, 1.86889705524;CORREZE
BEAUFAI;48.755637161, 0.511069602511;ORNE
VILLARIES;43.7508797408, 1.49097697457;HAUTE GARONNE
LA CHAPELLE D ANGILLON;47.3709734883, 2.44003339096;CHER
LES CABANNES;42.7860666312, 1.68644152228;ARIEGE
LE BOUPERE;46.7877960262, -0.930897406714;VENDEE
RANTON;46.9989197523, -0.0327224982621;VIENNE
CARO;47.8621010187, -2.32764949894;MORBIHAN
OMONVILLE;49.7907329666, 1.04880121771;SEINE MARITIME
BERGHEIM;48.2125964008, 7.35786517874;HAUT RHIN
MONTEPREUX;48.7083820761, 4.12342785794;MARNE
LEE;43.2913998523, -0.286759766855;PYRENEES ATLANTIQUES
CUGURON;43.104325893, 0.51568143449;HAUTE GARONNE
CARQUEBUT;49.3744415862, -1.32327946627;MANCHE
APREMONT;46.7572682339, -1.74841313647;VENDEE
COMBRONDE;45.9858171361, 3.08063423598;PUY DE DOME
ST SEVERIN SUR BOUTONNE;46.089265514, -0.428552923889;CHARENTE MARITIME
SAVERES;43.3725748924, 1.10003164798;HAUTE GARONNE
MONTSALES;44.4857721529, 1.97611373855;AVEYRON
MOFFANS ET VACHERESSE;47.6277773291, 6.54883327411;HAUTE SAONE
BALAGNY SUR THERAIN;49.2973878556, 2.32131973295;OISE
PINAS;43.1171174899, 0.440832164226;HAUTES PYRENEES
LA MURE;44.9099172773, 5.78817442937;ISERE
LIBERMONT;49.6880319126, 2.98026221191;OISE
TANLAY;47.844633852, 4.08770006589;YONNE
AMATHAY VESIGNEUX;47.0231471184, 6.19580927282;DOUBS
LE PECHEREAU;46.5845928645, 1.57047280121;INDRE
MALIJAI;44.0336660524, 6.0504243737;ALPES DE HAUTE PROVENCE
BOZAS;45.0587357457, 4.64835888675;ARDECHE
HOMBOURG BUDANGE;49.2875134564, 6.35579703436;MOSELLE
TERREFONDREE;47.7278892776, 4.84233839612;COTE D OR
LICHTENBERG;48.9218797672, 7.48346810796;BAS RHIN
VIPLAIX;46.461810965, 2.36975422763;ALLIER
AUBY;50.4142959158, 3.06115822735;NORD
LAGARDERE;43.842189141, 0.322509664835;GERS
PIERREVAL;49.5403359016, 1.2537667625;SEINE MARITIME
VILLEGLY;43.2930208254, 2.43699100253;AUDE
VILLEURBANNE;45.7707704179, 4.88845817426;RHONE
AMELIE LES BAINS PALALDA;42.4436859079, 2.68338432052;PYRENEES ORIENTALES
BOSC MESNIL;49.6687076974, 1.3483005444;SEINE MARITIME
MALAY LE GRAND;48.1633768115, 3.35131160799;YONNE
STE MARIE LAPANOUZE;45.4328750969, 2.34596943981;CORREZE
FA;42.9276860891, 2.17956693905;AUDE
BONLIEU;46.5968045882, 5.8566003581;JURA
TREVILLACH;42.7095753054, 2.50886341936;PYRENEES ORIENTALES
AUREVILLE;43.4804161473, 1.45712269625;HAUTE GARONNE
VOUVRAY SUR HUISNE;48.0857990108, 0.553521929431;SARTHE
NOGNA;46.6029026515, 5.64266648514;JURA
CUISSAI;48.4725248248, 0.00249150932899;ORNE
FRANCHEVILLE;48.6382859389, -0.0600624308004;ORNE
PARCAY SUR VIENNE;47.0916485316, 0.479598033589;INDRE ET LOIR
MALVES EN MINERVOIS;43.250190518, 2.45343864014;AUDE
STE MEME;45.8798297244, -0.456697276737;CHARENTE MARITIME
CORDEMAIS;47.2968036073, -1.8357108105;LOIRE ATLANTIQUE
BARENTON SUR SERRE;49.66833977, 3.68940610952;AISNE
SOIGNOLLES;49.0293562485, -0.216616984997;CALVADOS
ST MARTIN DU FOUILLOUX;46.5925831338, -0.12664543987;DEUX SEVRES
MAROEUIL;50.3306055435, 2.71035583524;PAS DE CALAIS
VAL DE REUIL;49.261335704, 1.21147195365;EURE
BORDES DE RIVIERE;43.1236831368, 0.634949755967;HAUTE GARONNE
RAIMBEAUCOURT;50.4363550078, 3.10277352628;NORD
VAXY;48.8590225328, 6.52663158102;MOSELLE
MAYENNE;48.3074609449, -0.614799950799;MAYENNE
ST PIERRE LA NOAILLE;46.182835478, 4.10333966313;LOIRE
BOULON;49.047524459, -0.37826606912;CALVADOS
HONDEVILLIERS;48.9036037972, 3.31190232857;SEINE ET MARNE
FLAGY;48.3095715742, 2.91700896132;SEINE ET MARNE
ST MEDARD;45.4003157593, -0.353646613509;CHARENTE MARITIME
LASLADES;43.2304728913, 0.165662705335;HAUTES PYRENEES
MUNWILLER;47.9342627737, 7.34739203519;HAUT RHIN
WASSIGNY;50.017642986, 3.59944731539;AISNE
COURBIAC;44.3764701728, 1.04053101362;LOT ET GARONNE
VALETTE;45.2638149565, 2.60128580793;CANTAL
SERRIERES;46.3106483119, 4.66614748504;SAONE ET LOIRE
ROBERSART;50.1565289177, 3.64613951991;NORD
PREMEYZEL;45.6806263123, 5.64396081449;AIN
ST SAUVANT;45.7324197214, -0.497484915481;CHARENTE MARITIME
TOURBES;43.4426128717, 3.37325063166;HERAULT
GIVRY;49.4889972004, 4.53139534067;ARDENNES
SAFFRES;47.3662639449, 4.58064061534;COTE D OR
LE BOIS PLAGE EN RE;46.1825283655, -1.37625908104;CHARENTE MARITIME
BERNIEULLES;50.5548320618, 1.77250960717;PAS DE CALAIS
AMOU;43.5938659835, -0.743678079626;LANDES
CORNOD;46.3075990777, 5.54745998941;JURA
ST MEDARD;43.4844581655, 0.462191038357;GERS
FRONTON;43.8517933672, 1.37926505581;HAUTE GARONNE
MONCHIET;50.2381944656, 2.62311825865;PAS DE CALAIS
LANNEUFFRET;48.49529484, -4.20213358144;FINISTERE
CHEMELLIER;47.3369696045, -0.358947664736;MAINE ET LOIRE
GISORS;49.2786723691, 1.76876649685;EURE
ST MARTIN BOULOGNE;50.7235416991, 1.64793693921;PAS DE CALAIS
ST MARTIN DU LAC;46.2492100309, 4.05528642547;SAONE ET LOIRE
VILLAINES SOUS MALICORNE;47.7570761042, -0.104784379095;SARTHE
HOCHFELDEN;48.7558373026, 7.56312887309;BAS RHIN
LA ROCHETTE;45.7979119983, 0.310269933524;CHARENTE
CHAMPAGNE;45.2767867383, 4.79826211581;ARDECHE
ST MAURICE SUR FESSARD;47.9911796658, 2.61527422656;LOIRET
ST GEORGES DE LONGUEPIERRE;46.0423797576, -0.396872256026;CHARENTE MARITIME
CHAILLY SUR ARMANCON;47.2731849062, 4.47732423155;COTE D OR
LIEUDIEU;45.4577150175, 5.17899618537;ISERE
LOMBARD;47.0807072893, 5.8497136325;DOUBS
MORAINVILLE JOUVEAUX;49.2227027964, 0.443976742663;EURE
CANNECTANCOURT;49.5483651127, 2.89622271842;OISE
BALANZAC;45.7481778738, -0.843964939234;CHARENTE MARITIME
LANDIRAS;44.5665616702, -0.442802950502;GIRONDE
BUXIERES LES MINES;46.4698341323, 2.95493090181;ALLIER
GILETTE;43.8481962471, 7.1613234113;ALPES MARITIMES
PIOUSSAY;46.0804577028, 0.0349880081083;DEUX SEVRES
GAUJAC;44.4911956758, 0.116008631379;LOT ET GARONNE
FONTENOTTE;47.3757047558, 6.31361871512;DOUBS
PRALON;47.3104934057, 4.77503055215;COTE D OR
ST LAURENT;46.1609419116, 1.96011304253;CREUSE
VENANSAULT;46.685677363, -1.54112129191;VENDEE
DAGLAN;44.7481705464, 1.18720141568;DORDOGNE
ACHEVILLE;50.3843803047, 2.88203915482;PAS DE CALAIS
GERMAINE;49.1188404223, 4.03185929464;MARNE
ST GERVAIS DE VIC;47.882312592, 0.733164783668;SARTHE
LE LOROUX;48.3948985787, -1.0831112937;ILE ET VILAINE
ST BOINGT;48.4186728188, 6.42962191006;MEURTHE ET MOSELLE
GAS;48.5643910001, 1.66759843253;EURE ET LOIR
ST PAUL SUR ISERE;45.5869203358, 6.40696654722;SAVOIE
ST MARTIN SEPERT;45.443440592, 1.48235840703;CORREZE
ST JACQUES D ATTICIEUX;45.3318263343, 4.66333060833;ARDECHE
BOUVERANS;46.8406087592, 6.2111033425;DOUBS
CHAPAIZE;46.5529585412, 4.73602422687;SAONE ET LOIRE
ECOUIS;49.3066926655, 1.42999721744;EURE
ST MARTIN D AUXY;46.7213262279, 4.55075657116;SAONE ET LOIRE
USSON DU POITOU;46.2806798185, 0.544510234533;VIENNE
ST AMANS SOULT;43.4644785772, 2.47706341258;TARN
LA TRETOIRE;48.8788972003, 3.24649489754;SEINE ET MARNE
LE MIROIR;46.5431506465, 5.33864320841;SAONE ET LOIRE
VINAY;49.0129643499, 3.89876523906;MARNE
FRANCASTEL;49.5898566137, 2.14867375497;OISE
MERIGNAC;44.8322953289, -0.681733084891;GIRONDE
COURCHELETTES;50.3421628278, 3.05975008268;NORD
LES ORMES;46.9649927352, 0.622269662308;VIENNE
ST CLEMENT DE REGNAT;45.9980168992, 3.29522971;PUY DE DOME
STE COLOMBE;46.8735551517, 6.27545445456;DOUBS
BRETIGNY;49.2149558389, 0.662526045546;EURE
BEAUMES DE VENISE;44.1233856856, 5.02875589827;VAUCLUSE
SOUASTRE;50.1493830163, 2.57000343449;PAS DE CALAIS
LE PLESSIS ROBINSON;48.7804383642, 2.26064286011;HAUTS DE SEINE
GORNIES;43.8843569278, 3.62462795605;HERAULT
ST PIERRE LANGERS;48.7843094283, -1.48878829897;MANCHE
PEGOMAS;43.5865553156, 6.92224837943;ALPES MARITIMES
BAULE;47.8106703162, 1.66824027351;LOIRET
MEURCOURT;47.7660974032, 6.23487689466;HAUTE SAONE
MONTAILLOU;42.7801887504, 1.90255667259;ARIEGE
LOISIA;46.4942321244, 5.46231630746;JURA
HEURTEAUVILLE;49.4532160211, 0.801910726458;SEINE MARITIME
ARLEUX;50.2820675827, 3.11314479871;NORD
GOUY EN ARTOIS;50.2427202396, 2.59069547826;PAS DE CALAIS
ABBANS DESSOUS;47.1340668703, 5.87286847337;DOUBS
ST PIERRE DE JARDS;47.1019578321, 1.96965662578;INDRE
OREILLA;42.5763756825, 2.2219872927;PYRENEES ORIENTALES
LA TACHE;45.8701965185, 0.362525662176;CHARENTE
PROVENCHERES ET COLROY;48.3153511081, 7.07950479056;VOSGES
MONTMARAULT;46.3201872756, 2.95237432039;ALLIER
ST JACQUES DE LA LANDE;48.0755625884, -1.72405381322;ILE ET VILAINE
ST ELOI DE FOURQUES;49.2356732201, 0.802775022457;EURE
CAMARADE;43.0693773441, 1.27737161361;ARIEGE
LANGOGNE;44.7237405653, 3.83363110341;LOZERE
ST PIERRE LE VIEUX;44.844671879, 3.30623246683;LOZERE
GRATIBUS;49.6830172808, 2.54937370818;SOMME
VANCE;47.8347996701, 0.659547605602;SARTHE
BEAUGAS;44.5114048641, 0.623448360268;LOT ET GARONNE
THEYS;45.2975465976, 6.01339575189;ISERE
BARRET SUR MEOUGE;44.2647188875, 5.72864435071;HAUTES ALPES
ETAVIGNY;49.1276676436, 2.98017417243;OISE
GASTINES;47.9398573687, -1.11199461377;MAYENNE
PULNEY;48.3909723712, 6.03248056928;MEURTHE ET MOSELLE
UGNY SUR MEUSE;48.6380468267, 5.68950588575;MEUSE
CREDIN;48.0385062482, -2.76505746928;MORBIHAN
ORE;42.9736103236, 0.646200614078;HAUTE GARONNE
PARNAC;46.4410252486, 1.46522668172;INDRE
LASSALES;43.2097258268, 0.486113113941;HAUTES PYRENEES
BARZUN;43.2154362655, -0.134118816539;PYRENEES ATLANTIQUES
DOUCHAPT;45.2320756784, 0.4456872925;DORDOGNE
ECOT LA COMBE;48.208131496, 5.39669220982;HAUTE MARNE
HEUILLEY LE GRAND;47.7518661762, 5.39548262611;HAUTE MARNE
VEAUCHETTE;45.5619081956, 4.25092229875;LOIRE
STE ALAUZIE;44.3124307897, 1.320128298;LOT
PLEUMARTIN;46.7414633324, 0.759420018765;VIENNE
ST YVOINE;45.5750111656, 3.22572717039;PUY DE DOME
MERREY;48.052900906, 5.59302877424;HAUTE MARNE
COURCELLES EPAYELLES;49.5696380397, 2.62594591233;OISE
ST THEGONNEC LOC EGUINER;48.5113171528, -3.93813377559;FINISTERE
PIMPREZ;49.5123733256, 2.95178055109;OISE
ANGLUZELLES ET COURCELLES;48.6663421752, 3.90589421225;MARNE
BIENVILLE;49.4477920759, 2.82514033131;OISE
LA TRUCHERE;46.5167546433, 4.95800393539;SAONE ET LOIRE
LABASTIDE MARNHAC;44.386742628, 1.38959761841;LOT
TOUROUZELLE;43.247184256, 2.72709501548;AUDE
MONTBRAY;48.8830810349, -1.10930704314;MANCHE
VILLARS SOUS DAMPJOUX;47.3616773268, 6.75143878477;DOUBS
CHAMPIGNY LA FUTELAYE;48.8696186987, 1.30067720632;EURE
ST CHRISTOL LES ALES;44.0837854635, 4.0766500677;GARD
EVREUX;49.02015421, 1.14164412464;EURE
LAROQUE TIMBAUT;44.2774473869, 0.755893948106;LOT ET GARONNE
FREIX ANGLARDS;45.0176478672, 2.37730578519;CANTAL
MIRABEL;44.1424577987, 1.4113688594;TARN ET GARONNE
ERBEVILLER SUR AMEZULE;48.7297219006, 6.38825640905;MEURTHE ET MOSELLE
CHAMPAGNAC DE BELAIR;45.400469208, 0.69507098451;DORDOGNE
URDES;43.4397491635, -0.578016104788;PYRENEES ATLANTIQUES
ST SORLIN EN VALLOIRE;45.2782053024, 4.95829922451;DROME
LABEAUME;44.4680870605, 4.31105082566;ARDECHE
AUXON;48.0923181622, 3.92346188322;AUBE
MARCILLY ET DRACY;47.4053843394, 4.49597262896;COTE D OR
BURBACH;48.8975113337, 7.11153585144;BAS RHIN
MONOBLET;43.9963876562, 3.87875634436;GARD
THOUARSAIS BOUILDROUX;46.6062740621, -0.873461023865;VENDEE
MOUTERRE SUR BLOURDE;46.216506603, 0.768458601228;VIENNE
LE TRONCHET;48.1800998557, 0.0814798946478;SARTHE
NOGENT LE PHAYE;48.4518880415, 1.57822633062;EURE ET LOIR
NARROSSE;43.6936975467, -1.00852335605;LANDES
ST OUEN LA THENE;45.8643049345, -0.170063984534;CHARENTE MARITIME
LAGNY;49.6104257346, 2.91470679251;OISE
PONT ST MARTIN;47.126582936, -1.56594193848;LOIRE ATLANTIQUE
COUSSEGREY;47.95007971, 4.03054692613;AUBE
MONTCEAUX RAGNY;46.6203875932, 4.84178033117;SAONE ET LOIRE
CIVENS;45.7678114571, 4.23353082374;LOIRE
QUEANT;50.1765937301, 2.98518027531;PAS DE CALAIS
VAIGES;48.0506374243, -0.471285801786;MAYENNE
LA GENEVRAYE;48.3150277838, 2.75296542795;SEINE ET MARNE
ROTALIER;46.5832064756, 5.47700815924;JURA
CAZEAUX DE LARBOUST;42.7515051317, 0.532234410988;HAUTE GARONNE
RIOMS;44.2699144259, 5.46075081243;DROME
LES CHERES;45.893124529, 4.74321692649;RHONE
BROUSSE;45.6003729958, 3.46386697811;PUY DE DOME
ST PRIVAT D ALLIER;45.0017025965, 3.66961658789;HAUTE LOIRE
CAZIDEROQUE;44.4042830502, 0.930041418738;LOT ET GARONNE
DOUZENS;43.1792686737, 2.61186266424;AUDE
MOUTON;45.8874435614, 0.236451070535;CHARENTE
NIZEROLLES;46.1072966632, 3.64408039597;ALLIER
ETRELLES SUR AUBE;48.5592832077, 3.8771042148;AUBE
GOINCOURT;49.4249364687, 2.03316738421;OISE
LE PIAN MEDOC;44.9562692622, -0.670672181899;GIRONDE
VILLIERSFAUX;47.7456821504, 0.981092856048;LOIR ET CHER
JAVERNANT;48.1590647301, 3.99847725785;AUBE
GAURIAGUET;45.0457476873, -0.395962651945;GIRONDE
GRASSENDORF;48.8148050236, 7.61013928029;BAS RHIN
ST MARTIN DE VALAMAS;44.9365910249, 4.37076169199;ARDECHE
CHARMOY;48.3932867782, 3.58043109373;AUBE
CHALLET;48.5557196797, 1.42782660043;EURE ET LOIR
BONSON;45.5220857407, 4.22151504235;LOIRE
LIGNAC;46.4761367692, 1.20092870282;INDRE
VARENNES;44.8341720876, 0.668144001791;DORDOGNE
VILLERS AUX ERABLES;49.7918542395, 2.5288735418;SOMME
TREMBLAY;48.4172708877, -1.45787643145;ILE ET VILAINE
OUSSON SUR LOIRE;47.6001760382, 2.79533560153;LOIRET
BONNEVAL SUR ARC;45.3858269371, 7.09178979521;SAVOIE
VARENNES LES MACON;46.2683636158, 4.8066970954;SAONE ET LOIRE
HAUTAGET;43.0583239771, 0.456670276219;HAUTES PYRENEES
SANCOURT;49.3535843441, 1.67606825753;EURE
AIGUEBLANCHE;45.5198646844, 6.51470725301;SAVOIE
DAUBEUF SERVILLE;49.6960147715, 0.481684076028;SEINE MARITIME
COUSOLRE;50.2372536419, 4.15308223751;NORD
QUISTINIC;47.9093287127, -3.12816047592;MORBIHAN
AVENTIGNAN;43.061616187, 0.523748074875;HAUTES PYRENEES
MANTES LA VILLE;48.9747939435, 1.71205571778;YVELINES
LOCONVILLE;49.2574394193, 1.91981496985;OISE
BAIGNEAUX;47.7751440028, 1.25868838159;LOIR ET CHER
TREMOLAT;44.874717216, 0.833953321497;DORDOGNE
LAVAUR;44.6249045727, 1.02459640897;DORDOGNE
ST PAUL LES FONTS;44.0756512513, 4.61675819093;GARD
CAMBLANES ET MEYNAC;44.7664526073, -0.475866480687;GIRONDE
FOURNELS;44.8115219718, 3.12932702251;LOZERE
ERCOURT;50.0405703516, 1.72408461837;SOMME
RUFFIEUX;45.8514912091, 5.84328531384;SAVOIE
LES LOGES;49.6976413785, 0.284739023894;SEINE MARITIME
BRUGNAC;44.450750609, 0.45284547075;LOT ET GARONNE
TAURIAC;43.8795465115, 1.59365631219;TARN
ST MARTIN DE ST MAIXENT;46.3892461256, -0.203596354099;DEUX SEVRES
VIVIERS;44.4834547319, 4.66986126314;ARDECHE
PARGNY SOUS MUREAU;48.3646298199, 5.58928467692;VOSGES
ST MATRE;44.4034192657, 1.11751838823;LOT
JOURNY;50.7533388277, 2.0030860324;PAS DE CALAIS
BREMUR ET VAUROIS;47.7295472183, 4.60931120174;COTE D OR
BRAS;43.4704081648, 5.95853254417;VAR
MONTMOTIER;47.980174233, 6.17363350663;VOSGES
ACHEUX EN AMIENOIS;50.0715561395, 2.53117777106;SOMME
CASSAIGNE;43.9038282456, 0.344845164454;GERS
LAMBESC;43.6615217681, 5.25191446931;BOUCHES DU RHONE
ST LUMINE DE CLISSON;47.0796411393, -1.36298171094;LOIRE ATLANTIQUE
NEFFES;44.4958417609, 6.02550737641;HAUTES ALPES
AIGUEZE;44.3160186564, 4.51739879151;GARD
AUZIELLE;43.540140769, 1.56831984014;HAUTE GARONNE
FRELAND;48.1836015307, 7.18808543159;HAUT RHIN
ST JEAN DE BOISEAU;47.1940918482, -1.71963718328;LOIRE ATLANTIQUE
ST PIERRE DU CHEMIN;46.6957771744, -0.701777715154;VENDEE
BOURESSE;46.3555804441, 0.581776252494;VIENNE
MAROLLES EN HUREPOIX;48.5649798618, 2.29920657171;ESSONNE
LAGEON;46.7303622992, -0.249500520917;DEUX SEVRES
STE BAZEILLE;44.5304887615, 0.103191443155;LOT ET GARONNE
LA CROIX VALMER;43.1951890718, 6.5862813598;VAR
BETHANCOURT EN VALOIS;49.2792326515, 2.87566048733;OISE
BONNEFONT;43.2439914702, 0.344903520312;HAUTES PYRENEES
ARRANS;47.6899641108, 4.3280716946;COTE D OR
CHENOIS;48.9576168886, 6.48910214477;MOSELLE
ROSOY;49.3392916564, 2.50928278389;OISE
CODALET;42.5997201968, 2.41580874288;PYRENEES ORIENTALES
BARON SUR ODON;49.1280853524, -0.481929855729;CALVADOS
IDRON;43.2983178945, -0.306106204673;PYRENEES ATLANTIQUES
BOUTTEVILLE;49.3907224421, -1.25588804338;MANCHE
ST JULIEN AUX BOIS;45.1239920937, 2.1459890004;CORREZE
LOGRIAN FLORIAN;43.946291935, 4.02495373936;GARD
PLOUEZEC;48.7387813748, -2.9791439557;COTES D ARMOR
ST AMAND MAGNAZEIX;46.1842804028, 1.35791469518;HAUTE VIENNE
EVERLY;48.4602932041, 3.2638422634;SEINE ET MARNE
VIVOIN;48.2401913817, 0.162292381772;SARTHE
ST GERMAIN DES PRES;47.9656628356, 2.84890321782;LOIRET
VENDEGIES SUR ECAILLON;50.2600667641, 3.50791948811;NORD
VILLIERS COUTURE;45.9838256674, -0.152059311199;CHARENTE MARITIME
ANET;48.8531068723, 1.44282251415;EURE ET LOIR
GLENAY;46.856442767, -0.241719789951;DEUX SEVRES
ST FORGEUX;45.8538939544, 4.46335108066;RHONE
BUCAMPS;49.5247948425, 2.3166105981;OISE
CARHAIX PLOUGUER;48.2687578823, -3.56626363851;FINISTERE
LAPPION;49.5898015281, 3.96457967258;AISNE
MONTAIGU LA BRISETTE;49.5672343716, -1.42035332441;MANCHE
TANCARVILLE;49.4813646581, 0.451857547923;SEINE MARITIME
LA BEGUDE DE MAZENC;44.5522749544, 4.93110207079;DROME
HEBECOURT;49.3572259501, 1.7219611931;EURE
NAISEY LES GRANGES;47.2083549506, 6.2346662977;DOUBS
VAL D ISERE;45.4310113935, 6.99852444032;SAVOIE
AUBILLY;49.2127739521, 3.85555629436;MARNE
FURMEYER;44.5368984209, 5.87585358829;HAUTES ALPES
VAHL LES FAULQUEMONT;49.0220687137, 6.63107150458;MOSELLE
LES ANGLES;43.0840991852, 0.00392016448307;HAUTES PYRENEES
DOUCIER;46.6499567029, 5.77799951166;JURA
CORAY;48.0658709885, -3.85508306366;FINISTERE
PY;42.4733047636, 2.36001969105;PYRENEES ORIENTALES
PIERREFICHE;44.4338467479, 2.92167553343;AVEYRON
MONTERFIL;48.059933472, -1.99008537755;ILE ET VILAINE
ASTE BEON;43.0305496433, -0.397677517551;PYRENEES ATLANTIQUES
GAUBERTIN;48.1258029948, 2.42594783192;LOIRET
LAMASTRE;44.9822539936, 4.59081075503;ARDECHE
MOSNES;47.4460775152, 1.09838820184;INDRE ET LOIR
ABRIES;44.8163462455, 6.94164442809;HAUTES ALPES
COURGEAC;45.3944594925, 0.0818231361752;CHARENTE
REMENNECOURT;48.7994502862, 4.91706495138;MEUSE
ST QUENTIN LA MOTTE CROIX AU BAILLY;50.0736550841, 1.45100118473;SOMME
BARBAZAN;43.0349167562, 0.621843270665;HAUTE GARONNE
DAVREY;48.0459988862, 3.96029506309;AUBE
CHANGY;46.1458600113, 3.89966724243;LOIRE
BIARROTTE;43.5574062993, -1.27377772361;LANDES
VARENNES;43.9165718677, 1.49011749068;TARN ET GARONNE
CLOYES SUR MARNE;48.6612318612, 4.64206905718;MARNE
PLOURIVO;48.7416286084, -3.09320460347;COTES D ARMOR
MONTIGNY SUR L AIN;46.7050355286, 5.79177737951;JURA
BALLEROY SUR DROME;49.1801660324, -0.839275566606;CALVADOS
LAYS SUR LE DOUBS;46.9201256677, 5.24330208466;SAONE ET LOIRE
ST MARTIN AUX BUNEAUX;49.8270470687, 0.550567234942;SEINE MARITIME
WALTENHEIM;47.6556165524, 7.42289070727;HAUT RHIN
CONDES;48.1420892135, 5.14324861233;HAUTE MARNE
BAUDIGNECOURT;48.5651974464, 5.45858309464;MEUSE
ANTIGNY;46.5360016424, 0.839149696505;VIENNE
PIERRERUE;43.9623331645, 5.83601873141;ALPES DE HAUTE PROVENCE
SAUNAY;47.5987929508, 0.95907236748;INDRE ET LOIR
VARENNE ST GERMAIN;46.4373098017, 4.02659181571;SAONE ET LOIRE
PRINCAY;46.9289774841, 0.253952307477;VIENNE
RECOURT;50.2572703806, 3.02765469348;PAS DE CALAIS
LANDEVANT;47.7714410604, -3.11373409438;MORBIHAN
HEDAUVILLE;50.0483166875, 2.56989757012;SOMME
AUDERVILLE;49.7072355624, -1.93531188214;MANCHE
WEGSCHEID;47.8152049638, 6.97607709071;HAUT RHIN
ST JULIEN LE FAUCON;49.0671059912, 0.081277910801;CALVADOS
KIRSCH LES SIERCK;49.437242014, 6.41053052228;MOSELLE
THENEZAY;46.7132141775, -0.0410463377578;DEUX SEVRES
TREJOULS;44.2668414309, 1.20229550462;TARN ET GARONNE
SERAUCOURT LE GRAND;49.780519235, 3.21829749297;AISNE
LUSSAS;44.6192177092, 4.46630461903;ARDECHE
ST BONNET PRES BORT;45.506914894, 2.4263926381;CORREZE
VEMARS;49.0628571398, 2.56723072677;VAL D OISE
CUQ;43.6534622232, 2.08686344957;TARN
VILLERS ROBERT;46.967058004, 5.5201774249;JURA
CHANTRANS;47.0477460774, 6.16353019875;DOUBS
ST DOMET;46.050744775, 2.29544986459;CREUSE
JANCIGNY;47.3834784994, 5.42112913608;COTE D OR
PAMFOU;48.4686137503, 2.86415645196;SEINE ET MARNE
COURET;43.0492105288, 0.816891672701;HAUTE GARONNE
MAGNEUX HAUTE RIVE;45.6697850452, 4.17067905601;LOIRE
POMPORT;44.7950411851, 0.412973178168;DORDOGNE
FRESNEY LE PUCEUX;49.0660952631, -0.3530701321;CALVADOS
ROMONT;48.3466157075, 6.58079592867;VOSGES
LA SELLE SUR LE BIED;48.0762829727, 2.88839623055;LOIRET
DRACHE;47.0667689178, 0.63417537675;INDRE ET LOIR
ST GENEST MALIFAUX;45.3472458116, 4.43132626452;LOIRE
LABOURSE;50.4933712663, 2.68345429185;PAS DE CALAIS
GENLIS;47.2407395134, 5.2209768706;COTE D OR
COUZON;46.6443750911, 3.11347416578;ALLIER
MAILHAC SUR BENAIZE;46.3105169411, 1.31571344485;HAUTE VIENNE
ST LOUBOUER;43.6802066346, -0.418381695842;LANDES
USSY SUR MARNE;48.9665838811, 3.08198151842;SEINE ET MARNE
LAY ST CHRISTOPHE;48.753844505, 6.19506078007;MEURTHE ET MOSELLE
CUERS;43.2411645502, 6.06856350453;VAR
FRANCILLON;46.9464450461, 1.55776812764;INDRE
ST LEONARD;48.2151642613, 6.91831630408;VOSGES
CHARDOGNE;48.827232312, 5.13068088608;MEUSE
LOCTUDY;47.8239824718, -4.1873881827;FINISTERE
ASSAC;43.9784300195, 2.43430907568;TARN
AUTECHAUX ROIDE;47.3889980473, 6.8102011305;DOUBS
LEIGNEUX;45.7434903751, 3.98404823618;LOIRE
LE BOUCHAUD;46.3073055814, 3.90705346696;ALLIER
ALBIAS;44.0815971851, 1.44856431622;TARN ET GARONNE
BLAUZAC;43.9671760777, 4.37507310101;GARD
BERVILLE;49.1924943178, 2.07091417142;VAL D OISE
BRANSLES;48.1490796752, 2.82814445347;SEINE ET MARNE
SEGNY;46.2935928404, 6.07287743792;AIN
NIELLES LES CALAIS;50.9070271437, 1.83253644288;PAS DE CALAIS
FLEVILLE LIXIERES;49.2429244428, 5.81464794353;MEURTHE ET MOSELLE
ORMERSVILLER;49.133604967, 7.33481433142;MOSELLE
CERISY;49.8960525019, 2.6224408332;SOMME
ST ALBAN AURIOLLES;44.4342653055, 4.29515757348;ARDECHE
MONTZEVILLE;49.1881158405, 5.21643042708;MEUSE
ST PALAIS;45.3095196447, -0.598080918654;GIRONDE
GOUY EN TERNOIS;50.3226610933, 2.41085838264;PAS DE CALAIS
LUZE;47.606620843, 6.7184633564;HAUTE SAONE
BOITRON;48.8965868598, 3.26188355205;SEINE ET MARNE
LOZINGHEM;50.516650369, 2.49540704274;PAS DE CALAIS
ST SORNIN;45.770317043, -0.975040646755;CHARENTE MARITIME
ST LOUP;46.9965194373, 5.30532053825;JURA
MANOSQUE;43.8354040831, 5.79106654173;ALPES DE HAUTE PROVENCE
FRAISSE SUR AGOUT;43.5926354982, 2.79705531131;HERAULT
CACHEN;44.0795116386, -0.417533535024;LANDES
LA TOURETTE;45.423867276, 4.08330513601;LOIRE
ST JOUIN DE BLAVOU;48.4486820251, 0.4823333383;ORNE
AUTRECHENE;47.5919647033, 6.96347182318;TERRITOIRE DE BELFORT
COURCELLES SUR VESLE;49.348025885, 3.57684035869;AISNE
DOAZON;43.4553885972, -0.553044979993;PYRENEES ATLANTIQUES
VALLERET;48.4875952404, 5.01041992627;HAUTE MARNE
MARCHEVILLE;48.3638497344, 1.24329723832;EURE ET LOIR
ABOEN;45.412713546, 4.12725438172;LOIRE
ERLON;49.7348278249, 3.70534450333;AISNE
LIGNEVILLE;48.1635558918, 5.95344174382;VOSGES
ILLOUD;48.2160151188, 5.55304320685;HAUTE MARNE
JULLY SUR SARCE;48.1093784032, 4.27896296747;AUBE
AUSSONNE;43.6836034494, 1.32887054853;HAUTE GARONNE
FONTENILLE ST MARTIN D ENTRAIGUES;46.1121201701, -0.132411224833;DEUX SEVRES
ROQUETAILLADE;42.9986140318, 2.20719582906;AUDE
LANFAINS;48.3653621373, -2.91178425275;COTES D ARMOR
LE SEN;44.1436565656, -0.50070045838;LANDES
LE MESNIL RAINFRAY;48.6620724926, -1.04831541531;MANCHE
BETTLACH;47.511555294, 7.42254471079;HAUT RHIN
PLOERDUT;48.092400423, -3.28849567828;MORBIHAN
BELLEHERBE;47.2636257295, 6.65161515081;DOUBS
CHAVAGNES LES REDOUX;46.7101499475, -0.915900131393;VENDEE
COMPAINVILLE;49.6584559253, 1.55975228232;SEINE MARITIME
FRANCONVILLE;48.9884161105, 2.2238932062;VAL D OISE
BEROU LA MULOTIERE;48.7406485574, 1.07282067612;EURE ET LOIR
FLEURIEL;46.2870292399, 3.16169451004;ALLIER
CORMENON;47.962055026, 0.907252808617;LOIR ET CHER
MAZOIRES;45.3952258023, 3.04773640705;PUY DE DOME
FLOIRAC;44.8338094646, -0.520646895866;GIRONDE
ST SATURNIN;45.6676447323, 0.0400326832597;CHARENTE
ESCHBACH AU VAL;48.0218694285, 7.1465502338;HAUT RHIN
CORCELLES EN BEAUJOLAIS;46.153800482, 4.72504633206;RHONE
CHALETTE SUR VOIRE;48.4518666815, 4.42460080275;AUBE
RAIVAL;48.8854759177, 5.25147773833;MEUSE
JOUY EN PITHIVERAIS;48.1497403128, 2.13178750003;LOIRET
LEUBRINGHEN;50.853723675, 1.73268337788;PAS DE CALAIS
MEGEVETTE;46.208458258, 6.51327068897;HAUTE SAVOIE
NUAILLE;47.0863010668, -0.777309742731;MAINE ET LOIRE
FONTENAI SUR ORNE;48.7169406919, -0.0739482661223;ORNE
VIGNEUX HOCQUET;49.7440393657, 3.99489165596;AISNE
OSSE;48.0586375184, -1.45913837377;ILE ET VILAINE
LAVAL ST ROMAN;44.300208195, 4.50443092507;GARD
OBERHASLACH;48.5685057118, 7.29548789735;BAS RHIN
CUHON;46.7619647727, 0.105709107422;VIENNE
CHASSEY LES SCEY;47.643695982, 5.98609358914;HAUTE SAONE
GRESY SUR AIX;45.7239088376, 5.9343072349;SAVOIE
BAVAY;50.2936087618, 3.80308794658;NORD
FOIX;42.9658502274, 1.61037495894;ARIEGE
SEIGNEULLES;48.8524409919, 5.23092840664;MEUSE
LYON 08;45.7342034691, 4.86935722305;RHONE
ORVE;47.3380513604, 6.55949907645;DOUBS
THOIRETTE;46.2790299356, 5.52403173219;JURA
CHATEAUNEUF;45.5473788658, 6.18096637147;SAVOIE
ST PANTALY D EXCIDEUIL;45.31204529, 1.01148957185;DORDOGNE
ST JULIEN;48.021137571, 5.90624995878;VOSGES
CORBAS;45.6680498711, 4.90843949215;RHONE
SAUVOY;48.6394778194, 5.59975067222;MEUSE
RANRUPT;48.3735594187, 7.19531631799;BAS RHIN
MEON;47.4730078794, 0.113522965936;MAINE ET LOIRE
ETALONDES;50.0327111921, 1.389654721;SEINE MARITIME
ST BON;48.6810933106, 3.4758256593;MARNE
BEY;46.8212987385, 4.96979880981;SAONE ET LOIRE
PLOUVORN;48.5765978002, -4.02210161181;FINISTERE
ST VINCENT;45.5472176594, 3.12590149636;PUY DE DOME
CHEVIGNY EN VALIERE;46.9686024857, 4.98151445256;COTE D OR
RELEVANT;46.0843657897, 4.94176845356;AIN
OUTREBOIS;50.169788556, 2.25158068165;SOMME
JUVIGNY;49.0158806281, 4.27525107126;MARNE
NEAUPHLE LE CHATEAU;48.8130997421, 1.90470412718;YVELINES
VILLABON;47.1024871236, 2.67863881659;CHER
SUBLES;49.2391973351, -0.749928429068;CALVADOS
BRIDES LES BAINS;45.4538077442, 6.56840188785;SAVOIE
CHERBOURG EN COTENTIN;49.633412156, -1.63390160204;MANCHE
ARABAUX;42.980519234, 1.63390482016;ARIEGE
PRADS HAUTE BLEONE;44.2134336367, 6.46376994635;ALPES DE HAUTE PROVENCE
PLONEVEZ PORZAY;48.1272296746, -4.23927606607;FINISTERE
FILLE;47.9023789335, 0.115228035183;SARTHE
LE LOUROUX;47.1561046765, 0.761738298456;INDRE ET LOIR
VAL D EPY;46.3756497717, 5.39068206826;JURA
TERMES D ARMAGNAC;43.6736657601, -0.0144861541884;GERS
FONTVIEILLE;43.7232610704, 4.72310168882;BOUCHES DU RHONE
GOURNAY LOIZE;46.1501272552, -0.0484413702112;DEUX SEVRES
FELINES SUR RIMANDOULE;44.5855071367, 5.05544129691;DROME
CRILLON;49.5259729634, 1.9257668088;OISE
BOISSEDE;43.4071039513, 0.826216857936;HAUTE GARONNE
CONSIGNY;48.1654075569, 5.41135471652;HAUTE MARNE
ECQUETOT;49.1695457019, 1.01305919876;EURE
LA NEUVILLE SIRE BERNARD;49.7428027758, 2.52313331423;SOMME
NOIDANT LE ROCHEUX;47.822685302, 5.25671203266;HAUTE MARNE
LIVRY;46.7686585382, 3.07241225301;NIEVRE
MOULINES;48.9921142499, -0.347452623429;CALVADOS
HOUVILLE LA BRANCHE;48.4443093655, 1.63867238053;EURE ET LOIR
NEUFMANIL;49.8226585503, 4.8066677893;ARDENNES
BAGNOLES DE L ORNE NORMANDIE;48.5556585202, -0.419510749596;ORNE
MONSWILLER;48.7521963056, 7.38626447438;BAS RHIN
LA CELLE;43.384370351, 5.99861411611;VAR
FONTET;44.5553150751, -0.0279073992518;GIRONDE
MEILLERIE;46.4006869695, 6.73172142623;HAUTE SAVOIE
MONCHY HUMIERES;49.4768018948, 2.73831899509;OISE
NONETTE ORSONNETTE;45.4846982805, 3.28374300124;PUY DE DOME
BERENGEVILLE LA CAMPAGNE;49.1133913572, 1.05847119892;EURE
CREVECOEUR SUR L ESCAUT;50.0727577904, 3.26867770233;NORD
VENNECY;47.9551852043, 2.05249130958;LOIRET
PORT DE LANNE;43.567591642, -1.17971224774;LANDES
BALESTA;43.2022153285, 0.563416823751;HAUTE GARONNE
VILLERS SUR FERE;49.1715150184, 3.53152683586;AISNE
LIEFFRANS;47.5224824778, 5.96809536182;HAUTE SAONE
PUISEUX EN FRANCE;49.0668504076, 2.48852340935;VAL D OISE
CHARBOGNE;49.5061470622, 4.59006670557;ARDENNES
GUIBEVILLE;48.5671878264, 2.27170202676;ESSONNE
BEAUREPAIRE;49.2916886469, 2.56951230843;OISE
RORSCHWIHR;48.219003777, 7.36549943321;HAUT RHIN
AUREIL;45.8095050976, 1.40129162849;HAUTE VIENNE
MONTIGNY SUR AVRE;48.7203880517, 1.01209586638;EURE ET LOIR
ROSIERES EN HAYE;48.7887620436, 5.99419781093;MEURTHE ET MOSELLE
BOURG DE SIROD;46.7297500419, 5.95586980597;JURA
MOYAUX;49.1950035194, 0.351238827177;CALVADOS
BASSE GOULAINE;47.2120137336, -1.46246852595;LOIRE ATLANTIQUE
VANDENESSE;46.9128337385, 3.77795147316;NIEVRE
LA CHAPELLE BLANCHE;48.2679026363, -2.12896816388;COTES D ARMOR
NONARDS;45.0199014556, 1.80919700303;CORREZE
BOUSSAC;46.3477988383, 2.2230835624;CREUSE
AUFFARGIS;48.6842952632, 1.90243823035;YVELINES
TREBONS;43.0950124343, 0.107093938563;HAUTES PYRENEES
CAMPIGNY;49.2492188135, -0.800557652048;CALVADOS
AVANCON;44.5339475338, 6.19116390114;HAUTES ALPES
VILLARS LES BLAMONT;47.3679686248, 6.87102265307;DOUBS
SANTENAY;46.9174107559, 4.6933727007;COTE D OR
DACHSTEIN;48.553555897, 7.54050377618;BAS RHIN
LICEY SUR VINGEANNE;47.4868270493, 5.37313028131;COTE D OR
TOUR DE FAURE;44.4763123907, 1.68646550409;LOT
BURLIONCOURT;48.8625578408, 6.57951956171;MOSELLE
ACQUEVILLE;48.9707723348, -0.370569787923;CALVADOS
ST MARTIN DE MAILLOC;49.088406569, 0.286444688377;CALVADOS
RANCE;45.9673905154, 4.86343025951;AIN
GANNAT;46.0984192073, 3.17790823629;ALLIER
TOURTROL;43.0689607654, 1.79942821361;ARIEGE
EPIAIS LES LOUVRES;49.030193287, 2.54884090855;VAL D OISE
BLANZAY SUR BOUTONNE;46.0542310173, -0.42559316503;CHARENTE MARITIME
MONTVENDRE;44.8660693577, 5.01205997736;DROME
AROMAS;46.2931394653, 5.4882078411;JURA
PAINBLANC;47.1486717783, 4.62462875846;COTE D OR
SCEAUX D ANJOU;47.6313080266, -0.60969581753;MAINE ET LOIRE
CHADURIE;45.4963678637, 0.142555563027;CHARENTE
ECOUVIEZ;49.5332207163, 5.45169555956;MEUSE
LESSAC;46.0698879321, 0.6490709569;CHARENTE
LAUMESFELD;49.3683939393, 6.44377458501;MOSELLE
LANTHENANS;47.391506382, 6.62489828601;DOUBS
PRESILLY;46.5577104313, 5.58192329042;JURA
MOUTOUX;46.790683672, 5.94357919942;JURA
LIEZEY;48.0953821973, 6.80125032702;VOSGES
ST MANDE;48.842440243, 2.4192191088;VAL DE MARNE
SAVIGNAC LES EGLISES;45.2753181041, 0.911755704648;DORDOGNE
LEULINGHEM;50.7346790388, 2.16911709043;PAS DE CALAIS
LA ROQUE SUR CEZE;44.1901881744, 4.51851871798;GARD
LOR;49.5296668744, 4.05453884406;AISNE
TAUXIGNY;47.2077298094, 0.829508341853;INDRE ET LOIR
STE MARIE;44.4639998729, 5.47415675357;HAUTES ALPES
GILHAC ET BRUZAC;44.8632410732, 4.74540308425;ARDECHE
GUYANS DURNES;47.1294465972, 6.24421111235;DOUBS
TREBONS DE LUCHON;42.8038266545, 0.568978868015;HAUTE GARONNE
LA ROQUILLE;44.7853020324, 0.232048719283;GIRONDE
ST VINCENT DE BARRES;44.6573798022, 4.70779936262;ARDECHE
ST JEAN POUDGE;43.5282173941, -0.185319400051;PYRENEES ATLANTIQUES
ST GENIS SUR MENTHON;46.2815955593, 5.01311826405;AIN
ST PIERRE DE RIVIERE;42.9664677033, 1.55739954781;ARIEGE
LE CHATEAU D OLERON;45.8813853125, -1.2166234835;CHARENTE MARITIME
BLAINVILLE SUR ORNE;49.2281536645, -0.304322423176;CALVADOS
GUITINIERES;45.443029378, -0.511210601117;CHARENTE MARITIME
OELLEVILLE;48.3352451365, 6.02078424546;VOSGES
ORCENAIS;46.7097819686, 2.413665719;CHER
ROUILLY;48.5914740007, 3.28881979874;SEINE ET MARNE
OUSSIERES;46.914654871, 5.5977384615;JURA
PEYRAUD;45.2964031304, 4.78361394668;ARDECHE
LUCMAU;44.2944038567, -0.34085237286;GIRONDE
CAUREL;48.2174929186, -3.03912120085;COTES D ARMOR
TINCOURT BOUCLY;49.93851401, 3.04921316346;SOMME
FREVILLERS;50.40086365, 2.52420922895;PAS DE CALAIS
LUTZELHOUSE;48.5376842701, 7.24174255302;BAS RHIN
LE PRADAL;43.6331733126, 3.09603125078;HERAULT
VAL D ORNAIN;48.8072006792, 5.08545079895;MEUSE
SENNEVOY LE HAUT;47.8116022646, 4.26474148707;YONNE
MANE;43.9388973757, 5.74234213479;ALPES DE HAUTE PROVENCE
PARIS 07;48.8560825982, 2.31243868773;PARIS
ESTAING;42.8811154225, -0.205984086638;HAUTES PYRENEES
GADANCOURT;49.0985979496, 1.85847770637;VAL D OISE
ST AUBIN DES LANDES;48.1003176943, -1.29173658407;ILE ET VILAINE
LA SELLE EN HERMOY;48.0055574782, 2.88981309888;LOIRET
UXELLES;46.6023318887, 5.79058754069;JURA
MONTFORT SUR BOULZANE;42.7299809586, 2.3081472407;AUDE
LA FERRIERE AIROUX;46.314702219, 0.410169403007;VIENNE
POILLE SUR VEGRE;47.9162913627, -0.271498760066;SARTHE
BELLEFONTAINE;48.0103753572, 6.46413016754;VOSGES
MAUCOMBLE;49.6874845722, 1.3335829013;SEINE MARITIME
RECQUIGNIES;50.2766724838, 4.04841593336;NORD
PANAZOL;45.8407332178, 1.32357791715;HAUTE VIENNE
SALLANCHES;45.9468155788, 6.60711053078;HAUTE SAVOIE
TILLEUX;48.300687852, 5.73148018927;VOSGES
CESARCHES;45.7027845836, 6.41379630554;SAVOIE
ST MARCEL D ARDECHE;44.3299965394, 4.60656490626;ARDECHE
SAIZY;47.3561828054, 3.69933759931;NIEVRE
JANVILLE;49.1637989299, -0.16374713319;CALVADOS
FLAVIGNY;48.9752908905, 4.06189871068;MARNE
LISSAC SUR COUZE;45.1101297922, 1.45969694671;CORREZE
CASTILLONNES;44.6392690968, 0.605732288011;LOT ET GARONNE
DIUSSE;43.5668688531, -0.171440879545;PYRENEES ATLANTIQUES
BLANGY SUR BRESLE;49.9167725576, 1.62061411438;SEINE MARITIME
CHAUMONT LA VILLE;48.1446272021, 5.64945872273;HAUTE MARNE
MANGONVILLE;48.451085439, 6.28899041903;MEURTHE ET MOSELLE
MENETREOL SUR SAULDRE;47.4492645796, 2.28919930446;CHER
ST QUENTIN LES ANGES;47.777433487, -0.874589070438;MAYENNE
GIERES;45.1823272189, 5.79171566019;ISERE
ARANCOU;43.4438787221, -1.05280002539;PYRENEES ATLANTIQUES
TRUCY;49.472149818, 3.61092318317;AISNE
JUIGNAC;45.3679418137, 0.158358681368;CHARENTE
PAULX;46.95778792, -1.77844057969;LOIRE ATLANTIQUE
TILLOY LEZ MARCHIENNES;50.4251780134, 3.32276515057;NORD
AMFROIPRET;50.2776390302, 3.73565394566;NORD
THEIZE;45.9407758878, 4.62735896797;RHONE
WISSOUS;48.7294509959, 2.32903292215;ESSONNE
SAUBION;43.6734751398, -1.33295419507;LANDES
NOTRE DAME DU PARC;49.7497846013, 1.12889565067;SEINE MARITIME
WARNECOURT;49.7325377304, 4.65582481048;ARDENNES
FOUCHECOURT;47.7897792955, 5.9864123843;HAUTE SAONE
BERGERES SOUS MONTMIRAIL;48.8453830392, 3.59711725011;MARNE
ST SULPICE;47.0624951748, 3.36019421637;NIEVRE
GRETZ ARMAINVILLIERS;48.7495328893, 2.72623578521;SEINE ET MARNE
WAVRILLE;49.3187272917, 5.37534023156;MEUSE
ST SAUVIER;46.396594391, 2.33154584912;ALLIER
ST LEONARD DE NOBLAT;45.8409102505, 1.4960643503;HAUTE VIENNE
CAMBRONNE LES RIBECOURT;49.5062092065, 2.89807134548;OISE
BOUQUEMONT;48.9814089324, 5.43303376805;MEUSE
EXINCOURT;47.5014159474, 6.83497235294;DOUBS
LESSARD EN BRESSE;46.7410862327, 5.08364517208;SAONE ET LOIRE
SAMAZAN;44.4348291944, 0.109706411573;LOT ET GARONNE
AUDIGNON;43.7229002763, -0.591261477363;LANDES
ST SATURNIN;48.0593049019, 0.172849807382;SARTHE
MOUSTIER;44.6425608196, 0.301343634171;LOT ET GARONNE
MONTOISON;44.7975529073, 4.93043285806;DROME
ST LEONARD DES PARCS;48.6460340258, 0.276826106353;ORNE
CREPOL;45.1749370452, 5.06902738769;DROME
LONGEVES;46.2376082044, -0.974659436539;CHARENTE MARITIME
FAVIERES;48.5320826189, 1.22893932026;EURE ET LOIR
CHANTELLE;46.2365355832, 3.16046709261;ALLIER
CESSERAS;43.3311589874, 2.70406695025;HERAULT
LILHAC;43.2848643262, 0.809582811778;HAUTE GARONNE
CHANTEMERLE LES BLES;45.1232050838, 4.88926895841;DROME
AVESNELLES;50.1056589526, 3.95096845588;NORD
LARROQUE;43.1954638712, 0.613620624172;HAUTE GARONNE
LANVAUDAN;47.8927979736, -3.24455555644;MORBIHAN
POMPS;43.4857880693, -0.553202333963;PYRENEES ATLANTIQUES
CHAMPIGNY SUR MARNE;48.817254364, 2.51709815257;VAL DE MARNE
LIEUCHE;44.0015669365, 7.03241078566;ALPES MARITIMES
AUTREVILLE ST LAMBERT;49.5627667761, 5.13433361931;MEUSE
JAULDES;45.7808261202, 0.250693934038;CHARENTE
BONNINGUES LES ARDRES;50.7756349885, 2.0218630949;PAS DE CALAIS
REUGNEY;47.0103494602, 6.15267217668;DOUBS
CROUY ST PIERRE;49.9600035643, 2.09312731925;SOMME
MORACHES;47.2847629548, 3.54492476259;NIEVRE
LE VAL;43.4452384829, 6.05179903767;VAR
ORBAIS L ABBAYE;48.9434307489, 3.69982605989;MARNE
SOUMOULOU;43.2616113493, -0.192918125557;PYRENEES ATLANTIQUES
BEUZEVILLE;49.3380079083, 0.342706713598;EURE
BAALONS;49.6016790531, 4.66754593239;ARDENNES
MAGRIN;43.61527201, 1.9211779967;TARN
MONS;45.8060909657, -0.337202264129;CHARENTE MARITIME
ECLEUX;46.9949161228, 5.73686979775;JURA
SAUZET;44.418405817, 1.25953529906;LOT
SOREAC;43.3124691316, 0.159501219686;HAUTES PYRENEES
HENU;50.1563296482, 2.5317199579;PAS DE CALAIS
GRIGNAN;44.4369175751, 4.90180143483;DROME
AUBENASSON;44.6779492335, 5.14503680871;DROME
ST PAUL TROIS CHATEAUX;44.3482808478, 4.75744934383;DROME
CHEY;46.2935127706, -0.049821520326;DEUX SEVRES
LESSARD LE NATIONAL;46.8732289132, 4.84609901293;SAONE ET LOIRE
ST BAZILE;45.7346220066, 0.807218203369;HAUTE VIENNE
LE PONT CHRETIEN CHABENET;46.6284901287, 1.50039089772;INDRE
REQUEIL;47.7866756494, 0.157684341786;SARTHE
ST HUBERT;49.2309333716, 6.36179933256;MOSELLE
USSON;45.5273145167, 3.3428220129;PUY DE DOME
FRENEY;45.1839626924, 6.61246852795;SAVOIE
THOISY LA BERCHERE;47.2605521734, 4.33200696212;COTE D OR
HURECOURT;47.9044830745, 6.05726153484;HAUTE SAONE
STE FOI;43.1257603127, 1.9172086969;ARIEGE
RIAVILLE;49.0974087964, 5.6657442627;MEUSE
LURBE ST CHRISTAU;43.1077815258, -0.60256135415;PYRENEES ATLANTIQUES
ST AUBIN DES CHATEAUX;47.7056440734, -1.47872960477;LOIRE ATLANTIQUE
ROUFFIAC;45.682529052, -0.492871184363;CHARENTE MARITIME
CHAZELLES SUR ALBE;48.5877870031, 6.77089895622;MEURTHE ET MOSELLE
COSTAROS;44.8920718655, 3.84194495017;HAUTE LOIRE
TREGUEUX;48.480075769, -2.74506421541;COTES D ARMOR
PIN;47.3392778996, 5.85895219188;HAUTE SAONE
TREDREZ LOCQUEMEAU;48.7075368111, -3.56441252563;COTES D ARMOR
SERRALONGUE;42.3823857102, 2.55698391663;PYRENEES ORIENTALES
ST PIERRE LA GARENNE;49.1475155899, 1.3912826068;EURE
ANGEVILLERS;49.3875925274, 6.04259987593;MOSELLE
RANCOURT;50.0030301832, 2.90339507593;SOMME
LAPEYRERE;43.2048767713, 1.3113589407;HAUTE GARONNE
LA FORCE;43.1975835427, 2.08437892262;AUDE
VENOUSE;47.8979028984, 3.69249058859;YONNE
SELIGNEY;46.9441078421, 5.54072749866;JURA
LA CHAPELLE LA REINE;48.3159462288, 2.56669707188;SEINE ET MARNE
CHASSIGNIEU;45.501095883, 5.51287218858;ISERE
COLLEVILLE SUR MER;49.3503236918, -0.848462469065;CALVADOS
ST NICOLAS DU PELEM;48.3228229089, -3.16405050641;COTES D ARMOR
BURSARD;48.5410404688, 0.203747510397;ORNE
ST MARTIN DE L ARCON;43.5800016675, 2.98506078379;HERAULT
HALINGHEN;50.6041744819, 1.68261824682;PAS DE CALAIS
MONTAGNY;45.6247829418, 4.75036810523;RHONE
LEERS;50.6813150077, 3.23964411032;NORD
GOES;43.2174962375, -0.575780625501;PYRENEES ATLANTIQUES
PIERREFONTAINE LES VARANS;47.2194158941, 6.5503792835;DOUBS
AUDRIEU;49.2046566574, -0.604235735984;CALVADOS
MAGNANVILLE;48.9681925896, 1.68567158514;YVELINES
COURTALAIN;48.083883008, 1.13673645483;EURE ET LOIR
PERPIGNAN;42.6965954131, 2.89936953979;PYRENEES ORIENTALES
LE MOUSTOIR;48.2739501884, -3.49152606471;COTES D ARMOR
PUGET THENIERS;43.9521649219, 6.90609311435;ALPES MARITIMES
LUZOIR;49.9271348987, 3.96025090337;AISNE
HECOURT;49.5238037939, 1.77954561999;OISE
MONTRET;46.6835248214, 5.11326580543;SAONE ET LOIRE
ST ANDEOL DE VALS;44.6925998295, 4.40100662602;ARDECHE
VIOLS EN LAVAL;43.7448968901, 3.74026730313;HERAULT
LARRE;47.7158136416, -2.49456221297;MORBIHAN
SAULMORY ET VILLEFRANCHE;49.4388180734, 5.17185912384;MEUSE
GUINDRECOURT SUR BLAISE;48.2979328826, 4.98051100173;HAUTE MARNE
TADEN;48.4879367095, -2.05402856575;COTES D ARMOR
ST DENIS LES SENS;48.2347117121, 3.26672512395;YONNE
CHIVRES;46.9678867333, 5.09111140101;COTE D OR
BROUCK;49.1300313642, 6.50888245176;MOSELLE
LES CROUTES;47.9934515972, 3.86370610292;AUBE
GIRAC;44.9270878845, 1.82484872808;LOT
SALON;45.0281445298, 0.774813216159;DORDOGNE
PUY ST ANDRE;44.8909036618, 6.56677781045;HAUTES ALPES
ICHTRATZHEIM;48.47895733, 7.67769353417;BAS RHIN
FONTANES;44.3250209825, 1.49032915385;LOT
AUFLANCE;49.6152631354, 5.29558462267;ARDENNES
LONGAULNAY;48.3091791163, -1.94199814381;ILE ET VILAINE
MARS SUR ALLIER;46.8583738333, 3.08787262562;NIEVRE
LHOSPITALET;44.3536160886, 1.42807252232;LOT
DARNAC;46.2386108892, 0.956698173585;HAUTE VIENNE
COMPS;45.0671200196, -0.593624837355;GIRONDE
MOLLKIRCH;48.5058373844, 7.36568374858;BAS RHIN
CHATEAU;46.4222263876, 4.59356497363;SAONE ET LOIRE
BRENNILIS;48.3596142812, -3.85052670212;FINISTERE
ST MARTIAL;44.6326268868, -0.177651348773;GIRONDE
VILLIERS CHARLEMAGNE;47.9250890496, -0.682830873383;MAYENNE
SEUZEY;48.9882446498, 5.56084684316;MEUSE
PLEHEDEL;48.6949303191, -3.00638352485;COTES D ARMOR
LA BENISSON DIEU;46.1590458728, 4.04769279694;LOIRE
VERRIE;47.2685065312, -0.186628431321;MAINE ET LOIRE
ESSARS;50.5483122969, 2.66191048635;PAS DE CALAIS
LE LOCHEUR;49.1052367253, -0.556085514135;CALVADOS
NAOURS;50.0451911173, 2.28427416723;SOMME
FREMONTIERS;49.7684546166, 2.07402438428;SOMME
ST PAUL EN FORET;43.564768209, 6.68269608083;VAR
BEAUFORT EN ARGONNE;49.4796313426, 5.10765410387;MEUSE
MIRAMONT DE COMMINGES;43.0914345294, 0.755642928853;HAUTE GARONNE
BORDEAUX ST CLAIR;49.697601016, 0.242239200327;SEINE MARITIME
GRIMAUCOURT PRES SAMPIGNY;48.7837595557, 5.46509066709;MEUSE
DAIGNAC;44.7959422928, -0.235707900811;GIRONDE
ST GERMAIN SUR EAULNE;49.7659609183, 1.51056712676;SEINE MARITIME
LA SALLE LES ALPES;44.9526685727, 6.5653564178;HAUTES ALPES
FRESNEY;48.9473622629, 1.30677941323;EURE
MONTDOUMERC;44.2911561581, 1.50143339699;LOT
FONTENAY;49.5698530615, 0.178104990731;SEINE MARITIME
ST ETIENNE DES CHAMPS;45.8166087877, 2.57954692815;PUY DE DOME
ST OUEN DE LA COUR;48.4117385044, 0.587184301404;ORNE
CAIXAS;42.6003698334, 2.66171249085;PYRENEES ORIENTALES
QUATREMARE;49.1841622689, 1.08114735197;EURE
FOREST L ABBAYE;50.2032978868, 1.83242600147;SOMME
TALUS ST PRIX;48.8322484487, 3.74333157283;MARNE
LA BRUERE SUR LOIR;47.6511451225, 0.356792900521;SARTHE
MONTBRISON;45.6008365515, 4.0713982073;LOIRE
VERARGUES;43.708930199, 4.09292324004;HERAULT
AUTHEUX;50.1395423257, 2.2331435159;SOMME
VOGUE;44.5576610723, 4.41089587827;ARDECHE
AUMONT;49.8787928902, 1.92410862168;SOMME
BAVINCHOVE;50.7749510357, 2.44160500507;NORD
ST ARNOULT DES BOIS;48.4933065448, 1.25476022855;EURE ET LOIR
BRANCOURT LE GRAND;49.98081057, 3.39391192109;AISNE
ZERMEZEELE;50.8321932353, 2.4589529897;NORD
LIANCOURT FOSSE;49.7556819927, 2.81451091711;SOMME
JOIGNY SUR MEUSE;49.8321076843, 4.76385704202;ARDENNES
TREMBLAY EN FRANCE;48.9784304121, 2.55468501543;SEINE SAINT DENIS
VILLE HOUDLEMONT;49.5391091104, 5.65720411208;MEURTHE ET MOSELLE
OLIVET;47.8546997503, 1.88823884753;LOIRET
VANZY;46.0345033012, 5.87850321489;HAUTE SAVOIE
VILLEBADIN;48.7771847088, 0.155000763874;ORNE
OUISTREHAM;49.2745280107, -0.257718317859;CALVADOS
ST MAURICE LE GIRARD;46.6398624578, -0.810875649028;VENDEE
VOUHENANS;47.6424367134, 6.49403579676;HAUTE SAONE
ST CREPIN ET CARLUCET;44.9565947973, 1.27615948362;DORDOGNE
MOISDON LA RIVIERE;47.6222503824, -1.37465777304;LOIRE ATLANTIQUE
FONTAINE LA MALLET;49.5385360743, 0.14056810162;SEINE MARITIME
BOISSEROLLES;46.11264704, -0.449919647334;DEUX SEVRES
ENSUES LA REDONNE;43.3536539601, 5.19960307575;BOUCHES DU RHONE
SALERS;45.1450926367, 2.49622722458;CANTAL
MERLEVENEZ;47.7329410625, -3.24339145538;MORBIHAN
CHAUFFOUR LES BAILLY;48.1856806779, 4.30967778622;AUBE
CHAUFOUR LES BONNIERES;49.0158393703, 1.48536401441;YVELINES
ST GEORGES DU VIEVRE;49.2421438594, 0.579765029769;EURE
BUSSIERES;47.6606253629, 4.9610123004;COTE D OR
LE GRIPPON;48.7720554748, -1.40097666285;MANCHE
BASSES;47.044883115, 0.124036539439;VIENNE
VETRIGNE;47.6690986224, 6.89453808576;TERRITOIRE DE BELFORT
FLEURY;48.8488921299, -1.26431862113;MANCHE
VALROUFIE;44.5135576262, 1.48695613582;LOT
MAISONS EN CHAMPAGNE;48.7366632829, 4.46700160771;MARNE
LOHEAC;47.8732108316, -1.888495597;ILE ET VILAINE
DOMEVRE EN HAYE;48.8145983762, 5.93513051722;MEURTHE ET MOSELLE
MONTJAY;46.8055434402, 5.29985900019;SAONE ET LOIRE
PINEL HAUTERIVE;44.4630091453, 0.568242882595;LOT ET GARONNE
ANNOUVILLE VILMESNIL;49.6794638348, 0.431675175085;SEINE MARITIME
FRIAUVILLE;49.1432779641, 5.83078364972;MEURTHE ET MOSELLE
CHASTEAUX;45.0828146271, 1.46748876327;CORREZE
POISEUL;47.9229870743, 5.49096839108;HAUTE MARNE
NOISY LE GRAND;48.8361825401, 2.56443736814;SEINE SAINT DENIS
BANEINS;46.1141214445, 4.90146475101;AIN
LA CAUCHIE;50.2049912603, 2.58249828284;PAS DE CALAIS
BORT LES ORGUES;45.3932255345, 2.49171563604;CORREZE
MONTIGNY SUR VESLE;49.3136433995, 3.80140399878;MARNE
JOUY LE MOUTIER;49.0113625056, 2.03408317867;VAL D OISE
MONCAYOLLE LARRORY MENDIBIEU;43.2662281317, -0.828462255248;PYRENEES ATLANTIQUES
ROCHETREJOUX;46.7852546732, -0.996743019108;VENDEE
VENISEY;47.8354222731, 6.00091771151;HAUTE SAONE
CHOISY LE ROI;48.764315118, 2.41742518222;VAL DE MARNE
BRUNIQUEL;44.0521980341, 1.66009719751;TARN ET GARONNE
LE MAYET D ECOLE;46.1649554035, 3.24084567902;ALLIER
CHAUGEY;47.7462238697, 4.95019253448;COTE D OR
MONTMORENCY BEAUFORT;48.4860560595, 4.55616218734;AUBE
FONTENAY DE BOSSERY;48.4502901876, 3.4644594068;AUBE
BETZ LE CHATEAU;47.000465147, 0.95244957404;INDRE ET LOIR
ASQUINS;47.4878050152, 3.74721603984;YONNE
PAULIN;44.9952310896, 1.33418977695;DORDOGNE
BOUXWILLER;48.8172998086, 7.46488021539;BAS RHIN
HAMBERS;48.2543518824, -0.425847827344;MAYENNE
ST AVIT SENIEUR;44.7750925645, 0.824289637501;DORDOGNE
ST PARDOUX MORTEROLLES;45.9054465384, 1.82901180429;CREUSE
LAVIGNY;46.717011316, 5.60517764784;JURA
ALRANCE;44.1352241599, 2.67560444399;AVEYRON
BRINDAS;45.7203432265, 4.70291458625;RHONE
SAUX ET POMAREDE;43.1487043658, 0.704879959692;HAUTE GARONNE
ST THOMAS LA GARDE;45.5713650794, 4.08597131676;LOIRE
PLANCOET;48.5148616647, -2.21936660339;COTES D ARMOR
PRUDEMANCHE;48.7214056667, 1.13416780653;EURE ET LOIR
AULNAY;46.0203377417, -0.348095789107;CHARENTE MARITIME
CHATILLON LES SONS;49.7618503091, 3.70312508858;AISNE
CAMPET ET LAMOLERE;43.9152250646, -0.58964747466;LANDES
LIRAC;44.0301466935, 4.68213328807;GARD
PLOUBAZLANEC;48.80535932, -3.04524739912;COTES D ARMOR
AVESNES EN BRAY;49.4729560759, 1.67584280631;SEINE MARITIME
LEGE CAP FERRET;44.7609440223, -1.19293697437;GIRONDE
MONTCOURT;47.9307650179, 5.96259842933;HAUTE SAONE
NEUVY ST SEPULCHRE;46.5924338706, 1.81276111894;INDRE
AUJARGUES;43.7914361164, 4.1286879695;GARD
ST VARENT;46.8927639643, -0.223311639048;DEUX SEVRES
ALBUSSAC;45.1413289444, 1.8139819421;CORREZE
ABBEVILLE ST LUCIEN;49.5201068363, 2.16636536385;OISE
ST OUEN MARCHEFROY;48.8572176136, 1.53020950146;EURE ET LOIR
MAUQUENCHY;49.5990574855, 1.46080592913;SEINE MARITIME
TRUCY SUR YONNE;47.6277404821, 3.64573699559;YONNE
BEVILLE LE COMTE;48.4402167565, 1.70331148118;EURE ET LOIR
CORMOT LE GRAND;46.9758355763, 4.64101278682;COTE D OR
ST PARDOUX;46.0638264597, 1.29118107836;HAUTE VIENNE
ST LOUP;44.0833269005, 0.852281972741;TARN ET GARONNE
LE MEIX ST EPOING;48.69506554, 3.65422262759;MARNE
CHATEAURENARD;43.8824707581, 4.83990004648;BOUCHES DU RHONE
LEDAS ET PENTHIES;44.0788993791, 2.38301676967;TARN
CHEVRY;46.283152935, 6.04707941462;AIN
AIX VILLEMAUR PALIS;48.1975745771, 3.73632794113;AUBE
VALHUON;50.4342829706, 2.38336806426;PAS DE CALAIS
STE SOLINE;46.2515989193, 0.0479672855851;DEUX SEVRES
MONDREPUIS;49.9637441269, 4.05128113518;AISNE
TRUCY L ORGUEILLEUX;47.4516802367, 3.40054273995;NIEVRE
BOUSSE;47.7609072838, -0.0629491331709;SARTHE
VERNOU LA CELLE SUR SEINE;48.4062374172, 2.85382135685;SEINE ET MARNE
CAPPY;49.9256314774, 2.76317841426;SOMME
NIEULLE SUR SEUDRE;45.7567012734, -1.02839049392;CHARENTE MARITIME
ST AGNAN;47.3229791004, 4.09119317284;NIEVRE
BARLY;50.2057087511, 2.27424425535;SOMME
BARISIS AUX BOIS;49.577979369, 3.32804487461;AISNE
AULNAY SUR MARNE;48.9973425988, 4.20731510255;MARNE
ST LAURENT DU TENCEMENT;48.8917851204, 0.46057263416;EURE
CHAMPIGNEUL CHAMPAGNE;48.9651548385, 4.18037243471;MARNE
VILLECELIN;46.8208130106, 2.19519297741;CHER
LE PELLERIN;47.2229017049, -1.8250130027;LOIRE ATLANTIQUE
LICHERES;45.9042961914, 0.215718804907;CHARENTE
L EGUILLE;45.7019009166, -0.979905969423;CHARENTE MARITIME
MAS ST CHELY;44.3091282875, 3.4143985008;LOZERE
LA FERRIERE AU DOYEN;48.6795473913, 0.506168512231;ORNE
GAUDIES;43.173172647, 1.73046105986;ARIEGE
CREPY;50.4725099777, 2.20322348829;PAS DE CALAIS
RUDELLE;44.7292835526, 1.87794922914;LOT
COUFFY;47.2486177348, 1.43680361575;LOIR ET CHER
ROGY;49.7129601282, 2.20475435684;SOMME
BRIE COMTE ROBERT;48.6920490316, 2.6140606052;SEINE ET MARNE
GROFFLIERS;50.3852621579, 1.60399303027;PAS DE CALAIS
CHERISY;48.7567062776, 1.43470618307;EURE ET LOIR
WIRY AU MONT;49.9557938172, 1.84218246146;SOMME
ROQUEFORT DE SAULT;42.7387338006, 2.19993961506;AUDE
VAUXTIN;49.3454673056, 3.60165884249;AISNE
TRIZAY LES BONNEVAL;48.1997904547, 1.33237948177;EURE ET LOIR
ST AOUT;46.7258764894, 1.96323578512;INDRE
CHIMILIN;45.5731073891, 5.5894858919;ISERE
COMBLANCHIEN;47.1030661161, 4.91805213591;COTE D OR
ST GERMAIN DE TOURNEBUT;49.527450489, -1.40278389673;MANCHE
LA MARNE;46.9913891791, -1.71864413598;LOIRE ATLANTIQUE
LOCQUENOLE;48.6234794201, -3.86347353268;FINISTERE
CAMBLIGNEUL;50.3796063239, 2.61054254507;PAS DE CALAIS
CORNAS;44.9664601048, 4.84063933956;ARDECHE
FRESNOY LE CHATEAU;48.2201181209, 4.23354437753;AUBE
MESNIL SUR L ESTREE;48.7767004178, 1.29009142642;EURE
POLIGNAC;45.0800346307, 3.8608598463;HAUTE LOIRE
BARINQUE;43.4040350013, -0.269781784045;PYRENEES ATLANTIQUES
NIEUL SUR MER;46.2087181622, -1.16596945116;CHARENTE MARITIME
GUMIANE;44.5072339417, 5.26749702819;DROME
TREMOUILLES;44.2395334463, 2.63787503677;AVEYRON
DOVILLE;49.3370222882, -1.54822338133;MANCHE
VEZAC;44.8954464372, 2.5219529711;CANTAL
BOISJEAN;50.4084556449, 1.78127372492;PAS DE CALAIS
ILLIFAUT;48.1441743723, -2.3357832336;COTES D ARMOR
LE CATELET;50.0009779444, 3.2423098464;AISNE
VILLENEUVE SUR CHER;47.0279195347, 2.223362071;CHER
PANJAS;43.8278400425, -0.0758955881718;GERS
VENAREY LES LAUMES;47.5377240472, 4.43966492373;COTE D OR
CAMEMBERT;48.8916392638, 0.17180547604;ORNE
LE LATET;46.8031363333, 5.94173064599;JURA
COLOMBIERS;43.3154427074, 3.14408489609;HERAULT
VERNOIL LE FOURRIER;47.3961591368, 0.097374002532;MAINE ET LOIRE
LAHAS;43.5626431381, 0.89864407712;GERS
VACHERAUVILLE;49.2298521797, 5.36190605148;MEUSE
VERNEUIL;49.1023191077, 3.67124633089;MARNE
JUVISY SUR ORGE;48.6918789321, 2.37393682594;ESSONNE
RETZWILLER;47.6292733626, 7.08760761112;HAUT RHIN
AUBENAS LES ALPES;43.9335584163, 5.67694693989;ALPES DE HAUTE PROVENCE
DOMMARTIN LE FRANC;48.425380925, 4.9518947525;HAUTE MARNE
STE GENEVIEVE;49.2889931714, 2.19808421262;OISE
ST DIDIER;46.7082790966, 5.51275222992;JURA
LARCHAMP;48.3492150628, -1.00336742476;MAYENNE
TREPAIL;49.1092248705, 4.18205770202;MARNE
ESPALION;44.5188717043, 2.76426608276;AVEYRON
RESSONS SUR MATZ;49.5337304815, 2.73255438737;OISE
CHEZERY FORENS;46.222573373, 5.87248105275;AIN
BAUDRECOURT;48.9603224035, 6.45869419532;MOSELLE
BLAGNY SUR VINGEANNE;47.4395134717, 5.3551085135;COTE D OR
MONT DEVANT SASSEY;49.411249525, 5.15862269798;MEUSE
VERTEUIL SUR CHARENTE;45.9780560567, 0.226069473062;CHARENTE
SANCY LES PROVINS;48.7095987707, 3.39288392593;SEINE ET MARNE
PLOUAGAT;48.5303656854, -2.98952865818;COTES D ARMOR
AIGLEPIERRE;46.9553944509, 5.80953794446;JURA
HOULDIZY;49.812785683, 4.6695029327;ARDENNES
FAUCON DE BARCELONNETTE;44.4135826726, 6.67868075997;ALPES DE HAUTE PROVENCE
PIONSAT;46.1199954597, 2.68534957248;PUY DE DOME
MUNCHHAUSEN;48.9149378138, 8.14501372175;BAS RHIN
AGY;49.2376795165, -0.779194569684;CALVADOS
ST PRIEST TAURION;45.8976553193, 1.3966265023;HAUTE VIENNE
LE BOURG D OISANS;45.0344190241, 6.03272664873;ISERE
JAMBVILLE;49.0484754419, 1.84836541189;YVELINES
LA LANDE DE LOUGE;48.7010795205, -0.249914242658;ORNE
XAINTRAILLES;44.207500641, 0.256573989587;LOT ET GARONNE
NANCUISE;46.4735098453, 5.52975664064;JURA
BOMPAS;42.8628959409, 1.61987890527;ARIEGE
ENTRE DEUX MONTS;46.6418277764, 5.96335061438;JURA
LA BOLLENE VESUBIE;43.9951453194, 7.37184375426;ALPES MARITIMES
HOUETTEVILLE;49.1293925185, 1.09038074785;EURE
MORVILLERS ST SATURNIN;49.7787461187, 1.81527896317;SOMME
BOUGNON;47.6948892117, 6.10776977153;HAUTE SAONE
ST AUBIN;49.5099540337, 3.18837580055;AISNE
CIRES LES MELLO;49.262678531, 2.33736387513;OISE
TRIAC LAUTRAIT;45.6828749184, -0.115750657737;CHARENTE
FLORENTIN LA CAPELLE;44.6389814573, 2.64439043133;AVEYRON
FAVERELLES;47.5870072341, 2.93687989156;LOIRET
QUELMES;50.7344041405, 2.12647655403;PAS DE CALAIS
LANSAC;42.768061594, 2.56512635708;PYRENEES ORIENTALES
PRINGY;48.773140994, 4.48202645952;MARNE
BOISSETTES;48.523493031, 2.6146358615;SEINE ET MARNE
MONTSECRET CLAIREFOUGERE;48.7964115214, -0.677236896006;ORNE
TOURNOUS DARRE;43.284903024, 0.357933854328;HAUTES PYRENEES
ST JEAN EN ROYANS;45.0069955398, 5.29934748057;DROME
PUISIEUX;50.1064415329, 2.68870005517;PAS DE CALAIS
CHATILLON SUR LISON;47.0727898717, 5.98071309837;DOUBS
ERIN;50.4304811529, 2.21886321071;PAS DE CALAIS
HERMES;49.3590736605, 2.25601407563;OISE
ST CLEMENT SUR GUYE;46.6135549466, 4.5866103902;SAONE ET LOIRE
ST JULIEN DE BRIOLA;43.160649081, 1.9453680798;AUDE
ORBIGNY;47.2149787074, 1.25683944841;INDRE ET LOIR
LE SOUICH;50.2233905, 2.36160198411;PAS DE CALAIS
CHAUMONTEL;49.1289962967, 2.43643330005;VAL D OISE
FOUSSAIS PAYRE;46.5230750581, -0.687135962627;VENDEE
MERITEIN;43.3386651984, -0.750086761557;PYRENEES ATLANTIQUES
MOUSTOIR AC;47.8426011958, -2.85850436809;MORBIHAN
ST BAZILE DE LA ROCHE;45.1514682942, 1.95404126432;CORREZE
VILLECIEN;48.0143094754, 3.33899968576;YONNE
ATTIN;50.4917667023, 1.75510223982;PAS DE CALAIS
FOS SUR MER;43.4556812107, 4.90452133912;BOUCHES DU RHONE
ALISE STE REINE;47.5355145985, 4.48820121343;COTE D OR
FOURCATIER ET MAISON NEUVE;46.764021115, 6.31302285575;DOUBS
CASSEL;50.795681277, 2.49423243668;NORD
GINALS;44.2198870277, 1.87837880794;TARN ET GARONNE
ST FELIX DE RIEUTORD;43.0441550256, 1.66977441855;ARIEGE
FONTENAILLES;48.5324483364, 2.92730889492;SEINE ET MARNE
BOST;46.1834084633, 3.50582300177;ALLIER
PARMILIEU;45.8448442617, 5.35457902828;ISERE
VERSIGNY;49.658136733, 3.44270966266;AISNE
BOUAN;42.7934480459, 1.644027623;ARIEGE
ST LOUP LAMAIRE;46.77039082, -0.157079150205;DEUX SEVRES
WISEMBACH;48.2614197049, 7.11887100206;VOSGES
RIVES DE L YON;46.605637391, -1.3354497172;VENDEE
LA LANDE DE GOULT;48.5840302708, -0.0548449345783;ORNE
BARENTON;48.6083533868, -0.830642245682;MANCHE
ECURY LE REPOS;48.8085024476, 4.02740679239;MARNE
ST LIEUX LAFENASSE;43.7827334909, 2.23936235966;TARN
GRAS;44.4453699955, 4.5342825809;ARDECHE
ROMILLY;47.9513759342, 1.0256628804;LOIR ET CHER
BRIENNE LE CHATEAU;48.3974195288, 4.53928532253;AUBE
ELINCOURT;50.0457660349, 3.37059499043;NORD
BEAUMONT;46.0976635697, 6.12074518078;HAUTE SAVOIE
CAPELLE LES GRANDS;49.0486679011, 0.472112443094;EURE
SEES;48.6048296774, 0.169026415284;ORNE
MARQUION;50.2041974457, 3.09602784111;PAS DE CALAIS
GUENROC;48.3136181449, -2.08136290156;COTES D ARMOR
QUINCEY;47.5918067623, 6.20082918188;HAUTE SAONE
CHEIX EN RETZ;47.1811170912, -1.79840995834;LOIRE ATLANTIQUE
VALEUIL;45.3279332402, 0.628068409439;DORDOGNE
CHEZAL BENOIT;46.8317666343, 2.11116982783;CHER
ST VICTOR;45.0097901662, 2.2880455218;CANTAL
POULLAOUEN;48.3456851692, -3.63011278827;FINISTERE
HAUTEVILLE;45.5277372502, 6.16582880732;SAVOIE
DEUIL LA BARRE;48.9712690171, 2.32616290144;VAL D OISE
AIX;45.6131404682, 2.39218552695;CORREZE
MAGNAC LAVALETTE VILLARS;45.5088381667, 0.2552082811;CHARENTE
LEUILLY SOUS COUCY;49.4734455044, 3.35288205414;AISNE
CULLY;49.2504600647, -0.527911089923;CALVADOS
ROINVILLIERS;48.3446966636, 2.23697563097;ESSONNE
SOYONS;44.8920478488, 4.85094581265;ARDECHE
JOLIMETZ;50.2290109948, 3.67767939299;NORD
ST PIERRE DU VAL;49.390892944, 0.366485992919;EURE
TAIX;44.009592574, 2.11973456275;TARN
MEYRIGNAC L EGLISE;45.4036167689, 1.86043218765;CORREZE
LEREN;43.503711716, -1.0502356112;PYRENEES ATLANTIQUES
GAUJAC;43.4746394425, 0.825606572307;GERS
CREISSELS;44.064990103, 3.05961986973;AVEYRON
ST PRIEST DES CHAMPS;45.9720196173, 2.74903294202;PUY DE DOME
MARCILLAT EN COMBRAILLE;46.1701624404, 2.63441118376;ALLIER
LA CHAPELLE ENCHERIE;47.8261991313, 1.21209183111;LOIR ET CHER
CHAUDREY;48.4851020119, 4.24517454348;AUBE
MOMUY;43.616711786, -0.63979012639;LANDES
LOURQUEN;43.7319897674, -0.793463231872;LANDES
RIBOUX;43.3081877669, 5.75722408785;VAR
CHAUFFOUR SUR VELL;45.0194374555, 1.67141752339;CORREZE
LANRIVAIN;48.3590715356, -3.21502057949;COTES D ARMOR
VAUCHELLES;49.5858402656, 2.96793055954;OISE
BECHY;48.9829120537, 6.38598191377;MOSELLE
ST AMAND LONGPRE;47.6840022904, 1.00078397415;LOIR ET CHER
NIBLES;44.2892541829, 6.00872621678;ALPES DE HAUTE PROVENCE
ELZANGE;49.3607500617, 6.29245730658;MOSELLE
HARCHECHAMP;48.4051693044, 5.80121835307;VOSGES
BLONVILLE SUR MER;49.322264685, 0.0322391996049;CALVADOS
SOULVACHE;47.8212049695, -1.44807093134;LOIRE ATLANTIQUE
SALLEN;49.1169448411, -0.839881279889;CALVADOS
CASTEIDE DOAT;43.3740019876, -0.0110617940773;PYRENEES ATLANTIQUES
CHAULGNES;47.1290872121, 3.10710953083;NIEVRE
TREZIERS;43.0557381475, 1.96306629097;AUDE
COURTEIX;45.6460610624, 2.34358593599;CORREZE
VARAMBON;46.0433928197, 5.2947944594;AIN
LAZ;48.135398381, -3.83990955332;FINISTERE
ST AQUILIN;45.1911088395, 0.488721317785;DORDOGNE
LABATHUDE;44.7362766747, 1.98534615992;LOT
LAMARQUE RUSTAING;43.2770067649, 0.294662608938;HAUTES PYRENEES
TRAUBACH LE BAS;47.655039001, 7.0935498603;HAUT RHIN
GOURDIEGES;44.9465137217, 2.88202644949;CANTAL
HERY SUR ALBY;45.791943752, 6.01056501234;HAUTE SAVOIE
CORREZE;45.3655110046, 1.87090523159;CORREZE
CARIGNAN;49.6387329311, 5.1718269254;ARDENNES
VULAINES;48.2404690972, 3.62649011278;AUBE
ST GEORGES;43.7350584133, 0.93023546644;GERS
PAARS;49.3302779346, 3.60267922049;AISNE
FORGES;47.2144953715, -0.23712263964;MAINE ET LOIRE
ST JEAN DE CUCULLES;43.7516512162, 3.83370653974;HERAULT
LEMUY;46.889073622, 5.98241424914;JURA
COUST;46.683985112, 2.5990481685;CHER
ST LAURENT DES ARBRES;44.0556997374, 4.69243062934;GARD
KNUTANGE;49.3372900264, 6.03313873426;MOSELLE
TREUZY LEVELAY;48.2730119814, 2.79481734896;SEINE ET MARNE
MERIGNAC;45.329823943, -0.300959977347;CHARENTE MARITIME
GALGAN;44.5034642584, 2.17991482623;AVEYRON
ST JUNIEN LA BREGERE;45.8846270047, 1.74417138808;CREUSE
LOMBIA;43.3292789984, -0.132750238483;PYRENEES ATLANTIQUES
BAUZEMONT;48.6709985624, 6.53100828935;MEURTHE ET MOSELLE
OULINS;48.8665989228, 1.4893062268;EURE ET LOIR
LATAULE;49.5367201607, 2.67457954002;OISE
ZUTKERQUE;50.8528869572, 2.05960239074;PAS DE CALAIS
MONTARGIS;47.9988427684, 2.73588922015;LOIRET
SEMBAS;44.3229002449, 0.645981767236;LOT ET GARONNE
ESPELETTE;43.3235532289, -1.45240885976;PYRENEES ATLANTIQUES
LA CHAUSSEE;49.818475141, 1.11848642712;SEINE MARITIME
VICQ SUR NAHON;47.1002749222, 1.55803357778;INDRE
EZE;43.7289260198, 7.36057188413;ALPES MARITIMES
WINGERSHEIM LES QUATRE BANS;48.7299632936, 7.63820636503;BAS RHIN
VALMONDOIS;49.0976500716, 2.18016319535;VAL D OISE
CASTETS;43.87403966, -1.14528108058;LANDES
GROSBLIEDERSTROFF;49.1552146769, 7.02220762018;MOSELLE
SERMAIZE LES BAINS;48.7776497443, 4.90737969309;MARNE
CHENON;45.9440915736, 0.222439257515;CHARENTE
MONTHAULT;48.5121983633, -1.17562696085;ILE ET VILAINE
BELLERIVE SUR ALLIER;46.1214944433, 3.39719062136;ALLIER
BEAUVAIN;48.6202503674, -0.302633037156;ORNE
ST CREPIN AUX BOIS;49.4447949689, 2.9848806612;OISE
GREBAULT MESNIL;50.0243091367, 1.72232467954;SOMME
LARRIBAR SORHAPURU;43.290356098, -1.00299694901;PYRENEES ATLANTIQUES
PAGNEY DERRIERE BARINE;48.6988404472, 5.8475442388;MEURTHE ET MOSELLE
ATHIS VAL DE ROUVRE;48.7951982952, -0.509617196105;ORNE
ST GERMAIN EN COGLES;48.3974434735, -1.26442564597;ILE ET VILAINE
PROVILLE;50.15582108, 3.20370328154;NORD
MONCEAU LES LEUPS;49.6617789272, 3.48549133203;AISNE
CASTILLON DU GARD;43.9781824573, 4.55612573863;GARD
VILLENEUVE DE DURAS;44.7431410072, 0.236705343695;LOT ET GARONNE
GENELARD;46.5798385493, 4.25003029458;SAONE ET LOIRE
ST JEAN D ATAUX;45.1344343643, 0.394306386157;DORDOGNE
ST JEAN DE VAULX;45.0171172339, 5.75169663098;ISERE
NEUVICQ LE CHATEAU;45.8124380764, -0.160919990251;CHARENTE MARITIME
ST PE DE BIGORRE;43.0842866025, -0.157552870418;HAUTES PYRENEES
LA SERRE BUSSIERE VIEILLE;46.0560109698, 2.33476198361;CREUSE
OURDIS COTDOUSSAN;43.0400793386, 0.0282367657448;HAUTES PYRENEES
ST MARTIN DES CHAMPS;48.5757887631, -3.85616057853;FINISTERE
FROIDEFONTAINE;47.5634149229, 6.95605250107;TERRITOIRE DE BELFORT
MOUSSEAUX NEUVILLE;48.90687343, 1.33849084974;EURE
HANCHES;48.5967671764, 1.6482246442;EURE ET LOIR
VERGOIGNAN;43.7235746425, -0.188266221507;GERS
CHAMPAGNE AU MONT D OR;45.7983650854, 4.78668207794;RHONE
MAREUIL EN BRIE;48.9638384493, 3.75395021148;MARNE
BERNARDVILLE;48.3696169477, 7.40684055557;BAS RHIN
ARRONNES;46.0520854633, 3.57527535836;ALLIER
EPIERRE;45.4524759546, 6.32466741894;SAVOIE
FRESNES EN TARDENOIS;49.1427948273, 3.54893406985;AISNE
AZAY LE RIDEAU;47.2729677305, 0.469464530446;INDRE ET LOIR
ASCROS;43.9193423, 7.01550684755;ALPES MARITIMES
HYEVRE PAROISSE;47.3738771154, 6.43305986527;DOUBS
BRIGUEIL LE CHANTRE;46.3870241748, 1.09004082103;VIENNE
GUSSIGNIES;50.3405832772, 3.74998509899;NORD
VAAS;47.6723014522, 0.315373744758;SARTHE
ST MAURICE EN COTENTIN;49.3948768703, -1.70004225617;MANCHE
ST RIQUIER;50.1279792191, 1.94290239471;SOMME
NANTEUIL AURIAC DE BOURZAC;45.3801182824, 0.287647763692;DORDOGNE
ST CYR DE SALERNE;49.1855526702, 0.65343557534;EURE
ETANG SUR ARROUX;46.859401459, 4.17913091336;SAONE ET LOIRE
CHARRON;46.2936903771, -1.08092039856;CHARENTE MARITIME
LA FERRIERE;47.6237299052, 0.756396261973;INDRE ET LOIR
BLANCAFORT;47.5351356226, 2.54166761341;CHER
IRON;49.9504309458, 3.6652978953;AISNE
SARCELLES;48.9902250437, 2.38160272749;VAL D OISE
EGAT;42.5012125582, 2.01713210956;PYRENEES ORIENTALES
MONTREUIL AU HOULME;48.6816940367, -0.266477110439;ORNE
RAISSAC SUR LAMPY;43.2772178927, 2.16063217887;AUDE
POUILLEY FRANCAIS;47.2061915063, 5.84308550678;DOUBS
BANCIGNY;49.7978711595, 4.03669866073;AISNE
SECHERAS;45.1291892251, 4.77685404459;ARDECHE
COLLAT;45.2438954518, 3.60182440614;HAUTE LOIRE
ABERE;43.3870958576, -0.174833109291;PYRENEES ATLANTIQUES
MAISONCELLE ST PIERRE;49.5154384614, 2.12121694853;OISE
ST GERMAIN L HERM;45.4628350355, 3.54468862687;PUY DE DOME
CHAMPCEVINEL;45.2212466708, 0.725037549995;DORDOGNE
MOIGNY SUR ECOLE;48.4371290941, 2.43964124963;ESSONNE
VEYRIERES;45.3204825413, 2.36848020715;CANTAL
EURVILLE BIENVILLE;48.5782674919, 5.02966764311;HAUTE MARNE
HANS;49.1139160574, 4.74397425381;MARNE
UTTENHOFFEN;48.8931983162, 7.64472103816;BAS RHIN
ST HILAIRE AU TEMPLE;49.0576981187, 4.37473957395;MARNE
MORIGNY CHAMPIGNY;48.4409475427, 2.20748797746;ESSONNE
BERGOUEY;43.6679426448, -0.722927453879;LANDES
MARCILLAC VALLON;44.4772361351, 2.46487970585;AVEYRON
MEZIERES EN VEXIN;49.1758883521, 1.50318565777;EURE
LA MALENE;44.3020788352, 3.31365173313;LOZERE
LANGUIDIC;47.8365621011, -3.14756396353;MORBIHAN
ANLEZY;46.966601859, 3.49853718093;NIEVRE
ARAUX;43.3409945704, -0.819420157964;PYRENEES ATLANTIQUES
BULLY;45.9292601554, 3.99269700935;LOIRE
SOLERS;48.6593859188, 2.72669568972;SEINE ET MARNE
CATILLON FUMECHON;49.5268754931, 2.37843374733;OISE
VIRA;43.0488081188, 1.75644029197;ARIEGE
MONTAGNY EN VEXIN;49.1937559871, 1.7963074166;OISE
BRILLECOURT;48.4771455797, 4.37072298984;AUBE
FAVEROLLES;48.6810277192, 1.58421456616;EURE ET LOIR
CREPON;49.314511496, -0.545657702381;CALVADOS
BEUGNATRE;50.1322737737, 2.87602272016;PAS DE CALAIS
COSNE COURS SUR LOIRE;47.4029099422, 2.94284103771;NIEVRE
BERIG VINTRANGE;48.9725863451, 6.69450028658;MOSELLE
SURBA;42.8596289181, 1.5816290081;ARIEGE
CAPPELLE LA GRANDE;50.9960740777, 2.37003367458;NORD
ST ROMANS;45.1052188553, 5.31866035876;ISERE
GUISCRIFF;48.0427009622, -3.62381122626;MORBIHAN
GIGNY;46.4543990771, 5.4715682164;JURA
DAMMARTIN LES TEMPLIERS;47.2933253789, 6.28044164723;DOUBS
BEAUTOT;49.63626441, 1.04779451017;SEINE MARITIME
VILLETRITOULS;43.0752738, 2.48956786102;AUDE
BERMESNIL;49.897842281, 1.74398450934;SOMME
CENEVIERES;44.4455008428, 1.73871325371;LOT
LAPRADE;43.440478585, 2.25257707156;AUDE
SERMOISE;49.3724753933, 3.44697180612;AISNE
PIERREFITTE SUR AIRE;48.9069676213, 5.34860611914;MEUSE
FLERS;50.3212035167, 2.25448501079;PAS DE CALAIS
LA DIGNE D AMONT;43.0391924198, 2.16079139515;AUDE
CHEIN DESSUS;43.0047959072, 0.875406568776;HAUTE GARONNE
MELLEVILLE;49.9605697459, 1.47593522643;SEINE MARITIME
ST POTAN;48.5574203635, -2.29323126178;COTES D ARMOR
HAUTS DE BIENNE;46.5258425381, 6.03328656487;JURA
SEZANNE;48.7238850993, 3.72347511643;MARNE
FAURILLES;44.7025777604, 0.687070174214;DORDOGNE
LE SARS;50.0668702821, 2.78329520895;PAS DE CALAIS
MENESLIES;50.0580071022, 1.49366891391;SOMME
CRIQUETOT SUR OUVILLE;49.6716824681, 0.849708916197;SEINE MARITIME
LE PERRIER;46.8196487652, -1.97926629071;VENDEE
ST MARTIN AU BOSC;49.8316316628, 1.66866654191;SEINE MARITIME
VALRAVILLON;47.8968225975, 3.42698733417;YONNE
ST BENOIT DU SAULT;46.4476641903, 1.39936861789;INDRE
RIANS;43.6055023788, 5.74132523759;VAR
POMMIERS;45.8312779492, 4.07654195266;LOIRE
VILLAINES LA GONAIS;48.13356803, 0.608403023138;SARTHE
MARCOING;50.1144749853, 3.17343200113;NORD
SAVIGNY LE SEC;47.434029559, 5.04178102646;COTE D OR
BONCE;48.3077148864, 1.51717452746;EURE ET LOIR
ST AIGNAN;44.9475875341, -0.297024133452;GIRONDE
LESPERON;44.7342873614, 3.89547616799;ARDECHE
MONTANEL;48.481558318, -1.40890718989;MANCHE
HAINVILLERS;49.5909803966, 2.68189967625;OISE
MAIXE;48.6475415735, 6.43790356383;MEURTHE ET MOSELLE
LA LANDEC;48.4261108974, -2.18321076589;COTES D ARMOR
VALMONT;49.7399725862, 0.512635671839;SEINE MARITIME
MAYREVILLE;43.2297104101, 1.84758314766;AUDE
PIERRECOURT;47.6432505836, 5.58620580677;HAUTE SAONE
QUAIX EN CHARTREUSE;45.2568837675, 5.73045716055;ISERE
SAZOS;42.8560542087, -0.0430560934464;HAUTES PYRENEES
KESSELDORF;48.8843920264, 8.05901750428;BAS RHIN
ROUILLAC;45.781947293, -0.074390136916;CHARENTE
CHILLY;49.7964728556, 2.76983345843;SOMME
ST CHRISTOL;44.0312802167, 5.50324881102;VAUCLUSE
MALANDRY;49.5756613588, 5.18088695115;ARDENNES
GLAND;47.8196707151, 4.22248259581;YONNE
SENLISSE;48.6854188568, 1.97174310378;YVELINES
ST MARTIN D HERES;45.1762012553, 5.76476360737;ISERE
SENANTES;49.4824791427, 1.8336835055;OISE
BONREPOS;43.1931725535, 0.381397370482;HAUTES PYRENEES
ESCALA;43.0877050147, 0.411249757071;HAUTES PYRENEES
NIERGNIES;50.1416253963, 3.25613708021;NORD
VIANNE;44.2122017906, 0.322783861284;LOT ET GARONNE
SEGREVILLE;43.4914303481, 1.74727223861;HAUTE GARONNE
ST CHAMANT;45.1266782862, 1.89882074872;CORREZE
ST LAUNEUC;48.2322069844, -2.35423564217;COTES D ARMOR
COURBOIN;48.9960917184, 3.50690687861;AISNE
LES BREVIAIRES;48.7212410686, 1.81639481084;YVELINES
COURCELLES;45.9586702795, -0.481078558771;CHARENTE MARITIME
CHEPPY;49.2242640905, 5.07282385534;MEUSE
DURANCE;44.1573942132, 0.162796058009;LOT ET GARONNE
MENESBLE;47.778606574, 4.90206528914;COTE D OR
LAMETZ;49.5265430662, 4.68902629394;ARDENNES
TERREBASSE;43.2393487064, 0.972479677167;HAUTE GARONNE
EPINEUIL;47.8812855119, 3.98935069483;YONNE
CHAUX NEUVE;46.6555343865, 6.15249971809;DOUBS
MOUSTIER VENTADOUR;45.3794049102, 2.10092572655;CORREZE
GRAMBOIS;43.7605598424, 5.6040344355;VAUCLUSE
ST PIERRE DE SEMILLY;49.122177193, -0.997134740618;MANCHE
ECLOSE BADINIERES;45.4917400376, 5.30263669678;ISERE
ST LAURENT D ARCE;45.0430455574, -0.465863416208;GIRONDE
GURGY;47.8782473912, 3.55956207309;YONNE
VILLELOUP;48.3546192059, 3.86858896275;AUBE
PLAINTEL;48.4105972441, -2.81039949193;COTES D ARMOR
ST GERMAIN LEMBRON;45.4533133864, 3.24296692377;PUY DE DOME
SIX FOURS LES PLAGES;43.086818602, 5.82924464931;VAR
SERVIERES LE CHATEAU;45.1398764504, 2.02231486142;CORREZE
CASTANS;43.4141480376, 2.48796143931;AUDE
ST ALBAN LEYSSE;45.5881109422, 5.95790977715;SAVOIE
ORLEIX;43.2762828841, 0.117396047373;HAUTES PYRENEES
VEILHES;43.6178149408, 1.81786230309;TARN
COURCOME;45.9857430952, 0.133351057987;CHARENTE
PONTEVES;43.5507745472, 6.0629204725;VAR
ST LAURENT DES BOIS;47.8584857447, 1.46351980095;LOIR ET CHER
VALLERARGUES;44.1268462189, 4.35725202722;GARD
MANDEURE;47.4326690481, 6.810330244;DOUBS
CASTAGNEDE;43.4556389583, -0.974073017031;PYRENEES ATLANTIQUES
FONTAINE LES BOULANS;50.4986573015, 2.28398463259;PAS DE CALAIS
NOREUIL;50.170479855, 2.93868570028;PAS DE CALAIS
BELLENOT SOUS POUILLY;47.2869221987, 4.54627615974;COTE D OR
ROMAGNY;47.6112014535, 7.06778027681;HAUT RHIN
VYT LES BELVOIR;47.34826508, 6.62592546022;DOUBS
CONCOURSON SUR LAYON;47.1738115578, -0.350573208793;MAINE ET LOIRE
ACQUIN WESTBECOURT;50.7293873198, 2.07688748986;PAS DE CALAIS
BETBEZE;43.2898534376, 0.572647104239;HAUTES PYRENEES
NOD SUR SEINE;47.7726814986, 4.5989721378;COTE D OR
ANGLARS;44.7474871579, 1.89850060381;LOT
SILLAS;44.3693679441, -0.0585641941826;GIRONDE
HABSHEIM;47.726261392, 7.43344571206;HAUT RHIN
CONDE EN NORMANDIE;48.8496985115, -0.562504676497;CALVADOS
ZINCOURT;48.3089875469, 6.44246020697;VOSGES
LAGUINGE RESTOUE;43.095942797, -0.84902832685;PYRENEES ATLANTIQUES
CHAFFOIS;46.9171603801, 6.25633927954;DOUBS
FRESNE ST MAMES;47.5529496769, 5.85669124269;HAUTE SAONE
BALLONS;44.2517233325, 5.64403556412;DROME
GIVERNY;49.0819438915, 1.53288773518;EURE
ST MAURICE DES CHAMPS;46.6238661451, 4.62609375909;SAONE ET LOIRE
VIRVILLE;49.5920777641, 0.356256177723;SEINE MARITIME
CROS;44.0012514545, 3.82331277161;GARD
FRANCONVILLE;48.5002554952, 6.4513145872;MEURTHE ET MOSELLE
ST THURIEN;49.4031416314, 0.550572077475;EURE
ADAM LES PASSAVANT;47.3045713356, 6.36894975342;DOUBS
CAYEUX EN SANTERRE;49.8125645731, 2.60583040653;SOMME
AILHON;44.5986106793, 4.33305809833;ARDECHE
EVRAN;48.3848559678, -1.97961537709;COTES D ARMOR
GUISY;50.3877493268, 2.00263953159;PAS DE CALAIS
CHENEBIER;47.6435305659, 6.70723411638;HAUTE SAONE
SEUIL D ARGONNE;48.9741184199, 5.05640187676;MEUSE
MALAY;46.56639793, 4.68622845385;SAONE ET LOIRE
PONDAURAT;44.5317947567, -0.0798688844488;GIRONDE
ST AIGNY;46.6332010189, 1.00576918514;INDRE
TOURNAN;43.4242112009, 0.792020449615;GERS
REIGNY;46.5900399077, 2.34226885465;CHER
COURTAGNON;49.1443836828, 3.94593690729;MARNE
ST HILAIRE SUR BENAIZE;46.5569306116, 1.06674152425;INDRE
CRESTE;45.5556818427, 3.05131458624;PUY DE DOME
VANNAIRE;47.9154562474, 4.57079661731;COTE D OR
TOULOUSE;43.5963814303, 1.43167293364;HAUTE GARONNE
ST PATRICE DU DESERT;48.5343425524, -0.285812215846;ORNE
LAPUGNOY;50.5191431274, 2.53207580559;PAS DE CALAIS
MAULEON BAROUSSE;42.9502723572, 0.577280685975;HAUTES PYRENEES
LA CHAPELLE SUR OREUSE;48.2918213801, 3.29933199653;YONNE
VINAY;45.2147129367, 5.40750863423;ISERE
PINDRAY;46.4740182126, 0.815962349411;VIENNE
JAILLY;47.0855636389, 3.46962108333;NIEVRE
LONGCHAMP SOUS CHATENOIS;48.2866022286, 5.83553689321;VOSGES
COMBRES SOUS LES COTES;49.060064851, 5.62218735388;MEUSE
LAURAC EN VIVARAIS;44.5033057192, 4.28830492174;ARDECHE
MARNAY SUR SEINE;48.5151408738, 3.55397183293;AUBE
LA TOUR EN JAREZ;45.4883528278, 4.39780519433;LOIRE
FRANCHEVAL;49.720311451, 5.07545452741;ARDENNES
TAILLY;46.9655888224, 4.81679158031;COTE D OR
STENAY;49.5005049028, 5.19767442624;MEUSE
DAILLECOURT;48.0727138198, 5.50793307633;HAUTE MARNE
L UNION;43.6542470428, 1.48394847329;HAUTE GARONNE
GIRON;46.2227121191, 5.78049809256;AIN
LOROMONTZEY;48.4301459071, 6.36977813562;MEURTHE ET MOSELLE
AVEUX;43.0085622623, 0.563703514189;HAUTES PYRENEES
GEMMELAINCOURT;48.2742122102, 5.96709778619;VOSGES
ST ELOY LA GLACIERE;45.5636981637, 3.56724864306;PUY DE DOME
GLAIGNES;49.2730688353, 2.84005159158;OISE
ST GERMAIN DES PRES;45.3458327209, 1.00011342587;DORDOGNE
SANSSAC L EGLISE;45.0461886154, 3.7913435493;HAUTE LOIRE
THONNANCE LES JOINVILLE;48.4622070885, 5.18737757983;HAUTE MARNE
FALLON;47.5077912933, 6.47671768345;HAUTE SAONE
ERRE;50.3693524443, 3.31597211762;NORD
CROUY SUR OURCQ;49.0867480473, 3.07964633492;SEINE ET MARNE
VILLENAVE PRES MARSAC;43.3388929432, 0.0880398223015;HAUTES PYRENEES
CHEVILLY LARUE;48.766848001, 2.35306611234;VAL DE MARNE
VINZIEUX;45.330873084, 4.70162834233;ARDECHE
SELLES;47.9720841546, 6.09157358569;HAUTE SAONE
MAIRE;46.8576358517, 0.717189204675;VIENNE
RIGNY LA SALLE;48.6274903264, 5.72062942814;MEUSE
ST BARTHELEMY GROZON;44.9596196474, 4.64950098004;ARDECHE
PUJOLS;44.3705410959, 0.698420769964;LOT ET GARONNE
PITTEFAUX;50.7620533619, 1.68493219669;PAS DE CALAIS
STE CATHERINE;45.6030568648, 4.57279453276;RHONE
ST DOMINEUC;48.3604701508, -1.86929825665;ILE ET VILAINE
VIGNOLS;45.328176854, 1.40068283398;CORREZE
BARD LES PESMES;47.2781983751, 5.62760056211;HAUTE SAONE
WOINCOURT;50.0628349006, 1.5410106177;SOMME
ANGLES;43.550474503, 2.58241545036;TARN
ST PIERRE DE VARENGEVILLE;49.5016042328, 0.923668432121;SEINE MARITIME
MAIZET;49.0754358384, -0.454171502367;CALVADOS
BESME;49.5341682819, 3.16474171361;AISNE
BEAUBRAY;48.9105126717, 0.900919598121;EURE
TREIX;48.1414838273, 5.21369102942;HAUTE MARNE
VIEUX FERRETTE;47.5090177967, 7.30400844003;HAUT RHIN
ST SORNIN LA MARCHE;46.1904205516, 0.992263313197;HAUTE VIENNE
LEZ;42.9086596697, 0.705931265047;HAUTE GARONNE
LACAPELLE BIRON;44.6004856905, 0.898890688918;LOT ET GARONNE
EGLISENEUVE D ENTRAIGUES;45.4211832681, 2.82270295289;PUY DE DOME
MACHIEL;50.2721837623, 1.83743610924;SOMME
ASPACH;47.6424583561, 7.23328777965;HAUT RHIN
MORTAGNE DU NORD;50.5001515803, 3.45327380801;NORD
GOUSSAINVILLE;48.7829804111, 1.56001143121;EURE ET LOIR
LAFARRE;45.0784792733, 4.51659927273;ARDECHE
EMONDEVILLE;49.4603061877, -1.33759005071;MANCHE
MAREUIL SUR OURCQ;49.1392151665, 3.07327554548;OISE
PARGNY LES BOIS;49.7323072713, 3.61788330529;AISNE
CASSUEJOULS;44.7223970654, 2.81116036535;AVEYRON
ST FELIU D AMONT;42.6762988692, 2.71785569395;PYRENEES ORIENTALES
MINIHY TREGUIER;48.7680136612, -3.25834095336;COTES D ARMOR
COUZOU;44.7694704061, 1.63206532223;LOT
BLENOD LES TOUL;48.5971874239, 5.82709869884;MEURTHE ET MOSELLE
BOUVIERES;44.5208961489, 5.22148982488;DROME
MASSOGNES;46.7475089271, 0.0578073811289;VIENNE
CHATILLON;45.8705575392, 4.64214055868;RHONE
VILLEBEON;48.2049138912, 2.92837301126;SEINE ET MARNE
HAUSSIGNEMONT;48.7163058306, 4.75359455149;MARNE
LE MENIL DE BRIOUZE;48.660905496, -0.397537206394;ORNE
CHAMAGNE;48.4085056939, 6.29230922358;VOSGES
BOUJAILLES;46.8844605742, 6.07920196701;DOUBS
CREST;44.7335665907, 5.0221758413;DROME
ALBAS;44.461394449, 1.24016214719;LOT
COUZEIX;45.8830768403, 1.22078165066;HAUTE VIENNE
VILLERVILLE;49.3908763153, 0.123148235679;CALVADOS
SCEY SUR SAONE ET ST ALBIN;47.6798278841, 5.96387998278;HAUTE SAONE
LA PIERRE;45.2948585917, 5.94144345331;ISERE
NEAUPHE SOUS ESSAI;48.5638348673, 0.194252543746;ORNE
MARCE;47.5822974995, -0.300211738642;MAINE ET LOIRE
ST MARTIN DES LAIS;46.6742609191, 3.65661845694;ALLIER
CHAMPDENIERS ST DENIS;46.48017177, -0.38233277532;DEUX SEVRES
DURBAN SUR ARIZE;43.0204997035, 1.34729463737;ARIEGE
PRADES D AUBRAC;44.5418402145, 2.97032674456;AVEYRON
PIERRE BUFFIERE;45.6911141635, 1.36024166965;HAUTE VIENNE
DAIX;47.3605540938, 4.96901845433;COTE D OR
STE VERGE;47.0128810811, -0.227694435042;DEUX SEVRES
HOUDANCOURT;49.3375370465, 2.64802307732;OISE
NOTRE DAME DU PE;47.7258292037, -0.337170709008;SARTHE
GREZES;44.6207172976, 1.82420709505;LOT
LIZINES;48.5280718067, 3.16532874131;SEINE ET MARNE
BROGNON;47.4109519413, 5.16845513342;COTE D OR
PONS;45.5770487335, -0.557449237102;CHARENTE MARITIME
ROQUEVAIRE;43.3437864693, 5.59772643152;BOUCHES DU RHONE
VOISCREVILLE;49.2802991689, 0.766898302367;EURE
MAUVES SUR HUISNE;48.4380123635, 0.608254382675;ORNE
ROBECOURT;48.1374692528, 5.7093887067;VOSGES
FONTENILLE;45.9129011037, 0.174854978046;CHARENTE
SERVAIS;49.6194083182, 3.34197325752;AISNE
MARSAC;43.9414664825, 0.829474499399;TARN ET GARONNE
SELONNET;44.3717210833, 6.29379329975;ALPES DE HAUTE PROVENCE
STE CROIX;45.895522477, 5.04935536228;AIN
AVENSAC;43.8307167324, 0.901736113802;GERS
LEHAUCOURT;49.911760676, 3.27675235436;AISNE
BOUCE;48.6324251717, -0.095549889468;ORNE
PUNCHY;49.7919371127, 2.80784010263;SOMME
FOREST EN CAMBRESIS;50.1406649942, 3.57049484282;NORD
AVRANCHES;48.6884746717, -1.35732338245;MANCHE
JUNCALAS;43.0527699826, 0.00117393417508;HAUTES PYRENEES
VELESMES ECHEVANNE;47.421541856, 5.69067658656;HAUTE SAONE
GERMONVILLE;48.4096245856, 6.21787659153;MEURTHE ET MOSELLE
CHAZELLES;45.6453528845, 0.364874391871;CHARENTE
REILHAGUET;44.7790219668, 1.50802496994;LOT
BRANGES;46.652956978, 5.16400928644;SAONE ET LOIRE
BEGADAN;45.3670708459, -0.8958001736;GIRONDE
BARTHERANS;47.03684296, 5.9254921225;DOUBS
ASPIN EN LAVEDAN;43.0749440828, -0.0492041066704;HAUTES PYRENEES
THENAILLES;49.8149576709, 3.95232479493;AISNE
COUVONGES;48.7765173821, 5.03607292231;MEUSE
WOIREL;49.9589067876, 1.81988569934;SOMME
PERIGNE;46.1857674388, -0.245561860776;DEUX SEVRES
VEUXHAULLES SUR AUBE;47.9393395308, 4.81167181822;COTE D OR
STE MARGUERITE D ELLE;49.2157426905, -0.986867595216;CALVADOS
MESIGNY;45.9864538672, 6.00616944554;HAUTE SAVOIE
BOUGE CHAMBALUD;45.3199496154, 4.89224793347;ISERE
ST GERMIER;43.4690645012, 1.7252032772;HAUTE GARONNE
LANNECAUBE;43.4823827586, -0.216562157908;PYRENEES ATLANTIQUES
BESSE;44.6649913736, 1.11317333778;DORDOGNE
TOUFFLERS;50.6609540641, 3.23330964809;NORD
ESCASSEFORT;44.5521873277, 0.231716447116;LOT ET GARONNE
VOUILLE;46.62150106, 0.163409416409;VIENNE
VRONCOURT;48.4591497683, 6.07725776885;MEURTHE ET MOSELLE
CHAVANAT;45.9523570692, 1.96630866887;CREUSE
PENNE D AGENAIS;44.3792871944, 0.839426839865;LOT ET GARONNE
BRADIANCOURT;49.6602057155, 1.38522083662;SEINE MARITIME
DOMPIERRE SUR YON;46.7599858068, -1.37275519417;VENDEE
SAINS LES MARQUION;50.1855341097, 3.07837118721;PAS DE CALAIS
MOULIN NEUF;43.072355696, 1.94815938033;ARIEGE
BASSUET;48.8018029229, 4.67029926523;MARNE
ASSERAC;47.4379772072, -2.41272577216;LOIRE ATLANTIQUE
ANTEUIL;47.3758227575, 6.57605269789;DOUBS
ST GILLES;46.8776228817, 4.66403200389;SAONE ET LOIRE
ARPAJON;48.5908921647, 2.24349117607;ESSONNE
CONDAT EN COMBRAILLE;45.8621808314, 2.56600859259;PUY DE DOME
ECLUSIER VAUX;49.9511135171, 2.79148931118;SOMME
BIOLLET;45.9926597245, 2.69344623164;PUY DE DOME
NEUVILLE EN VERDUNOIS;48.9490096616, 5.31159146275;MEUSE
MARLEMONT;49.7465157727, 4.3812273313;ARDENNES
SPECHBACH;47.6858659395, 7.21898279499;HAUT RHIN
GLISY;49.8742994501, 2.38728459314;SOMME
VILLANDRY;47.331363549, 0.500326807176;INDRE ET LOIR
CHARENTON DU CHER;46.74275373, 2.65293994234;CHER
GENOUILLY;47.1905784621, 1.88477464044;CHER
LE MESNIL AMAND;48.8773843427, -1.35994365275;MANCHE
SOURCIEUX LES MINES;45.7982263531, 4.63130091512;RHONE
CLAPIERS;43.6620192267, 3.88689748204;HERAULT
MARSAIS STE RADEGONDE;46.5380790745, -0.868868309437;VENDEE
POIX DU NORD;50.185059973, 3.61684782607;NORD
GLORIANES;42.5942469638, 2.55462590969;PYRENEES ORIENTALES
ARCIZANS AVANT;42.9591847371, -0.119079504665;HAUTES PYRENEES
ST SEURIN DE CADOURNE;45.2908187086, -0.80189992877;GIRONDE
BEAUMESNIL;48.8967676433, -0.968365915831;CALVADOS
QUIMPERLE;47.8561303355, -3.55642894655;FINISTERE
YERRES;48.7157210712, 2.49273020271;ESSONNE
MAILLY CHAMPAGNE;49.1547915207, 4.11192393083;MARNE
COUTURE;45.9318430742, 0.288257076109;CHARENTE
FRANQUEVILLE;49.1730511445, 0.68581354676;EURE
ST JEAN LE CENTENIER;44.5873773407, 4.53812653504;ARDECHE
SAUCLIERES;43.9797470303, 3.37516953256;AVEYRON
CIREY LES MAREILLES;48.1970178033, 5.298201554;HAUTE MARNE
CHISSEY SUR LOUE;47.0603931252, 5.74043299364;JURA
FLORIMONT;47.5370834795, 7.05075565634;TERRITOIRE DE BELFORT
CHATEAUNEUF DU RHONE;44.5034768004, 4.72492988631;DROME
ROUSSENNAC;44.4475523507, 2.25412829032;AVEYRON
SOUDORGUES;44.0661076711, 3.80654189355;GARD
GROSLEE ST BENOIT;45.6891842277, 5.5843972561;AIN
MAIZIERES LA GRANDE PAROISSE;48.5043607411, 3.78940830122;AUBE
CHAUMONT;48.0980144211, 5.14070044621;HAUTE MARNE
ST MAUR;46.7890918907, 1.62343965566;INDRE
LOUBAUT;43.1881252111, 1.28310345305;ARIEGE
ESCOUTOUX;45.8157734773, 3.5542890895;PUY DE DOME
LA BRIDOIRE;45.5299612439, 5.73849540904;SAVOIE
MARTIGNAS SUR JALLE;44.8450267218, -0.795499117928;GIRONDE
VALEILLES;44.3624095008, 0.915058269132;TARN ET GARONNE
PAILLY;48.3417730606, 3.33362251435;YONNE
VIGNEULLES LES HATTONCHATEL;48.9857791469, 5.724051532;MEUSE
CORRONSAC;43.4715894844, 1.48988057955;HAUTE GARONNE
BALINES;48.7482752525, 0.977506777957;EURE
REUILLY SAUVIGNY;49.0506024106, 3.56448771259;AISNE
SAVIGNY EN SEPTAINE;47.0454926015, 2.56818918732;CHER
VETHEUIL;49.0620216513, 1.70672153604;VAL D OISE
BUSSUS BUSSUEL;50.1099366485, 2.00778988725;SOMME
NOIDANS LES VESOUL;47.6097514089, 6.11842989879;HAUTE SAONE
VILLER;48.9884059966, 6.64577215725;MOSELLE
VOUDENAY;47.0944234603, 4.38030260977;COTE D OR
MONTEGUT;43.6420882254, 0.668712450968;GERS
VAUDRECOURT;48.2083534, 5.64678700964;HAUTE MARNE
ST JEAN DE LOSNE;47.1017053631, 5.26653480307;COTE D OR
ST PAUL;48.3309340459, 5.8864017008;VOSGES
CAULLERY;50.0824546804, 3.37276572782;NORD
LANQUES SUR ROGNON;48.0878260847, 5.36870154442;HAUTE MARNE
LOUGRATTE;44.5903746539, 0.624298099523;LOT ET GARONNE
STE MARIE DU LAC NUISEMENT;48.6009118806, 4.76140676125;MARNE
RAUCOURT AU BOIS;50.2067851455, 3.6560114776;NORD
TEILLE;48.1849465917, 0.188449766884;SARTHE
CHATEAUNEUF VILLEVIEILLE;43.7999098278, 7.29412423176;ALPES MARITIMES
IVRY SUR SEINE;48.8128063812, 2.38778023612;VAL DE MARNE
ALEYRAC;44.4989099133, 4.94589832405;DROME
CAMETOURS;49.0708020035, -1.28408388695;MANCHE
LONGWY;49.5214021779, 5.76638370702;MEURTHE ET MOSELLE
SAILLAGOUSE;42.459329456, 2.03972104811;PYRENEES ORIENTALES
VECKERSVILLER;48.8297509643, 7.18632776564;MOSELLE
BEAUGIES SOUS BOIS;49.6372067347, 3.09986657497;OISE
BRANTOME EN PERIGORD;45.360114867, 0.65590360604;DORDOGNE
GEISPOLSHEIM;48.5143463092, 7.65806561244;BAS RHIN
BOURS;43.2761096704, 0.0907724442987;HAUTES PYRENEES
ST GORGON;48.3206900505, 6.65349211672;VOSGES
PLAN D AUPS STE BAUME;43.3337130548, 5.73856018349;VAR
CHARBONNIERES LES SAPINS;47.1502515733, 6.20783187059;DOUBS
STE CERONNE LES MORTAGNE;48.5864346163, 0.525562208998;ORNE
RECHICOURT LE CHATEAU;48.678407747, 6.84276180766;MOSELLE
VAITE;47.5846720639, 5.71496489496;HAUTE SAONE
ST JEAN LES DEUX JUMEAUX;48.9387834694, 3.02695540228;SEINE ET MARNE
LOIGNY LA BATAILLE;48.126976397, 1.72344653891;EURE ET LOIR
PARLAN;44.8274613306, 2.17322961599;CANTAL
NOUAN LE FUZELIER;47.5365531093, 2.0295223621;LOIR ET CHER
BADONVILLER;48.4949206323, 6.91010597045;MEURTHE ET MOSELLE
TESSANCOURT SUR AUBETTE;49.0250430993, 1.91835280056;YVELINES
BREAL SOUS MONTFORT;48.044637167, -1.86571618785;ILE ET VILAINE
STE FOY;46.5327600427, -1.69243074733;VENDEE
MIRVILLE;49.6055328939, 0.440522106499;SEINE MARITIME
STE COLOMBE;45.281890465, -0.273965618336;CHARENTE MARITIME
JEANMENIL;48.3307687041, 6.71818019629;VOSGES
ST VITTE SUR BRIANCE;45.6250408506, 1.53874001949;HAUTE VIENNE
BALATRE;49.7112977032, 2.86504759397;SOMME
CHARTRONGES;48.7513681905, 3.26256489697;SEINE ET MARNE
GERBAIX;45.6072180611, 5.73727466441;SAVOIE
ST MAUDEZ;48.4547574615, -2.18331618664;COTES D ARMOR
ST NICOLAS;50.3086770117, 2.78508314188;PAS DE CALAIS
MAGNEVILLE;49.452860666, -1.5484188019;MANCHE
PETOSSE;46.4796848965, -0.911734176662;VENDEE
CORBERE ABERES;43.4757367559, -0.0896960657333;PYRENEES ATLANTIQUES
PROVENCY;47.5412749752, 3.95391774558;YONNE
QUINTILLAN;42.9592603481, 2.70315796115;AUDE
AUTERIVE;43.5796421888, 0.632117026282;GERS
GRUST;42.8904876239, -0.0590135769638;HAUTES PYRENEES
BOURROUILLAN;43.8280033037, -0.00793722543785;GERS
LAMONZIE ST MARTIN;44.8334514819, 0.387772567159;DORDOGNE
FESTUBERT;50.5446581516, 2.7365385521;PAS DE CALAIS
ST SYMPHORIEN;48.280614851, -1.80334544561;ILE ET VILAINE
MONTAIGU;49.5531328831, 3.84439779259;AISNE
MENNESSIS;49.6918385873, 3.27543313236;AISNE
VERPILLIERES;49.6670347072, 2.82381303765;SOMME
CHARMES;46.0829571549, 3.24639555805;ALLIER
ST LYE LA FORET;48.0349544365, 1.9722303277;LOIRET
ST GERMAIN SOUS DOUE;48.8511027251, 3.13894203561;SEINE ET MARNE
BOUAYE;47.1473396882, -1.6725437059;LOIRE ATLANTIQUE
MONTIGNY LE GUESDIER;48.3812410409, 3.24951033168;SEINE ET MARNE
POLMINHAC;44.9524740825, 2.57588922139;CANTAL
ARITH;45.7213212651, 6.06342859728;SAVOIE
BEAUVENE;44.8695132682, 4.51162362429;ARDECHE
MELECEY;47.5236383873, 6.49028438138;HAUTE SAONE
ROCHEFORT SUR BREVON;47.7409734699, 4.70623994168;COTE D OR
DOMPRIX;49.3288239969, 5.76432925243;MEURTHE ET MOSELLE
GONFREVILLE L ORCHER;49.4860837457, 0.221985693724;SEINE MARITIME
LEPANGES SUR VOLOGNE;48.1792216625, 6.66672756752;VOSGES
CHALOU MOULINEUX;48.3803154982, 2.02616711579;ESSONNE
PUYSSERAMPION;44.599458637, 0.319375464096;LOT ET GARONNE
SASSETOT LE MALGARDE;49.7720010811, 0.895836596753;SEINE MARITIME
LAUNOIS SUR VENCE;49.6645721589, 4.52730784056;ARDENNES
CHESSY;48.8723310998, 2.77039964715;SEINE ET MARNE
SOUEIX ROGALLE;42.8967635679, 1.19463483145;ARIEGE
COULIMER;48.4795734598, 0.461229892959;ORNE
RIBARROUY;43.5217745514, -0.276171114152;PYRENEES ATLANTIQUES
CIVRY EN MONTAGNE;47.289478828, 4.60603583394;COTE D OR
L HOSPITALET PRES L ANDORRE;42.595464483, 1.7777228207;ARIEGE
GALARGUES;43.7823313364, 4.00782608796;HERAULT
CHATELUS;45.0542328632, 5.38957416574;ISERE
ORAINVILLE;49.3759679828, 4.01565856496;AISNE
LES ETANGS;49.1452868081, 6.37462761343;MOSELLE
LE THOU;46.0868700947, -0.937375206626;CHARENTE MARITIME
GUE D HOSSUS;49.9534600751, 4.53901296551;ARDENNES
BRIXEY AUX CHANOINES;48.4730081857, 5.71605178841;MEUSE
SENESTIS;44.4216441879, 0.237961024607;LOT ET GARONNE
BENODET;47.8780985371, -4.07751294821;FINISTERE
LANGEY;48.0486333744, 1.18485608196;EURE ET LOIR
MISCON;44.6243253261, 5.51425703083;DROME
PRADINES;46.0000456451, 4.17170231294;LOIRE
LANQUAIS;44.8142906911, 0.668926310438;DORDOGNE
LUCE;48.434779098, 1.45277569654;EURE ET LOIR
SERVOZ;45.9454311308, 6.78543826857;HAUTE SAVOIE
ST LEGER;45.4552396012, 0.0450762216981;CHARENTE
SERVON MELZICOURT;49.2081540683, 4.84616301412;MARNE
ST GERMAIN DES PRES;47.4104988844, -0.812032158291;MAINE ET LOIRE
BETHUNE;50.5288922584, 2.64242379342;PAS DE CALAIS
LABRETONIE;44.4898181572, 0.372672787599;LOT ET GARONNE
SEPVIGNY;48.5643055469, 5.69442972921;MEUSE
ST PE DE LEREN;43.4909560582, -1.03877508063;PYRENEES ATLANTIQUES
CHABRAC;45.926486151, 0.746752143002;CHARENTE
ABONDANCE;46.2661080816, 6.7321620538;HAUTE SAVOIE
NEUVY BOUIN;46.6807933407, -0.446564097269;DEUX SEVRES
LA RONDE;46.299708575, -0.786738515903;CHARENTE MARITIME
ST JEAN KERDANIEL;48.5525813879, -3.03402824762;COTES D ARMOR
LE CHATELARD;45.6813038277, 6.12957262483;SAVOIE
ST POURCAIN SUR BESBRE;46.4817772858, 3.64933142149;ALLIER
MITTLACH;47.9945265472, 7.02013274266;HAUT RHIN
PONT SUR VANNE;48.1958502799, 3.43713511625;YONNE
VILSBERG;48.79004649, 7.26022732288;MOSELLE
ISLE ST GEORGES;44.726604598, -0.473681984875;GIRONDE
BEAUMONT SUR VESLE;49.1731370665, 4.17941674929;MARNE
ST AUBIN EPINAY;49.4189460634, 1.20455713453;SEINE MARITIME
ORIGNY LE BUTIN;48.3789608192, 0.473135967271;ORNE
ST GENGOUX LE NATIONAL;46.6134097037, 4.66348657274;SAONE ET LOIRE
THARAUX;44.2419428616, 4.32299911725;GARD
NUILLE SUR VICOIN;47.9802789281, -0.779212405934;MAYENNE
VEILLY;47.1271334446, 4.59658929547;COTE D OR
TREGUIER;48.7850465816, -3.23178776538;COTES D ARMOR
VOHARIES;49.7871481245, 3.79203868186;AISNE
GISSEY SUR OUCHE;47.2606866553, 4.78299335665;COTE D OR
LE MESNIL EURY;49.1618115328, -1.23538945959;MANCHE
LA COURTINE;45.7301505844, 2.24382828385;CREUSE
ST LEGER DE LA MARTINIERE;46.2428765448, -0.112350670797;DEUX SEVRES
ST PIERRE LE VIEUX;46.4009643491, -0.742816267425;VENDEE
FONS SUR LUSSAN;44.1854366663, 4.32720441708;GARD
ST MARTIN DE BOSCHERVILLE;49.4445921802, 0.962799831004;SEINE MARITIME
LES HAYS;46.9085311513, 5.39082220543;JURA
LES MATHES;45.7059879117, -1.17086670363;CHARENTE MARITIME
ECHEMINES;48.3904941746, 3.83580680573;AUBE
ORTAFFA;42.5843466688, 2.92083398591;PYRENEES ORIENTALES
HUEZ;45.0969425761, 6.08474810987;ISERE
ST MICHEL CHEF CHEF;47.1755629767, -2.12731093246;LOIRE ATLANTIQUE
LA CHAPELLE SUR COISE;45.6501998891, 4.49605895981;RHONE
ST MAURICE LES CHARENCEY;48.6391173168, 0.752904500205;ORNE
FERRIERES;43.0134440776, -0.240122106852;HAUTES PYRENEES
BARC;49.0794545996, 0.824738866399;EURE
LIGNEYRAC;45.0492268727, 1.61825978828;CORREZE
PALLUAUD;45.348051923, 0.242588912427;CHARENTE
TERCILLAT;46.403527358, 2.05486198243;CREUSE
BROSSAINC;45.3271714387, 4.67851483083;ARDECHE
LES COSTES;44.7485743408, 6.04728565137;HAUTES ALPES
COUARGUES;47.2840191035, 2.92686969695;CHER
HERLIN LE SEC;50.3533382181, 2.33277640011;PAS DE CALAIS
GROS CHASTANG;45.21473166, 2.00326104775;CORREZE
ST BONNET PRES RIOM;45.9285193382, 3.11628669554;PUY DE DOME
GARGES LES GONESSE;48.9701231267, 2.40534038501;VAL D OISE
BRENAT;45.5494693829, 3.30961453895;PUY DE DOME
MAGNICOURT EN COMTE;50.4032927894, 2.48186461999;PAS DE CALAIS
AISY SUR ARMANCON;47.6569574082, 4.2090837181;YONNE
MAURECOURT;48.998753885, 2.05297771853;YVELINES
CAUDECOSTE;44.1187326422, 0.737249892638;LOT ET GARONNE
SIGOULES;44.757893297, 0.39899735625;DORDOGNE
CHERIENNES;50.3116108089, 2.03441974871;PAS DE CALAIS
REUIL SUR BRECHE;49.5218600846, 2.226027175;OISE
NEUILLY;48.9295320189, 1.41731024629;EURE
ESCORAILLES;45.1690574549, 2.33215850964;CANTAL
LE THOLONET;43.5196914136, 5.50819253944;BOUCHES DU RHONE
FONTAINE LA LOUVET;49.1584396153, 0.445984273017;EURE
ST MEDARD D EXCIDEUIL;45.3470023438, 1.0861340351;DORDOGNE
VOURLES;45.6578547027, 4.76815797121;RHONE
MERCEY;49.0825576267, 1.39866609762;EURE
STE CROIX HAGUE;49.642621281, -1.76503469066;MANCHE
COURBEVEILLE;47.9866601942, -0.888326689852;MAYENNE
NAYEMONT LES FOSSES;48.2978194425, 7.00799607343;VOSGES
FAGNIERES;48.9465486999, 4.30937334592;MARNE
IDS ST ROCH;46.7139612641, 2.25788543249;CHER
ST MARTIN DE LONDRES;43.7926372953, 3.70749671559;HERAULT
AVESSAC;47.635436304, -1.97050871505;LOIRE ATLANTIQUE
LA VILLE ES NONAIS;48.5488601096, -1.95172640786;ILE ET VILAINE
CHAVANGES;48.5158465508, 4.56655874954;AUBE
CHARBONNIERES LES VIEILLES;45.9916492196, 3.00764883452;PUY DE DOME
VAUCHONVILLIERS;48.266444897, 4.53268851278;AUBE
SISTERON;44.2001925067, 5.93083716039;ALPES DE HAUTE PROVENCE
PAIR ET GRANDRUPT;48.2794735198, 7.01113193322;VOSGES
SEICHES SUR LE LOIR;47.6039171793, -0.358897551801;MAINE ET LOIRE
LA TRINITE DU MONT;49.5455789044, 0.557898876882;SEINE MARITIME
ST PHILBERT DE GRAND LIEU;47.0602912538, -1.65711361304;LOIRE ATLANTIQUE
ERMENOUVILLE;49.8040097414, 0.783829373731;SEINE MARITIME
LA GENETOUZE;46.7244524541, -1.50410719693;VENDEE
MONTMEILLANT;49.7025931592, 4.32852997041;ARDENNES
BRIQUEMESNIL FLOXICOURT;49.8878430503, 2.08048930837;SOMME
LUZ ST SAUVEUR;42.8320053922, 0.0163906780322;HAUTES PYRENEES
VILLERS LE ROND;49.4690003224, 5.48194955327;MEURTHE ET MOSELLE
ST CLEMENT RANCOUDRAY;48.6689629346, -0.890384424865;MANCHE
PEY;43.6159999554, -1.20840982876;LANDES
VILLIERS LE ROUX;46.0512318303, 0.109503463372;CHARENTE
EUVEZIN;48.9198099623, 5.8592491591;MEURTHE ET MOSELLE
LAVERCANTIERE;44.6271991011, 1.3231090399;LOT
MANNEVILLE LA GOUPIL;49.6116014086, 0.347552661099;SEINE MARITIME
CHEVRY COSSIGNY;48.7228150234, 2.67680477981;SEINE ET MARNE
SEMBLECAY;47.2185048101, 1.69379686982;INDRE
ARCHAMPS;46.1222282115, 6.13971386615;HAUTE SAVOIE
FAUCOGNEY ET LA MER;47.8319641353, 6.5834328372;HAUTE SAONE
PLEUGUENEUC;48.4045431671, -1.88606418202;ILE ET VILAINE
COEUR DE CAUSSE;44.6484325779, 1.58028882268;LOT
SAULT;44.0729876027, 5.39889956617;VAUCLUSE
MARIGNY BRIZAY;46.743415638, 0.377111610428;VIENNE
CAISNES;49.5201213587, 3.06454486519;OISE
LUCY;49.7722779599, 1.44769701931;SEINE MARITIME
VELLES;46.69976205, 1.63686768845;INDRE
CELLEFROUIN;45.8877573804, 0.391851835711;CHARENTE
BUFFON;47.6568975951, 4.27470162202;COTE D OR
ORGEANS BLANCHEFONTAINE;47.266487614, 6.75428346905;DOUBS
MONTAGNE;45.1427039465, 5.20042343042;ISERE
MANTEYER;44.5333321119, 5.94989667477;HAUTES ALPES
LAVAL D AURELLE;44.5722739306, 3.97264927735;ARDECHE
LASSE;47.5442138366, 0.00592216216308;MAINE ET LOIRE
ST MARTIN;48.3498144162, 7.28574653524;BAS RHIN
LE BOCASSE;49.6088838198, 1.0698762203;SEINE MARITIME
LEWARDE;50.3367323265, 3.16865198714;NORD
ST AUBIN DES ORMEAUX;46.9958175597, -1.04216568722;VENDEE
CORBEIL CERF;49.2772532427, 2.11061298697;OISE
BOUGLIGNY;48.1990049427, 2.66712074887;SEINE ET MARNE
ST THIBAUT;49.2891405131, 3.61650327087;AISNE
CABAS LOUMASSES;43.3566837284, 0.61023663197;GERS
ST LEGER SUR ROANNE;46.0416783061, 4.00124204353;LOIRE
BAILLET EN FRANCE;49.0587634445, 2.30242390203;VAL D OISE
THOREY SOUS CHARNY;47.3298168474, 4.44950750431;COTE D OR
BENASSAY;46.5510149682, 0.0352705236052;VIENNE
SUCY EN BRIE;48.7656456593, 2.5330560803;VAL DE MARNE
BONNETAN;44.8193051355, -0.410997563502;GIRONDE
RODEREN;47.7778631956, 7.08771577439;HAUT RHIN
MASSEILLES;44.4025946002, -0.0592641456363;GIRONDE
BARISEY LA COTE;48.5457983543, 5.84382509461;MEURTHE ET MOSELLE
CAPTIEUX;44.2537330711, -0.28409017243;GIRONDE
XAINTRAY;46.4958576969, -0.48044229191;DEUX SEVRES
CHELERS;50.3815791457, 2.48784596215;PAS DE CALAIS
ST CESAIRE;45.7554033226, -0.490821600158;CHARENTE MARITIME
VOLSTROFF;49.3014063896, 6.25187794488;MOSELLE
GENNETON;47.0447855312, -0.437548690394;DEUX SEVRES
ST JACQUES DES GUERETS;47.766301423, 0.790395766895;LOIR ET CHER
LA CHAPELLE;49.7607573258, 5.02411858823;ARDENNES
IZAOURT;43.0158308851, 0.602750524708;HAUTES PYRENEES
CARPENTRAS;44.0593802565, 5.06134844776;VAUCLUSE
TRECLUN;47.192371052, 5.28848866288;COTE D OR
LA CHAPELLE GACELINE;47.790691436, -2.10022603174;MORBIHAN
HARLY;49.8407051764, 3.33484724239;AISNE
LES ESSARTS LE VICOMTE;48.6646500716, 3.55311169062;MARNE
BALTZENHEIM;48.0987704391, 7.55258087773;HAUT RHIN
ST CLAIR;46.881517057, 0.0572109516962;VIENNE
ST NAZAIRE DE VALENTANE;44.2056807143, 1.01728344459;TARN ET GARONNE
ST MARTIN DE RIBERAC;45.2201729451, 0.36189635056;DORDOGNE
STE EUGENIE DE VILLENEUVE;45.1418528547, 3.63036535323;HAUTE LOIRE
CRESPINET;43.9551249562, 2.29516613633;TARN
SAUNIERES;46.9119642453, 5.07167860056;SAONE ET LOIRE
MONTRECOURT;50.2256590135, 3.44600124957;NORD
LEMPS;45.0972922386, 4.778993534;ARDECHE
LA CAUNETTE;43.3674487312, 2.78721523132;HERAULT
COGNIERES;47.4990115094, 6.28635310536;HAUTE SAONE
ORIOLLES;45.3564714888, -0.1368388888;CHARENTE
DIROL;47.3184800902, 3.64313334318;NIEVRE
RUSS;48.485644468, 7.26907262122;BAS RHIN
CERNAY;48.3854124094, 1.23047521955;EURE ET LOIR
MALANS;47.0442451594, 6.02925476489;DOUBS
MAYSEL;49.2519110578, 2.36711680855;OISE
CREVECOEUR LE GRAND;49.6125388783, 2.08489020774;OISE
DAMLOUP;49.1993965237, 5.49261552169;MEUSE
COSSWILLER;48.6086737459, 7.36224872367;BAS RHIN
ST AVE;47.6991321739, -2.7415830935;MORBIHAN
PORCARO;47.9198730267, -2.19384701914;MORBIHAN
FAY;48.6612913524, 0.407509291689;ORNE
CLISSON;47.097896998, -1.27042598067;LOIRE ATLANTIQUE
LIMETZ VILLEZ;49.0598121683, 1.55067599473;YVELINES
GAILLERES;43.9379918755, -0.3740739094;LANDES
SAIX;43.5842195914, 2.17044847109;TARN
AVRIGNEY VIREY;47.3393039112, 5.77571250318;HAUTE SAONE
LA FERTE ST SAMSON;49.5772618796, 1.5368911792;SEINE MARITIME
ST LEGER LE GUERETOIS;46.1507777907, 1.8151398543;CREUSE
SUSSARGUES;43.7090174126, 3.99451003779;HERAULT
ST PAUL LE JEUNE;44.3323751475, 4.15520621175;ARDECHE
LES VILLEDIEU;46.7134756385, 6.26609889484;DOUBS
CONTREXEVILLE;48.1854408113, 5.89357999879;VOSGES
REMIES;49.6793679757, 3.52478064261;AISNE
ST BASILE;44.9490355283, 4.56160011901;ARDECHE
CHATEAU SALINS;48.8192996978, 6.49319554209;MOSELLE
OINVILLE SUR MONTCIENT;49.0255099055, 1.84612045415;YVELINES
AUREILHAN;43.2497030503, 0.103640168515;HAUTES PYRENEES
ST JULIEN;48.4480990562, -2.81685604656;COTES D ARMOR
MOGNEVILLE;49.3126555491, 2.47328622083;OISE
LANVOLLON;48.6334353937, -2.98974658224;COTES D ARMOR
COURSAC;45.1270017517, 0.642895051046;DORDOGNE
ST NICOLAS LA CHAPELLE;45.8244727797, 6.47927364341;SAVOIE
AGNETZ;49.3961836166, 2.38254589214;OISE
SAILLY;49.6003253149, 5.17350598808;ARDENNES
MEES;43.7103483825, -1.12243161714;LANDES
LAFEUILLADE EN VEZIE;44.7932691483, 2.44817059954;CANTAL
PELUSSIN;45.4230806352, 4.65991656851;LOIRE
ST CYR LA RIVIERE;48.3501033292, 2.13743376012;ESSONNE
ST ETIENNE DE CARLAT;44.9128030117, 2.58461670892;CANTAL
WALDIGHOFEN;47.5469824081, 7.3170216886;HAUT RHIN
BUFFIGNECOURT;47.8133675755, 6.02218860068;HAUTE SAONE
MEMBREY;47.585270996, 5.75013289833;HAUTE SAONE
FLINES LES MORTAGNE;50.5128551387, 3.48452339444;NORD
ST MARTIN DE CONNEE;48.2263014135, -0.246813322677;MAYENNE
PLOUENAN;48.6212293904, -3.981458033;FINISTERE
RACHECOURT SUZEMONT;48.4553637737, 4.97053155021;HAUTE MARNE
TRAMONT EMY;48.4135129696, 5.94924680248;MEURTHE ET MOSELLE
LA MONSELIE;45.321229006, 2.55132616965;CANTAL
OYE;46.3247162501, 4.19347320106;SAONE ET LOIRE
ST JULIEN LA VETRE;45.8203021782, 3.81786181803;LOIRE
COURLON SUR YONNE;48.3449808142, 3.17786966598;YONNE
MONTBARLA;44.2136604431, 1.08193556134;TARN ET GARONNE
OUSSE SUZAN;43.9458730259, -0.752515437356;LANDES
SAUCHY LESTREE;50.2199513579, 3.11647492412;PAS DE CALAIS
CARLEPONT;49.5191522759, 3.02234053869;OISE
PUGET ROSTANG;43.9872004758, 6.93685582204;ALPES MARITIMES
BOURG ST ANDEOL;44.3830866916, 4.61398365069;ARDECHE
ESSERT;47.6367014962, 6.81198236249;TERRITOIRE DE BELFORT
SOUGE;46.9659142337, 1.48046775044;INDRE
HIGUERES SOUYE;43.3790480363, -0.250616143806;PYRENEES ATLANTIQUES
TRELOU SUR MARNE;49.0916773783, 3.60157906913;AISNE
VAUX;46.283148679, 0.236630023591;VIENNE
ACHY;49.5562211633, 1.97185766368;OISE
STE SABINE SUR LONGEVE;48.1357559817, 0.0899900112141;SARTHE
BARBERIER;46.2199674425, 3.24930716448;ALLIER
SERQUEUX;47.9966571508, 5.75100246622;HAUTE MARNE
THURY EN VALOIS;49.1516839082, 3.02876069607;OISE
ST JORY;43.739344106, 1.35625454624;HAUTE GARONNE
ST HILAIRE;47.334610103, 6.24519966915;DOUBS
PONTIACQ VIELLEPINTE;43.3632011271, -0.0568079986553;PYRENEES ATLANTIQUES
BERTHELANGE;47.2012632054, 5.78031837648;DOUBS
BROUQUEYRAN;44.4879887371, -0.177790358519;GIRONDE
BIEUZY;47.9996986994, -3.03463534674;MORBIHAN
TALENSAC;48.0906335682, -1.92552544674;ILE ET VILAINE
PLELAN LE PETIT;48.427284639, -2.22409129331;COTES D ARMOR
SENTEIN;42.8358878297, 0.920341995173;ARIEGE
VIODOS ABENSE DE BAS;43.2476033104, -0.896806531762;PYRENEES ATLANTIQUES
MECLEUVES;49.0513378937, 6.2779740963;MOSELLE
GRINDORFF BIZING;49.3821541257, 6.51356610302;MOSELLE
ST PEVER;48.4822950613, -3.09102052353;COTES D ARMOR
DAMREMONT;47.9487557847, 5.64105093613;HAUTE MARNE
CASTIES LABRANDE;43.3277537605, 0.993442219827;HAUTE GARONNE
TEMPLEUX LE GUERARD;49.9633304017, 3.14471423364;SOMME
MATRINGHEM;50.5456223403, 2.16665746182;PAS DE CALAIS
CARTIGNIES;50.0779397385, 3.84271561148;NORD
ST UZE;45.1900433327, 4.86747069605;DROME
LE MESNIL SUR BULLES;49.4823695987, 2.34912415685;OISE
QUINTENAS;45.1922513246, 4.69504598366;ARDECHE
ST ETIENNE VALLEE FRANCAISE;44.1711188054, 3.8568943356;LOZERE
MOUGINS;43.5961410556, 7.00129444919;ALPES MARITIMES
ANGEVILLE;43.9938181839, 1.03112257966;TARN ET GARONNE
RUNAN;48.6867514768, -3.22734590799;COTES D ARMOR
GRISELLES;48.0735835169, 2.83901936313;LOIRET
BOUSSY;45.8509031709, 5.98346432153;HAUTE SAVOIE
ST GIBRIEN;48.9746985932, 4.29499737261;MARNE
VEYRAC;45.9034537819, 1.09001899064;HAUTE VIENNE
LA PIARRE;44.4784087163, 5.64803205429;HAUTES ALPES
URCAY;46.6340748365, 2.61371570998;ALLIER
LOUVIERS;49.2206099164, 1.15340030158;EURE
ROCHESSAUVE;44.6806789523, 4.61124085602;ARDECHE
GUERCHEVILLE;48.2597174707, 2.55771818167;SEINE ET MARNE
FRANCHEVILLE;48.8786491229, 4.54064901103;MARNE
BROUSSE LE CHATEAU;44.0062723535, 2.63789868887;AVEYRON
LEMAINVILLE;48.5057667643, 6.18685411561;MEURTHE ET MOSELLE
MERINDOL LES OLIVIERS;44.2725055479, 5.1684408091;DROME
CHANTEMERLE;48.6185982101, 3.64465146733;MARNE
ANDLAU;48.3907003871, 7.38488102933;BAS RHIN
ST JULIEN LES MONTBELIARD;47.5191858536, 6.7064941383;DOUBS
PRADES;42.7908714582, 1.86049568072;ARIEGE
CHAMPAGNE SUR VINGEANNE;47.4405994754, 5.40662688051;COTE D OR
ST SAUVEUR SUR TINEE;44.1210676615, 7.11814485955;ALPES MARITIMES
AUDIGNIES;50.2783465062, 3.82456125193;NORD
LA ROCHE CHALAIS;45.1355934306, 0.0550563261049;DORDOGNE
MENTIERES;45.0786565074, 3.14231362985;CANTAL
ST SAUVEUR;44.5365820455, 6.52920301665;HAUTES ALPES
MOEURS VERDEY;48.7365194964, 3.67236344176;MARNE
ST CYR LES COLONS;47.7305335651, 3.7628533948;YONNE
BUIGNY ST MACLOU;50.1528695248, 1.81999601533;SOMME
ESCLES ST PIERRE;49.7444351551, 1.80313112603;OISE
ASSE LE BERENGER;48.155873836, -0.318587508951;MAYENNE
SAVOILLAN;44.1744446408, 5.37283802798;VAUCLUSE
SOULANGY;48.9404810595, -0.213994560503;CALVADOS
ALMAYRAC;44.0989296815, 2.155985909;TARN
PIMORIN;46.4958087462, 5.50106506997;JURA
HIESSE;46.0498472746, 0.581727816732;CHARENTE
LA CHAPELLE ST MESMIN;47.8887063362, 1.82847184827;LOIRET
LABROUSSE;44.8520781165, 2.54931356081;CANTAL
PREZ;49.8014597717, 4.36121089611;ARDENNES
OFFRANVILLE;49.8711707003, 1.03537309213;SEINE MARITIME
L EGLISE AUX BOIS;45.657582706, 1.7964084025;CORREZE
ST AIGNAN;47.2506398056, 1.33425450761;LOIR ET CHER
PEIGNEY;47.8784687071, 5.37568618034;HAUTE MARNE
SUEVRES;47.6814203099, 1.4544890001;LOIR ET CHER
RUCQUEVILLE;49.2580589795, -0.586109416555;CALVADOS
ARAMON;43.904199015, 4.68302001901;GARD
LA SELLE EN LUITRE;48.3210231542, -1.15116317986;ILE ET VILAINE
GRIGNY;45.6080535265, 4.78645083138;RHONE
RIEUX MINERVOIS;43.2683807595, 2.59121140963;AUDE
EPPING;49.1056772723, 7.31945928878;MOSELLE
LANNEMAIGNAN;43.8989950256, -0.211156147496;GERS
FERRIERES ST MARY;45.1721196123, 3.08204262828;CANTAL
ST AMANS;43.2274024701, 1.88551132685;AUDE
BROXEELE;50.8279362343, 2.32136721551;NORD
MALONS ET ELZE;44.4227680052, 4.01865417625;GARD
BAZEMONT;48.9318976597, 1.87410045764;YVELINES
CASTELFERRUS;44.0050177844, 1.09114738889;TARN ET GARONNE
GUIGNICOURT SUR VENCE;49.6886825808, 4.63302128326;ARDENNES
ROGUES;43.8787778933, 3.5616521889;GARD
LE COMPAS;46.0039185769, 2.4526231554;CREUSE
COMMUNAY;45.5981602115, 4.83863440374;RHONE
BOURG ARGENTAL;45.3037339216, 4.56653101213;LOIRE
LANNOY CUILLERE;49.7087683015, 1.73577281734;OISE
EPAIGNES;49.2733162513, 0.45367421999;EURE
LABOULBENE;43.6660569606, 2.20401840916;TARN
FOUENCAMPS;49.8191300337, 2.40787983027;SOMME
ST GEORGES HAUTE VILLE;45.5439493832, 4.09234828784;LOIRE
ST GERMAIN DES BOIS;46.8892474462, 2.45128555429;CHER
CHARRAS;45.5444379086, 0.428737132242;CHARENTE
VIELS MAISONS;48.9070425737, 3.39571892839;AISNE
DURCET;48.7409713095, -0.441750363185;ORNE
NARGIS;48.1109318458, 2.73790103266;LOIRET
EPAGNY METZ TESSY;45.9440370403, 6.08226977374;HAUTE SAVOIE
FLAVIGNY SUR OZERAIN;47.5087961778, 4.51921128225;COTE D OR
JOUQUEVIEL;44.1816769141, 2.13340021405;TARN
VENABLES;49.2012200794, 1.29594833053;EURE
NANTERRE;48.8960701282, 2.20671346353;HAUTS DE SEINE
AUMENANCOURT;49.3855740123, 4.05833195184;MARNE
GARINDEIN;43.2188188695, -0.924182153678;PYRENEES ATLANTIQUES
VIROFLAY;48.802404069, 2.17151291149;YVELINES
CHERMISEY;48.4148753305, 5.56909625806;VOSGES
AUBIGNY LES POTHEES;49.7645065042, 4.42763979942;ARDENNES
BORNEL;49.1918532269, 2.18485090875;OISE
DAMERY;49.7307619763, 2.73676908988;SOMME
LAGRAULET ST NICOLAS;43.788801434, 1.07315140628;HAUTE GARONNE
ST GENES CHAMPANELLE;45.722927873, 2.99890145376;PUY DE DOME
NOUAINVILLE;49.6200133969, -1.68096572433;MANCHE
SACHIN;50.4927168142, 2.36659910024;PAS DE CALAIS
PALANTE;47.6649408648, 6.58267716976;HAUTE SAONE
MARCHEVILLE EN WOEVRE;49.0877081896, 5.68164816489;MEUSE
SERRE NERPOL;45.2573268964, 5.37164810608;ISERE
PORT DES BARQUES;45.9419529118, -1.07230587054;CHARENTE MARITIME
LOUBENS;43.0430976217, 1.5546667982;ARIEGE
MARCLOPT;45.6639852846, 4.22116537367;LOIRE
PRESENTEVILLERS;47.5012810913, 6.72665419806;DOUBS
CHEMINOT;48.9560682029, 6.13779293585;MOSELLE
AMBONNAY;49.08689493, 4.17217235053;MARNE
LIZOS;43.2589588685, 0.146081263735;HAUTES PYRENEES
MONDEMENT MONTGIVROUX;48.7904305607, 3.76355809317;MARNE
ST SEGAL;48.2359944685, -4.07720037055;FINISTERE
VIGNY;48.9683757899, 6.25329228193;MOSELLE
LANTON;44.7744744246, -0.976985580148;GIRONDE
LE PERRAY EN YVELINES;48.6968018136, 1.84356131142;YVELINES
LA COPECHAGNIERE;46.8523980181, -1.34349746898;VENDEE
AMNEVILLE;49.2396972255, 6.09947450041;MOSELLE
BOURG BEAUDOUIN;49.384064596, 1.30432026998;EURE
POLAINCOURT ET CLAIREFONTAINE;47.875259179, 6.06625530496;HAUTE SAONE
HEBUTERNE;50.1180452685, 2.64625006269;PAS DE CALAIS
ORION;43.4207738426, -0.863152653996;PYRENEES ATLANTIQUES
AVAILLES LIMOUZINE;46.1339246514, 0.647417301116;VIENNE
ESCUROLLES;46.1418285128, 3.26795917971;ALLIER
CHAMP DOLENT;48.9588653377, 1.00803800645;EURE
TREFCON;49.859082365, 3.08864647254;AISNE
ST SAMSON DE LA ROQUE;49.42576562, 0.42505003229;EURE
CESSEY;47.1132588738, 5.92330961673;DOUBS
COIZARD JOCHES;48.828738197, 3.86398431629;MARNE
COURBAN;47.9155781312, 4.73943669739;COTE D OR
LIVRON;43.2327692583, -0.127683079228;PYRENEES ATLANTIQUES
SERON;43.3227244461, -0.0918151618276;HAUTES PYRENEES
L ABSIE;46.6475867778, -0.559273846456;DEUX SEVRES
CLAYEURES;48.4695576115, 6.4094671888;MEURTHE ET MOSELLE
VAUDREY;46.9662782086, 5.62672865692;JURA
SCEAUX;48.776816369, 2.29529414514;HAUTS DE SEINE
SAPOGNE ET FEUCHERES;49.6594664485, 4.80045594688;ARDENNES
ST ANTOINE DU QUEYRET;44.7623588466, 0.00922484290059;GIRONDE
MONTBARD;47.6576730148, 4.35039569753;COTE D OR
VAROGNE;47.7190126678, 6.20728397771;HAUTE SAONE
ST GEORGES DE LA RIVIERE;49.3630192969, -1.72971750237;MANCHE
FONTAINE EN DORMOIS;49.2404904108, 4.72158432493;MARNE
CLINCHAMPS SUR ORNE;49.0827905311, -0.403970928177;CALVADOS
LA GARDE;43.8298617013, 6.57154524239;ALPES DE HAUTE PROVENCE
ETEL;47.6567860287, -3.1985408357;MORBIHAN
SOLIGNAC SUR LOIRE;44.9577428375, 3.88118652171;HAUTE LOIRE
MORIZECOURT;48.0718872896, 5.85844834425;VOSGES
COURCELLES SUR NIED;49.0571624727, 6.30773670444;MOSELLE
LAURENS;43.5218394157, 3.1996305574;HERAULT
ST MICHEL D EUZET;44.2062878701, 4.55120347402;GARD
PABU;48.58310885, -3.14288475584;COTES D ARMOR
LE FALGOUX;45.1449310681, 2.6388267484;CANTAL
LUC;44.6366875851, 3.86550888829;LOZERE
LA VICOMTE SUR RANCE;48.4879334459, -1.98287622329;COTES D ARMOR
BELLEVIGNY;46.7756383534, -1.43313700054;VENDEE
ST GUILHEM LE DESERT;43.756664412, 3.54505481445;HERAULT
LE VERGER;48.0658260742, -1.93692739781;ILE ET VILAINE
JOUCAS;43.9263664747, 5.25260939996;VAUCLUSE
ST CONSTANT FOURNOULES;44.6885284522, 2.24626593038;CANTAL
PLOUVIEN;48.5390737689, -4.46505517448;FINISTERE
AUZOUER EN TOURAINE;47.55445629, 0.93712101113;INDRE ET LOIR
LE POET SIGILLAT;44.3631938216, 5.31860156663;DROME
CHARNY SUR MEUSE;49.203830142, 5.3418897321;MEUSE
MONTAUD;45.2598175642, 5.5618750133;ISERE
MIREBEAU SUR BEZE;47.4024616873, 5.32235906024;COTE D OR
FULVY;47.7404530701, 4.16212844857;YONNE
CEILLAC;44.6526516194, 6.80366189831;HAUTES ALPES
ST PIERRE AIGLE;49.3121621719, 3.19602649155;AISNE
OLLIOULES;43.1386133658, 5.85369204547;VAR
SOULLES;49.0093446258, -1.18833456705;MANCHE
NOHANT VIC;46.6401357121, 1.95677952761;INDRE
LE FOURNET;49.2002891187, 0.111722528216;CALVADOS
PLOUDALMEZEAU;48.5380194426, -4.66954529014;FINISTERE
SAULXURES LES NANCY;48.685833475, 6.25394887342;MEURTHE ET MOSELLE
CAUMONT L EVENTE;49.0964311403, -0.812430741234;CALVADOS
PIERRE BENITE;45.702202274, 4.82705049921;RHONE
ST CHRISTOPHE SUR GUIERS;45.4096520844, 5.79306737331;ISERE
COUVRELLES;49.3339841009, 3.48486954064;AISNE
MAGNIEU;45.7754050255, 5.71540945601;AIN
MOLAC;47.7362321249, -2.43951991682;MORBIHAN
CERON;46.2805440909, 3.93730889705;SAONE ET LOIRE
BAILLEUL;50.0258469553, 1.85504998137;SOMME
ROAIX;44.2551304462, 5.01515147311;VAUCLUSE
VIC SUR SEILLE;48.7749870403, 6.52757815472;MOSELLE
ST YZANS DE MEDOC;45.3263969958, -0.813698621313;GIRONDE
UGNY L EQUIPEE;49.8148197837, 3.06721029435;SOMME
CHALAGNAC;45.0928504071, 0.680786253441;DORDOGNE
ESSERTENNE;46.8109722514, 4.54150474121;SAONE ET LOIRE
BEAUREGARD;44.3524666438, 1.77958568726;LOT
RAISMES;50.410089317, 3.48909318774;NORD
VILLE EN VERMOIS;48.6194878128, 6.24428854524;MEURTHE ET MOSELLE
NEUVILLE AU BOIS;49.9698929378, 1.78327911421;SOMME
NANCHEZ;46.4998251911, 5.8576069903;JURA
ARRIEN EN BETHMALE;42.8837512369, 1.05330418003;ARIEGE
MERY PREMECY;49.2293632812, 3.87299237056;MARNE
SOLIGNY LES ETANGS;48.4021938714, 3.51624678712;AUBE
LICHERES SUR YONNE;47.4918181077, 3.59463823295;YONNE
SOURANS;47.4100667582, 6.64130121934;DOUBS
PRASLIN;48.0459143506, 4.20718637657;AUBE
ST MICHEL SUR RHONE;45.4436606281, 4.73367710517;LOIRE
DIE;44.7482217645, 5.37640774818;DROME
COMBIERS;45.5110545763, 0.408984921414;CHARENTE
SERRES SUR ARGET;42.9701435492, 1.5043958432;ARIEGE
FIXIN;47.2483860424, 4.96654178119;COTE D OR
SAULES;46.6559200534, 4.67477291847;SAONE ET LOIRE
HERRE;44.0211717099, -0.0373071311054;LANDES
HODENG AU BOSC;49.8719141783, 1.69787362739;SEINE MARITIME
ST VALERY EN CAUX;49.85975403, 0.70707488248;SEINE MARITIME
ST LANNE;43.586077387, -0.0699024162423;HAUTES PYRENEES
GEOVREISSET;46.2508621615, 5.61271973915;AIN
PUISIEUX ET CLANLIEU;49.8472444334, 3.66367663689;AISNE
LES SABLES D OLONNE;46.5007612799, -1.79255128677;VENDEE
RABOUILLET;42.7273037833, 2.37109677548;PYRENEES ORIENTALES
ST GALMIER;45.6033793655, 4.31450535656;LOIRE
BALAZUC;44.5082860556, 4.37244725798;ARDECHE
LEOJAC;44.0029268043, 1.45114680413;TARN ET GARONNE
TASSILLE;47.9881765912, -0.0946992624258;SARTHE
GIRONVILLE;48.1626911918, 2.53341548743;SEINE ET MARNE
ST RENAN;48.4258372849, -4.62348821209;FINISTERE
LE MESNIL AU GRAIN;49.0467992669, -0.606121307613;CALVADOS
BERNAVILLE;50.1349359626, 2.17571907159;SOMME
HERBEVILLER;48.5530200075, 6.75411067546;MEURTHE ET MOSELLE
ST ANDRE LEZ LILLE;50.6597692969, 3.04609387889;NORD
ST MARTIN AUX CHAMPS;48.8146669912, 4.47971521555;MARNE
ESTREES SUR NOYE;49.7842642884, 2.33898041831;SOMME
BOULLARRE;49.1304808787, 3.00990272849;OISE
LA CROIX HELLEAN;47.9636789814, -2.51127913999;MORBIHAN
MOULINS SUR YEVRE;47.0934510675, 2.52827991158;CHER
COUPEVILLE;48.9039008235, 4.6230291647;MARNE
GENNEVILLIERS;48.9345190548, 2.29384987973;HAUTS DE SEINE
AUGER ST VINCENT;49.2124952218, 2.81319586858;OISE
PAILLENCOURT;50.2487376852, 3.26355890022;NORD
ST LAURENT DU PLAN;44.6255670089, -0.117013007902;GIRONDE
CIEL;46.8716291957, 5.05115500472;SAONE ET LOIRE
SOMMELANS;49.135392, 3.29302303663;AISNE
BAVENT;49.2260268215, -0.182663216453;CALVADOS
MASSAY;47.1549090518, 1.98560116565;CHER
CAMBIAC;43.4906846108, 1.7895005846;HAUTE GARONNE
ST SERNIN LES LAVAUR;43.543395503, 1.97224589323;TARN
LECQUES;43.8432239983, 4.05620169328;GARD
CHATEAUNEUF DE VERNOUX;44.9249240478, 4.64219110032;ARDECHE
ORMES;49.0563549136, 0.956012588677;EURE
ROUGEMONT;47.4795835178, 6.34800687837;DOUBS
LA CHAUME;47.8814002109, 4.8228651027;COTE D OR
ST LUCIEN;48.6391626613, 1.62330924951;EURE ET LOIR
LES ALLEUDS;46.1594577371, -0.013910113453;DEUX SEVRES
MONTVILLE;49.5460164645, 1.0819460987;SEINE MARITIME
ST SYLVAIN;49.8484962406, 0.659644350897;SEINE MARITIME
ORMOY;48.6243546141, 1.47177078539;EURE ET LOIR
COURTERON;48.0158955868, 4.46256663692;AUBE
BOUSSENS;43.1763531912, 0.960371645513;HAUTE GARONNE
SEIGNY;47.5771836934, 4.43932756147;COTE D OR
PLAINE DE WALSCH;48.6900524567, 7.14681874191;MOSELLE
BROYES;48.7612770796, 3.75727727145;MARNE
LA MONCELLE;49.6929049378, 4.99641991785;ARDENNES
GRAND CAMP;49.0440587541, 0.533720192611;EURE
MONTABARD;48.8111933049, -0.085483255391;ORNE
VERCHIN;50.493379155, 2.17923063627;PAS DE CALAIS
ST MAURICE;45.6705565807, 3.23800296875;PUY DE DOME
CALVIAC EN PERIGORD;44.8610771393, 1.32210433458;DORDOGNE
SOUVIGNY EN SOLOGNE;47.6491986207, 2.16743831481;LOIR ET CHER
TREMOULET;43.1581445353, 1.71715487166;ARIEGE
LA NEUVE GRANGE;49.3599472523, 1.5584583469;EURE
SEYSSUEL;45.5601358269, 4.84416709965;ISERE
CANNES ECLUSE;48.3640376731, 2.99078667983;SEINE ET MARNE
LA MARRE;46.7337108015, 5.70313863162;JURA
CHATEAU CHINON VILLE;47.0626511564, 3.92696760176;NIEVRE
ARS SUR FORMANS;45.9934611, 4.82199649494;AIN
SARTILLY BAIE BOCAGE;48.7540217735, -1.46351733597;MANCHE
MANDAILLES ST JULIEN;45.0776793977, 2.66430120889;CANTAL
MEDIERE;47.4632149393, 6.60260963747;DOUBS
CORMOLAIN;49.1293685393, -0.863042429184;CALVADOS
BOISSIERES;43.7701911242, 4.22986261144;GARD
CALMEILLES;42.5519868705, 2.67154077315;PYRENEES ORIENTALES
DOUZAT;45.7009983146, -0.00261844248273;CHARENTE
BADMENIL AUX BOIS;48.3112223131, 6.52392431222;VOSGES
MAURINES;44.870056489, 3.08208971264;CANTAL
ST THIEBAUD;46.9717927523, 5.8808709853;JURA
CHUELLES;47.9969133671, 2.96866607719;LOIRET
SEREMPUY;43.7615192489, 0.821224548581;GERS
VAUDRINGHEM;50.6540835736, 2.02409481692;PAS DE CALAIS
BOIS GUILLAUME;49.4717615714, 1.12022637351;SEINE MARITIME
ST LOUP;46.3549641882, 3.37601860081;ALLIER
CAMPIGNEULLES LES PETITES;50.4406093208, 1.73639595025;PAS DE CALAIS
CASTELNER;43.5522725117, -0.591274524303;LANDES
BRIORD;45.7708330939, 5.48537461884;AIN
ST JEAN DU BOIS;47.8649273014, -0.0337210880136;SARTHE
LIVRON SUR DROME;44.7874186099, 4.83899378303;DROME
LONGUEIL;49.8832005078, 0.947742535975;SEINE MARITIME
CRAZANNES;45.8503954667, -0.705638764922;CHARENTE MARITIME
ST THIBAULT DES VIGNES;48.8637030584, 2.67576810808;SEINE ET MARNE
AMBRONAY;46.0055913782, 5.35760660735;AIN
CHAMPEY;47.5906494715, 6.67908440422;HAUTE SAONE
DEVROUZE;46.7614578185, 5.16719023343;SAONE ET LOIRE
LATOUR;43.2018753864, 1.2819924767;HAUTE GARONNE
LA PRETIERE;47.4467319002, 6.61016502451;DOUBS
MENTHON ST BERNARD;45.8653434236, 6.19371720419;HAUTE SAVOIE
LE DOUHET;45.8077681995, -0.578258177424;CHARENTE MARITIME
BOUSSES;44.1540947001, 0.0821269395994;LOT ET GARONNE
CHALLERANGE;49.3083659488, 4.74594763415;ARDENNES
SION;43.7385172252, 0.00694029639365;GERS
ST BARBANT;46.2020674785, 0.853464651387;HAUTE VIENNE
LE CENDRE;45.7178589681, 3.19396372923;PUY DE DOME
ST BONNET TRONCAIS;46.6697641721, 2.69613341169;ALLIER
VOUGECOURT;47.9447349937, 5.9940682612;HAUTE SAONE
ST JULIEN D ASSE;43.9266153853, 6.07806454992;ALPES DE HAUTE PROVENCE
AMAGNE;49.5164052633, 4.50308478101;ARDENNES
ROUXMESNIL BOUTEILLES;49.8998914455, 1.09967062889;SEINE MARITIME
TOTAINVILLE;48.3263637306, 5.98420590394;VOSGES
MONT DE LANS;45.0159885994, 6.13818619624;ISERE
LANEUVEVILLE EN SAULNOIS;48.8662241867, 6.44460881144;MOSELLE
DIEDENDORF;48.887700346, 7.02814105959;BAS RHIN
CHAMPAGNEY;47.6950851655, 6.68822303825;HAUTE SAONE
MAUZENS ET MIREMONT;44.9907571497, 0.929133081058;DORDOGNE
LE MEIX TIERCELIN;48.6401635513, 4.44092566457;MARNE
ST BENOIT DE CARMAUX;44.0544138951, 2.12958421961;TARN
VAL ET CHATILLON;48.5544444959, 7.00739045852;MEURTHE ET MOSELLE
COISY;49.9654599063, 2.33299519676;SOMME
MOUSSAGES;45.2336429755, 2.47256542244;CANTAL
ROUANS;47.1763592414, -1.84313535499;LOIRE ATLANTIQUE
NOYON;49.5774343318, 3.00799806171;OISE
SENILLE ST SAUVEUR;46.8023769572, 0.645222775662;VIENNE
LE GUE DE LA CHAINE;48.3725300515, 0.509787667614;ORNE
SERRIERES DE BRIORD;45.8133219416, 5.44125880379;AIN
LE DOURN;44.0155897925, 2.47073380785;TARN
PLOUGUIN;48.52926645, -4.59194113774;FINISTERE
QUIEVELON;50.2350198423, 4.06805030291;NORD
COATREVEN;48.7630037964, -3.32610620924;COTES D ARMOR
CHEVIGNY ST SAUVEUR;47.2999007268, 5.13656967893;COTE D OR
GROSLEY SUR RISLE;49.0447187021, 0.80546586873;EURE
JABLINES;48.9144697442, 2.7566018167;SEINE ET MARNE
DROISY;45.961959396, 5.8811939602;HAUTE SAVOIE
LAHAYMEIX;48.9348988887, 5.41756249131;MEUSE
LA LATETTE;46.7518875591, 6.09572549131;JURA
CHAMPLECY;46.4628044788, 4.22805088541;SAONE ET LOIRE
ST AUBIN DE SCELLON;49.1770428434, 0.47331713113;EURE
ST MARTIN CURTON;44.3311233288, -0.0251870734295;LOT ET GARONNE
BOUCE;46.3203697694, 3.49250482471;ALLIER
ST CHRISTOPHE;46.9252807285, 0.374730280796;VIENNE
VILLEFRANCHE DE LAURAGAIS;43.4067792695, 1.71965126707;HAUTE GARONNE
ARGELOUSE;44.3719794818, -0.63279226034;LANDES
VADENAY;49.0836066326, 4.4164981077;MARNE
ST CIRGUES EN MONTAGNE;44.7681344892, 4.0890257431;ARDECHE
MAURENS SCOPONT;43.5965308671, 1.81343450611;TARN
JAX;45.1696697646, 3.61747634855;HAUTE LOIRE
PERROUSE;47.3669269306, 6.04533540615;HAUTE SAONE
SOULAIRES;48.5176795466, 1.58912796204;EURE ET LOIR
SAGY;46.5937236673, 5.3241808449;SAONE ET LOIRE
GARREY;43.6697782294, -0.899363081457;LANDES
ARNOUVILLE;48.9858270233, 2.41714370822;VAL D OISE
FONTIERS CABARDES;43.3746615673, 2.25320474783;AUDE
FATOUVILLE GRESTAIN;49.4132819634, 0.332433959098;EURE
VAIVRE ET MONTOILLE;47.633860629, 6.10644479493;HAUTE SAONE
ST MARTIN D ARMAGNAC;43.7109968571, -0.0639870800498;GERS
AURIBEAU SUR SIAGNE;43.612406867, 6.91211356657;ALPES MARITIMES
BOSCAMNANT;45.1918411913, -0.0719487146419;CHARENTE MARITIME
ROCROI;49.9315002925, 4.55842430748;ARDENNES
LE BEAUSSET;43.2069315557, 5.82020086096;VAR
FOUVENT ST ANDOCHE;47.6505541505, 5.6722095809;HAUTE SAONE
MERILLAC;48.249384359, -2.39127521375;COTES D ARMOR
CAILLY SUR EURE;49.1194337911, 1.21848512049;EURE
ECURAS;45.6822174766, 0.569930576994;CHARENTE
PERRIGNY LES DIJON;47.25760727, 5.02045780663;COTE D OR
SALAGNAC;45.3155697873, 1.21187713732;DORDOGNE
GUENROUET;47.5034137503, -1.95561601434;LOIRE ATLANTIQUE
LE DONZEIL;46.03538708, 1.98532939253;CREUSE
ST SAUVEUR;48.5230682031, 7.00308119799;MEURTHE ET MOSELLE
NOIRON SUR SEINE;47.9386038243, 4.46986601367;COTE D OR
LOCMARIA BERRIEN;48.3580778048, -3.70022410218;FINISTERE
BROUY;48.3264481207, 2.28927890389;ESSONNE
AIZAC;44.7196762414, 4.3306729158;ARDECHE
ST SILVAIN MONTAIGUT;46.1412485496, 1.76065637075;CREUSE
QUILEN;50.5294762225, 1.9336963946;PAS DE CALAIS
SERVES SUR RHONE;45.1418386958, 4.83109226677;DROME
VIDEIX;45.7827606968, 0.731901083599;HAUTE VIENNE
RAZENGUES;43.644588775, 0.985675925252;GERS
CRISSEY;47.0503243045, 5.47819873684;JURA
ST THUAL;48.3355023423, -1.93174889174;ILE ET VILAINE
MOUSCARDES;43.5892643922, -0.884133125413;LANDES
MACKWILLER;48.9249078232, 7.16638709797;BAS RHIN
ARBONNE;43.4221190537, -1.54906516427;PYRENEES ATLANTIQUES
ST ETIENNE SUR CHALARONNE;46.1468059584, 4.86696454244;AIN
LACROIX SUR MEUSE;48.983746854, 5.52830793027;MEUSE
BOULE D AMONT;42.5879849764, 2.59192090962;PYRENEES ORIENTALES
BRION;47.9995517691, 3.47900609014;YONNE
LES OMERGUES;44.1527454808, 5.5893705894;ALPES DE HAUTE PROVENCE
LEVAL;50.180651266, 3.83355819928;NORD
CHAUMOT;47.251942409, 3.64281891552;NIEVRE
RIBAUTE LES TAVERNES;44.0418878865, 4.08501586323;GARD
PANNECE;47.487718052, -1.21642621731;LOIRE ATLANTIQUE
BRAZEY EN MORVAN;47.1724443227, 4.27604243318;COTE D OR
ST MARTIN DE BONFOSSE;49.0416813347, -1.17448957334;MANCHE
SARCY;49.202533594, 3.83019199367;MARNE
ST JEAN BONNEFONDS;45.4568786158, 4.44848172147;LOIRE
NOYANT;47.5070164198, 0.109706678066;MAINE ET LOIRE
MARTAINVILLE;49.3027207068, 0.386116710697;EURE
LA CHAPELLE ST LUC;48.3161316832, 4.03517553523;AUBE
PLESIDY;48.4414674679, -3.12592291873;COTES D ARMOR
MEISENTHAL;48.9707983496, 7.34611209492;MOSELLE
MIREPEISSET;43.2844349747, 2.89700023741;AUDE
LE TRIADOU;43.7367810666, 3.85739515015;HERAULT
CORCELLES LES CITEAUX;47.1692110216, 5.08258953072;COTE D OR
BETAUCOURT;47.8654216499, 5.91855303569;HAUTE SAONE
CHAMPAGNE SUR SEINE;48.4093568314, 2.8079339272;SEINE ET MARNE
ST JEAN DE NAY;45.0653883769, 3.68972683982;HAUTE LOIRE
MONCHY CAYEUX;50.4344363807, 2.28088263768;PAS DE CALAIS
QUETIGNY;47.3195635398, 5.11575310181;COTE D OR
MONTMAUR;43.4003889656, 1.84463626478;AUDE
GINTRAC;44.8834895326, 1.75273757543;LOT
ARSAC;44.9884555453, -0.701315089192;GIRONDE
LAROQUE D OLMES;42.9675623246, 1.87181602964;ARIEGE
ST APOLLINAIRE;47.336030345, 5.09322584658;COTE D OR
BLOMAC;43.2134329065, 2.58856166964;AUDE
TREFFIEUX;47.6131430435, -1.52831796122;LOIRE ATLANTIQUE
LA COUYERE;47.8939265628, -1.50149818667;ILE ET VILAINE
SERIERS;44.97204752, 3.03247148385;CANTAL
VERTAMBOZ;46.6012469433, 5.7478516954;JURA
BERNOS BEAULAC;44.3630023376, -0.259455361877;GIRONDE
ST VICTOR ET MELVIEU;44.0507837492, 2.81021922503;AVEYRON
ST JEURES;45.1042127113, 4.21151710813;HAUTE LOIRE
ST CYR L ECOLE;48.8065759294, 2.0659250703;YVELINES
SAVARTHES;43.1222207361, 0.803999322883;HAUTE GARONNE
PROVINS;48.5633093312, 3.28756780085;SEINE ET MARNE
OSSELLE ROUTELLE;47.1480275253, 5.86345612302;DOUBS
AZILLANET;43.3236122497, 2.74504101895;HERAULT
NOTRE DAME DE RIEZ;46.7532179022, -1.8935292542;VENDEE
EPEGARD;49.1824523923, 0.874988545882;EURE
LA RICHE;47.3812692668, 0.637590445417;INDRE ET LOIR
FACHIN;47.002421282, 3.96692225039;NIEVRE
ANDECHY;49.7147246952, 2.70662674377;SOMME
BUREY LA COTE;48.5001500482, 5.68520575039;MEUSE
WITTERNHEIM;48.3134249965, 7.6177163093;BAS RHIN
ST GEORGES ARMONT;47.4042841362, 6.54940433653;DOUBS
BRANVILLE HAGUE;49.6553473762, -1.78554001259;MANCHE
LA FRETTE;46.6412331111, 5.04960758377;SAONE ET LOIRE
LAZENAY;47.0669527618, 2.0765874358;CHER
CHAINTREAUX;48.1911011555, 2.81419944811;SEINE ET MARNE
STE AULDE;49.0030713082, 3.1746031904;SEINE ET MARNE
ANGECOURT;49.6350718482, 4.97725786194;ARDENNES
BAVERANS;47.1054660171, 5.53628421421;JURA
LES PONTS DE CE;47.4272536106, -0.512677371617;MAINE ET LOIRE
CENDRIEUX;44.9992323824, 0.826953355328;DORDOGNE
VERRIERES;48.3940369878, 0.751793679416;ORNE
VARSBERG;49.1748380196, 6.61893587601;MOSELLE
BUREY EN VAUX;48.5587875875, 5.65225335625;MEUSE
GONDENANS LES MOULINS;47.4652888265, 6.38278266131;DOUBS
PALISE;47.3657225036, 6.09170359133;DOUBS
LA LONDE LES MAURES;43.1689213414, 6.24285151023;VAR
BIOUSSAC;46.0307876172, 0.270410745983;CHARENTE
SIERVILLE;49.5915709945, 1.03742775738;SEINE MARITIME
LUZINAY;45.5897867329, 4.95688934298;ISERE
BAINS;44.9961387777, 3.76352409678;HAUTE LOIRE
ALLAIRE;47.6392193445, -2.17681507496;MORBIHAN
GOMBERGEAN;47.6521361252, 1.07496641179;LOIR ET CHER
JASSES;43.3137532193, -0.734253298525;PYRENEES ATLANTIQUES
LABERGEMENT STE MARIE;46.7792090782, 6.276761432;DOUBS
CHASNE SUR ILLET;48.2351678517, -1.57162603055;ILE ET VILAINE
FAUCH;43.8391719667, 2.25836350572;TARN
AVEZAC PRAT LAHITTE;43.0649077619, 0.3352681161;HAUTES PYRENEES
RAMBURELLES;49.9672661423, 1.70929896004;SOMME
LAAS;48.1209542123, 2.21821996129;LOIRET
TRESNAY;46.700299942, 3.19457698203;NIEVRE
PLEDRAN;48.4430297904, -2.745361546;COTES D ARMOR
ST FELIX DE VILLADEIX;44.9319312699, 0.677290095994;DORDOGNE
BADEVEL;47.5014450746, 6.93860867226;DOUBS
LARONXE;48.5442014247, 6.59779172365;MEURTHE ET MOSELLE
ROQUEFORT LES CASCADES;42.9610533574, 1.74338927244;ARIEGE
SEMEZANGES;47.2155736002, 4.85104991117;COTE D OR
NIVILLERS;49.4506700371, 2.16728626603;OISE
ROYON;50.4726572315, 1.99966116605;PAS DE CALAIS
THORS;45.8252238601, -0.316151081372;CHARENTE MARITIME
RAMILLIES;50.2072582763, 3.24940380157;NORD
MUREILS;45.2154706138, 4.92828423422;DROME
TREMAUVILLE;49.6649596837, 0.521421339648;SEINE MARITIME
PONTARME;49.1652249379, 2.55752249629;OISE
HOEDIC;47.3396501062, -2.87582897878;MORBIHAN
BERNIERES SUR SEINE;49.2356150972, 1.3466570759;EURE
MONTUREUX LES BAULAY;47.8202221375, 5.9796933701;HAUTE SAONE
LAGNES;43.8924876869, 5.11458669428;VAUCLUSE
BOURNEVILLE STE CROIX;49.39187586, 0.620240697299;EURE
ESTIVAUX;45.318970397, 1.49504198912;CORREZE
LA LONGUEVILLE;50.2961357977, 3.87102048316;NORD
DERBAMONT;48.26687317, 6.27162606216;VOSGES
STE RADEGONDE;45.8492187707, -0.872725907585;CHARENTE MARITIME
BLONDEFONTAINE;47.8855876532, 5.87130104074;HAUTE SAONE
CORLIER;46.0336885573, 5.49635755029;AIN
CREZANCY;49.0428713757, 3.51138201699;AISNE
BASSOUES;43.5746981282, 0.250833714545;GERS
CHATEAU GUIBERT;46.5741109302, -1.25524886228;VENDEE
PETIT AUVERNE;47.6113610952, -1.27773597546;LOIRE ATLANTIQUE
BAGERT;43.07935173, 1.07008338409;ARIEGE
POMAS;43.1071292824, 2.28053295596;AUDE
BARCUS;43.1772515324, -0.794679831418;PYRENEES ATLANTIQUES
HERBINGHEN;50.7636525295, 1.89780581848;PAS DE CALAIS
PONT L ABBE D ARNOULT;45.8257228994, -0.865695822843;CHARENTE MARITIME
ROTANGY;49.5850016727, 2.08836287061;OISE
OUZOUER LE DOYEN;47.9431198106, 1.34205640205;LOIR ET CHER
MORTERY;48.5914990543, 3.24833157158;SEINE ET MARNE
LA GENEVRAIE;48.6836221489, 0.319127105217;ORNE
CASTELCULIER;44.1880929707, 0.710790193831;LOT ET GARONNE
BREUIL;49.3020182621, 3.76628666849;MARNE
POINTVILLERS;47.0662924884, 5.91153073564;DOUBS
PESSINES;45.7245689026, -0.710843452649;CHARENTE MARITIME
LONGUYON;49.4583667355, 5.59176459376;MEURTHE ET MOSELLE
ST CASSIEN;44.6794684315, 0.845364100419;DORDOGNE
LA NOUAYE;48.1662174034, -1.97457609624;ILE ET VILAINE
FESSENHEIM;47.9099263761, 7.53198557441;HAUT RHIN
OBERGAILBACH;49.1140388578, 7.22339792872;MOSELLE
ORMES ET VILLE;48.4878294205, 6.20501552992;MEURTHE ET MOSELLE
BOUVILLE;48.4326483441, 2.2783856422;ESSONNE
BATTENANS VARIN;47.2421347156, 6.71515082386;DOUBS
CRUPIES;44.5539294848, 5.18083316886;DROME
PRETY;46.5394977837, 4.95553905201;SAONE ET LOIRE
LA FERMETE;46.9561343358, 3.32854721893;NIEVRE
THULAY;47.4291611668, 6.86009658737;DOUBS
CONDES;46.3305432517, 5.61760194459;JURA
PERGAIN TAILLAC;44.0552185676, 0.595570550255;GERS
URVILLERS;49.7897507931, 3.31629966887;AISNE
ST JEAN D AIGUES VIVES;42.9189081448, 1.87680686803;ARIEGE
LASTOURS;43.326249809, 2.37863845502;AUDE
LAVOUTE CHILHAC;45.1559334997, 3.41127089302;HAUTE LOIRE
DAVIGNAC;45.4911899589, 2.07587737304;CORREZE
DURANUS;43.8940350601, 7.28022686159;ALPES MARITIMES
ST JEAN DE GONVILLE;46.2178585727, 5.94203093769;AIN
CHAMALIERES;45.7747966551, 3.0612681838;PUY DE DOME
VALLANT ST GEORGES;48.4606930046, 3.88605241357;AUBE
CLEDES;43.6069139471, -0.374502586339;LANDES
DOLLOT;48.2099848495, 3.06409212851;YONNE
RUPT SUR SAONE;47.6507919517, 5.92865307597;HAUTE SAONE
GREASQUE;43.4262029745, 5.54685109195;BOUCHES DU RHONE
HYEMONDANS;47.3809106703, 6.63896940193;DOUBS
NORON L ABBAYE;48.8960398002, -0.247654065673;CALVADOS
AUCALEUC;48.4513138492, -2.12726351859;COTES D ARMOR
MORIENNE;49.7817068976, 1.72151986696;SEINE MARITIME
GAMARDE LES BAINS;43.7278148495, -0.872597495596;LANDES
ST ALBAN EN MONTAGNE;44.7104160839, 3.91795005767;ARDECHE
VITTARVILLE;49.3884920923, 5.40985151504;MEUSE
BISTEN EN LORRAINE;49.1643646232, 6.59958337457;MOSELLE
ECRILLE;46.5022298608, 5.63385105141;JURA
VIFFORT;48.9576165601, 3.46972594402;AISNE
ORLY SUR MORIN;48.9011406989, 3.22658496593;SEINE ET MARNE
COURGENAY;48.2899389178, 3.54620843356;YONNE
FRESNES SUR MARNE;48.9418117332, 2.73978982468;SEINE ET MARNE
ST AMANS DU PECH;44.3114103481, 0.893358658989;TARN ET GARONNE
TONNEINS;44.3836784997, 0.324905750145;LOT ET GARONNE
GLANDON;45.4720566316, 1.22851251134;HAUTE VIENNE
CANET DE SALARS;44.2325871392, 2.7377561154;AVEYRON
LA TOUR SUR ORB;43.6555250797, 3.15144431615;HERAULT
VERNOU EN SOLOGNE;47.4985467561, 1.69294036106;LOIR ET CHER
BRIANNY;47.4121182222, 4.37434558764;COTE D OR
CULETRE;47.1468951211, 4.56864595469;COTE D OR
LES MONTS VERTS;44.8489134822, 3.22180661807;LOZERE
LE BOURDET;46.238410731, -0.635204990837;DEUX SEVRES
BEAUCHE;48.6775239767, 0.979954691565;EURE ET LOIR
SARCEY;48.057274539, 5.29800666302;HAUTE MARNE
LONGNES;48.9228573814, 1.57947128882;YVELINES
BEGAAR;43.829501653, -0.85600618412;LANDES
MASSELS;44.3174299116, 0.856329698479;LOT ET GARONNE
ST GERAND LE PUY;46.2637640044, 3.51175451596;ALLIER
GARRIS;43.3394050155, -1.05898897013;PYRENEES ATLANTIQUES
KERVIGNAC;47.7686555667, -3.2479141613;MORBIHAN
POUILLY;49.0549329608, 6.19454629621;MOSELLE
AMIONS;45.8770079561, 4.04077213225;LOIRE
ST JUST;49.1061858744, 1.4332609397;EURE
CAUSSADE;44.1565421874, 1.54351161487;TARN ET GARONNE
NOISEAU;48.774315467, 2.55542375351;VAL DE MARNE
LE FAULQ;49.2387229175, 0.317924575048;CALVADOS
MAGNY LES VILLERS;47.0941869069, 4.87453394791;COTE D OR
THAUMIERS;46.8218263799, 2.67004544881;CHER
VILLERS SUR COUDUN;49.4863336578, 2.8047419383;OISE
LA FLACHERE;45.3994779329, 5.96151992776;ISERE
FRANVILLERS;49.9701448943, 2.4998796685;SOMME
ORLIAC;44.7131022876, 1.06171600092;DORDOGNE
LIANCOURT;49.3300766734, 2.46523634953;OISE
CLUGNAT;46.2993581624, 2.11966414545;CREUSE
MONTANS;43.850225684, 1.86631554262;TARN
MIRANNES;43.6243319554, 0.38349486791;GERS
BLANZAC PORCHERESSE;45.4714654807, 0.0236302142689;CHARENTE
VILLE SUR TERRE;48.3359047589, 4.7348362857;AUBE
VERMANDOVILLERS;49.8450788348, 2.78314998144;SOMME
ST ROME;43.4150165631, 1.67437209269;HAUTE GARONNE
CATLLAR;42.6404379908, 2.42258231457;PYRENEES ORIENTALES
STE CROIX VOLVESTRE;43.1197309589, 1.17100553891;ARIEGE
BOULOGNE SUR GESSE;43.2904403081, 0.650641474176;HAUTE GARONNE
MOLRING;48.8903821461, 6.8236381289;MOSELLE
OUDRY;46.5829807312, 4.1661581036;SAONE ET LOIRE
BEUZEVILLETTE;49.5754066385, 0.54775977113;SEINE MARITIME
LAIMONT;48.8425240872, 5.04206568758;MEUSE
PLERIN;48.5441732134, -2.77004635921;COTES D ARMOR
FLEY;46.6759560566, 4.63908082855;SAONE ET LOIRE
HOCHSTETT;48.7757655741, 7.67684396609;BAS RHIN
ST MAIGRIN;45.4152024373, -0.278686157018;CHARENTE MARITIME
BARZY EN THIERACHE;50.0395375873, 3.74901595409;AISNE
BANEUIL;44.8529470727, 0.69340604246;DORDOGNE
LUX;46.7490720688, 4.86040694261;SAONE ET LOIRE
LE VAUDIOUX;46.6887181066, 5.92823875732;JURA
MOGNEVILLE;48.7751610805, 4.99231252941;MEUSE
SARREWERDEN;48.9076740897, 7.07306614237;BAS RHIN
COURMENIL;48.7714604847, 0.228786798845;ORNE
MUSSIDAN;45.0296732356, 0.364777087199;DORDOGNE
AUZOUVILLE AUBERBOSC;49.6305934596, 0.573467844069;SEINE MARITIME
ARNEKE;50.8416889858, 2.41843292762;NORD
ST ETIENNE DE GOURGAS;43.7836963728, 3.38499935958;HERAULT
LADAUX;44.7032423261, -0.246749239195;GIRONDE
VILLEMOIRIEU;45.7139810956, 5.23197765072;ISERE
ARFONS;43.4246280081, 2.18966306697;TARN
ECRAMMEVILLE;49.3216546397, -0.942347542858;CALVADOS
AMBRES;43.7287344791, 1.83182396743;TARN
VANAULT LES DAMES;48.8424185091, 4.7832872554;MARNE
PRUDHOMAT;44.896756286, 1.81736131587;LOT
PEYREHORADE;43.5583873014, -1.10698952951;LANDES
FONTAINE L ABBE;49.0883291785, 0.687966226442;EURE
LANUEJOULS;44.4236494726, 2.16109197679;AVEYRON
ST MACLOU;49.36198979, 0.413624402884;EURE
BEAUVILLE;44.2747735697, 0.896478238641;LOT ET GARONNE
BRAISNES SUR ARONDE;49.4761042434, 2.77402760825;OISE
SAUGNAC ET CAMBRAN;43.6729991208, -0.98928168376;LANDES
CLAIRVAUX D AVEYRON;44.4068685217, 2.40873081566;AVEYRON
LE CHENE;48.5628565037, 4.17589544005;AUBE
BONO;47.6369017681, -2.93950115097;MORBIHAN
BINOS;42.9047176947, 0.608457875606;HAUTE GARONNE
HUMES JORQUENAY;47.9037279897, 5.30437368964;HAUTE MARNE
MACHECOURT;49.6516966172, 3.83765995783;AISNE
OGER;48.9553832689, 4.02687417168;MARNE
CHEZENEUVE;45.5611018876, 5.21723441393;ISERE
ESPEDAILLAC;44.6313262107, 1.77517916048;LOT
BELARGA;43.5541458971, 3.50006172125;HERAULT
FRONTENAUD;46.5482784948, 5.29083572414;SAONE ET LOIRE
LOGELHEIM;48.021228018, 7.41870993146;HAUT RHIN
ST LAURENT EN BRIONNAIS;46.2699837548, 4.25673453521;SAONE ET LOIRE
MEHERS;47.3272275407, 1.45220950578;LOIR ET CHER
FRAIN;48.0826848096, 5.88107000168;VOSGES
MATHENAY;46.9295460326, 5.67894165868;JURA
LARNAUD;46.7068129495, 5.45782797835;JURA
BELFAYS;47.2593740587, 6.90390396771;DOUBS
CABANES;43.7158848933, 1.94997109086;TARN
ERMENONVILLE;49.1256725288, 2.69642408679;OISE
ST PEY DE CASTETS;44.81667563, -0.0640784363201;GIRONDE
ST GERONS;44.9415058026, 2.20469091333;CANTAL
MORMES;43.7960870358, -0.151124261308;GERS
ROUSSELOY;49.2984297084, 2.39261860558;OISE
THIERNU;49.7649515663, 3.77987535834;AISNE
LIMALONGES;46.1367085273, 0.173652821566;DEUX SEVRES
ENTZHEIM;48.5358846915, 7.63324537487;BAS RHIN
GONDREXON;48.6046029179, 6.766784271;MEURTHE ET MOSELLE
OCHEY;48.5937124314, 5.94862791477;MEURTHE ET MOSELLE
VIOLAY;45.8519288736, 4.34938627101;LOIRE
GYE SUR SEINE;48.0123873198, 4.4395162779;AUBE
BAR SUR SEINE;48.1127221863, 4.37880982139;AUBE
HEILTZ L EVEQUE;48.7791762757, 4.73816215254;MARNE
ST PIERRE DES NIDS;48.3981189139, -0.108578317473;MAYENNE
CHASSENARD;46.441587471, 3.97329862567;ALLIER
SAFFAIS;48.5594143103, 6.31597389904;MEURTHE ET MOSELLE
MACORNAY;46.6419396973, 5.54481097353;JURA
TENDON;48.1081118464, 6.67533830066;VOSGES
ST MARTIN DE BRETHENCOURT;48.5148592192, 1.91568171795;YVELINES
LA VILLE DU BOIS;48.6610194975, 2.26503430984;ESSONNE
BOURDON;49.9902026288, 2.08654699872;SOMME
ESCANECRABE;43.2716594526, 0.757214642692;HAUTE GARONNE
ST BRESSON;47.8772733622, 6.50674206786;HAUTE SAONE
SOUDAY;48.0447092121, 0.846594759389;LOIR ET CHER
CHAMBOULIVE;45.4270783097, 1.70936524222;CORREZE
MENERVAL;49.5596263854, 1.64743128876;SEINE MARITIME
ST JEAN DE LIVERSAY;46.2797585875, -0.882374660253;CHARENTE MARITIME
BREUCHOTTE;47.8306439459, 6.46183176358;HAUTE SAONE
LE BOULLAY LES DEUX EGLISES;48.6321325907, 1.3266464472;EURE ET LOIR
EYRAGUES;43.84304663, 4.84289529399;BOUCHES DU RHONE
LA CELLETTE;46.0955904109, 2.72649262532;PUY DE DOME
BEAUVAIS;49.4365523321, 2.08616123661;OISE
WITTENHEIM;47.8102988155, 7.31251407267;HAUT RHIN
THEGRA;44.8242153584, 1.75171823166;LOT
LESCOUSSE;43.1491432364, 1.51328236533;ARIEGE
CHEVAGNES;46.6082038568, 3.56403297131;ALLIER
CRICQUEBOEUF;49.3965340563, 0.139094735146;CALVADOS
MARTIGNY COURPIERRE;49.4900405005, 3.6867077549;AISNE
LANUEJOLS;44.4904680879, 3.58785456631;LOZERE
GRESY SUR ISERE;45.6009706105, 6.24611530229;SAVOIE
NOIREMONT;49.5477774289, 2.21412764409;OISE
TARTARAS;45.5540344541, 4.66360649191;LOIRE
EYSSON;47.2027293841, 6.4306951805;DOUBS
DOLUS D OLERON;45.9096185439, -1.25750953748;CHARENTE MARITIME
LIFFRE;48.204097581, -1.51420907793;ILE ET VILAINE
ST FELIU D AVALL;42.6726973076, 2.74775654622;PYRENEES ORIENTALES
POMPIGNAC;44.8541963522, -0.431857978579;GIRONDE
LA PEROUILLE;46.7096405826, 1.51526051031;INDRE
ARBUS;43.3244225813, -0.506270542842;PYRENEES ATLANTIQUES
CHAMBRY;48.9985355569, 2.89422161914;SEINE ET MARNE
ESPECHE;43.0616013882, 0.301518033021;HAUTES PYRENEES
SONTHONNAX LA MONTAGNE;46.2229768712, 5.50566888767;AIN
STE LHEURINE;45.5224276512, -0.356868114482;CHARENTE MARITIME
TART LE BAS;47.206605373, 5.22359243318;COTE D OR
FERCE;47.8000443229, -1.38761214981;LOIRE ATLANTIQUE
MONTAUT;43.186244822, 1.65640135229;ARIEGE
QUINCY BASSE;49.5091437001, 3.38465364189;AISNE
PERET;43.5749250914, 3.39831770364;HERAULT
ST GERVAIS DES SABLONS;48.9014613359, 0.0731396137637;ORNE
NARCASTET;43.2417207618, -0.32056723288;PYRENEES ATLANTIQUES
CAMPEL;47.9399419517, -2.00815901738;ILE ET VILAINE
CONIE MOLITARD;48.1134838252, 1.44167207684;EURE ET LOIR
ABELCOURT;47.7934014233, 6.27774541889;HAUTE SAONE
VALLEROY LE SEC;48.184872138, 6.0007659937;VOSGES
BEZAUDUN LES ALPES;43.803621969, 7.09357147024;ALPES MARITIMES
LE MESNIL GUILLAUME;49.1048879579, 0.282566648467;CALVADOS
SAUVIGNY LES BOIS;46.977062374, 3.2660919409;NIEVRE
TRITH ST LEGER;50.33056703, 3.48645305133;NORD
MIGNERETTE;48.0611321152, 2.60460243093;LOIRET
NEUVY LE ROI;47.6044637053, 0.589828004611;INDRE ET LOIR
TERSSAC;43.92257156, 2.06910358338;TARN
GRANCEY SUR OURCE;47.9996727259, 4.57740862706;COTE D OR
GUILLIGOMARC H;47.9433635346, -3.42652509453;FINISTERE
CAGNOTTE;43.6046856723, -1.07724977616;LANDES
MAGNY LES HAMEAUX;48.7410207273, 2.0519793397;YVELINES
HAUTEFAYE;45.5360605721, 0.508242554831;DORDOGNE
BOISSET ST PRIEST;45.5129034516, 4.1187324401;LOIRE
LAMAIDS;46.3040091673, 2.43816762566;ALLIER
L HOPITAL LE GRAND;45.5919035351, 4.19660173459;LOIRE
AUVERSE;47.5005493445, 0.0389865694982;MAINE ET LOIRE
COUTHENANS;47.5901202306, 6.72594262625;HAUTE SAONE
CHATEL ST GERMAIN;49.1317567029, 6.0658550675;MOSELLE
JOUY SUR EURE;49.0495174919, 1.29182535231;EURE
SAUSSY;47.4624808325, 4.98146339505;COTE D OR
VISERNY;47.5627164354, 4.28367240429;COTE D OR
PANOSSAS;45.6757588794, 5.1929687888;ISERE
GEMIGNY;47.9627627539, 1.70271671519;LOIRET
VILLEFRANCHE DE ROUERGUE;44.3499160171, 2.03103287572;AVEYRON
VAUDREVILLE;49.5168980807, -1.35870638129;MANCHE
MONTVERT;44.9956514856, 2.16312803314;CANTAL
BRACON;46.9256272441, 5.86757188108;JURA
CAJARC;44.494117576, 1.83859373388;LOT
REVIGNY SUR ORNAIN;48.8268165357, 4.97675349582;MEUSE
AUBENCHEUL AU BAC;50.2518526914, 3.16168773742;NORD
REGNEVELLE;47.9878028534, 5.9684410687;VOSGES
OMMERAY;48.7181618127, 6.68721833616;MOSELLE
SARP;43.0173035605, 0.579910090616;HAUTES PYRENEES
HAGEDET;43.5185343099, -0.0280247100999;HAUTES PYRENEES
BOYEUX ST JEROME;46.0363677631, 5.46322744717;AIN
ROUVROY SUR SERRE;49.7153670931, 4.17597798145;AISNE
AUTHOU;49.2260820687, 0.696761680662;EURE
ESCRAGNOLLES;43.7294033373, 6.7833728891;ALPES MARITIMES
FLAUMONT WAUDRECHIES;50.1311318318, 3.96984931969;NORD
URBISE;46.2509914533, 3.88650116496;LOIRE
ELLIANT;48.0078908681, -3.90263136694;FINISTERE
LANNEBERT;48.6506329837, -3.00889441473;COTES D ARMOR
RICHE;48.8894955539, 6.632474492;MOSELLE
SAMOENS;46.0878467821, 6.74329361493;HAUTE SAVOIE
ST JEAN CHAMBRE;44.9083362092, 4.5616408271;ARDECHE
JARS;47.3912030155, 2.66658069402;CHER
THEZAN DES CORBIERES;43.0893654385, 2.78310314277;AUDE
AMANGE;47.1669744984, 5.5649107588;JURA
NOIRETABLE;45.805483325, 3.7440778928;LOIRE
BERNESQ;49.2737716158, -0.931449567611;CALVADOS
BRASSAC LES MINES;45.4199156591, 3.32061008295;PUY DE DOME
FEISSONS SUR SALINS;45.4725612545, 6.56127729089;SAVOIE
BETHISY ST MARTIN;49.2875795546, 2.812008154;OISE
LE THIL RIBERPRE;49.6378126411, 1.57999987138;SEINE MARITIME
CHATENEY;47.6974623495, 6.31908566249;HAUTE SAONE
LE BOUILLON;48.558226063, 0.0985668726868;ORNE
ST MARTIN DE LA PORTE;45.2637926068, 6.45954136522;SAVOIE
CERNANS;46.9343211214, 5.9394436656;JURA
ATTRAY;48.1198576861, 2.13126925085;LOIRET
NERIS LES BAINS;46.2994420207, 2.67574785449;ALLIER
SAILLY FLIBEAUCOURT;50.1796300653, 1.7706771654;SOMME
BOURISP;42.8316716481, 0.341936826343;HAUTES PYRENEES
ST MARTIN DE PALLIERES;43.5741845385, 5.88790860086;VAR
VINCELLES;46.606775751, 5.46350720419;JURA
TOURMIGNIES;50.5041629351, 3.08506088086;NORD
CHATENOIS;48.2803314907, 7.38582937668;BAS RHIN
VERT LE PETIT;48.552025472, 2.36598547883;ESSONNE
CHATEAU DES PRES;46.5073298567, 5.91261631292;JURA
LUSSAGNET LUSSON;43.4423563274, -0.199025557867;PYRENEES ATLANTIQUES
BOUILLONVILLE;48.9409400392, 5.84719536115;MEURTHE ET MOSELLE
REMOUILLE;47.0385516844, -1.38749002799;LOIRE ATLANTIQUE
PLAIMPIED GIVAUDINS;47.0077517141, 2.43617013189;CHER
FRANCHEVELLE;47.7429315817, 6.46131870322;HAUTE SAONE
ST REMEZE;44.3781737875, 4.49634983061;ARDECHE
FRESNES TILLOLOY;49.9824182223, 1.76035909217;SOMME
RENNEMOULIN;48.8332483875, 2.04229462765;YVELINES
ST BRES;44.2826357657, 4.19801867404;GARD
ST THEOFFREY;44.9910607379, 5.77559158266;ISERE
VILLENEUVE ST VISTRE ET VILLEVOTTE;48.6375394757, 3.76140601624;MARNE
PATAY;48.050944058, 1.69412591416;LOIRET
SAUCHAY;49.9194809701, 1.20513608482;SEINE MARITIME
MIRABEL ET BLACONS;44.7140812623, 5.12302837932;DROME
BOISSET LES PREVANCHES;48.9662323678, 1.33275154134;EURE
CHAILLY EN GATINAIS;47.936543644, 2.5277446897;LOIRET
SOLLIES PONT;43.1907611248, 6.06327697157;VAR
ST VRAIN;48.5373210479, 2.32289078443;ESSONNE
HEMEVILLERS;49.471836742, 2.67275797723;OISE
AVESNES SUR HELPE;50.1242937124, 3.92754898552;NORD
BLANCHEFOSSE ET BAY;49.7665831974, 4.25235197584;ARDENNES
SAMOREAU;48.4200104372, 2.76978734105;SEINE ET MARNE
STE PAULE;45.9721337297, 4.56220399315;RHONE
HOLACOURT;48.977421047, 6.50810665423;MOSELLE
STE HONORINE LA CHARDONNE;48.8247345941, -0.476136278421;ORNE
MERLAS;45.4393958201, 5.65883758315;ISERE
VILLEFORT;42.9512982212, 2.04814958894;AUDE
YSSANDON;45.2044238204, 1.38366828391;CORREZE
VILLANIERE;43.3489710835, 2.3498111989;AUDE
THIOUVILLE;49.6878940847, 0.627618388941;SEINE MARITIME
ST FRONT;45.8962473577, 0.281694716965;CHARENTE
ROUSSET;43.4841496165, 5.62380799416;BOUCHES DU RHONE
BERTHEAUVILLE;49.7550523424, 0.591607213489;SEINE MARITIME
OBIES;50.2692950414, 3.7760866867;NORD
CHAZE HENRY;47.7595620628, -1.11116254411;MAINE ET LOIRE
CHEVERNY;47.4773814435, 1.45430435221;LOIR ET CHER
VILLARZEL DU RAZES;43.1426266338, 2.20324687273;AUDE
COURMELLES;49.3434328339, 3.30199112892;AISNE
PUYVALADOR;42.6554096645, 2.10499616332;PYRENEES ORIENTALES
VILLEDOMAIN;47.0438938302, 1.25395399014;INDRE ET LOIR
SACE;48.1800800197, -0.699374640093;MAYENNE
CHASSY;47.0436728432, 2.83281439128;CHER
CLAVILLE MOTTEVILLE;49.5889638723, 1.18573450148;SEINE MARITIME
AUBVILLERS;49.7085691386, 2.47932123;SOMME
LESPIGNAN;43.2737109255, 3.16982256617;HERAULT
MARSAC;43.3299316069, 0.0847711611787;HAUTES PYRENEES
GUNGWILLER;48.8780997481, 7.15256188284;BAS RHIN
OSMOY ST VALERY;49.7970849665, 1.30356200138;SEINE MARITIME
ECROMAGNY;47.7931932241, 6.56449460002;HAUTE SAONE
ST OUEN EN CHAMPAGNE;47.9578477128, -0.178608875377;SARTHE
BELLEFONTAINE;49.0925450079, 2.46955814701;VAL D OISE
ARRAUTE CHARRITTE;43.419824465, -1.11344095243;PYRENEES ATLANTIQUES
PEUTON;47.8891706831, -0.813068776889;MAYENNE
AVRAINVILLE;48.3781993079, 6.22115791444;VOSGES
ESPAUBOURG;49.4241291278, 1.8655489571;OISE
BREUVANNES EN BASSIGNY;48.0850729223, 5.61021002539;HAUTE MARNE
EVIAN LES BAINS;46.3924102379, 6.58612507528;HAUTE SAVOIE
COURTONNE LES DEUX EGLISES;49.0888311326, 0.37808461753;CALVADOS
PUYRENIER;45.4810598857, 0.471311481124;DORDOGNE
PARFONDEVAL;49.7443573688, 4.16145285338;AISNE
LA RIVIERE;45.2240239365, 5.51354806573;ISERE
BEHERICOURT;49.5980389585, 3.06410555853;OISE
LES GRANGETTES;46.8316716607, 6.31512657026;DOUBS
ROUMENS;43.4646275014, 1.93578142821;HAUTE GARONNE
CORDON;45.909121538, 6.56940992155;HAUTE SAVOIE
LA PUISAYE;48.6126007617, 0.96980653651;EURE ET LOIR
LE VERNET;45.0385735501, 3.66238494498;HAUTE LOIRE
BONNEUIL EN VALOIS;49.2800248996, 2.98130103699;OISE
LIZAC;44.1127415173, 1.18684429621;TARN ET GARONNE
FUBLAINES;48.939144787, 2.94066585893;SEINE ET MARNE
MORTHOMIERS;47.0436630553, 2.27235598629;CHER
ARC SUR TILLE;47.3382300377, 5.20032142407;COTE D OR
ST AUBIN DES BOIS;48.4631418835, 1.34544472164;EURE ET LOIR
COURANT;46.0375312829, -0.587834905531;CHARENTE MARITIME
GRUES;46.3813091348, -1.32364519268;VENDEE
VENTES ST REMY;49.7116173858, 1.300245377;SEINE MARITIME
BELLEVILLE;48.8144707448, 6.08968796916;MEURTHE ET MOSELLE
LA CELLE SOUS GOUZON;46.2188855114, 2.20927433054;CREUSE
POUILLE LES COTEAUX;47.4677099319, -1.17461677561;LOIRE ATLANTIQUE
ST USAGE;48.0990942326, 4.63420644531;AUBE
ACCOLANS;47.4906236179, 6.53413561581;DOUBS
HARY;49.797388651, 3.91927403736;AISNE
GOAS;43.8150768113, 0.960854244996;TARN ET GARONNE
ST PIERRE DE FURSAC;46.1678836205, 1.49194021267;CREUSE
MARSANEIX;45.0905756509, 0.779022746879;DORDOGNE
DOUAUMONT;49.223145551, 5.43177151543;MEUSE
JONQUERETTES;43.9491839695, 4.94413967569;VAUCLUSE
MARAT;45.6728912976, 3.68812548894;PUY DE DOME
BAZUS NESTE;43.0313000488, 0.387437561885;HAUTES PYRENEES
LES BIZOTS;46.7515452356, 4.38270809741;SAONE ET LOIRE
GUILLON LES BAINS;47.3160190122, 6.39442107084;DOUBS
MERRIS;50.7178435961, 2.6572770613;NORD
LANDES VIEILLES ET NEUVES;49.786578533, 1.6323805287;SEINE MARITIME
MAIZIERES;48.4923765397, 5.066636417;HAUTE MARNE
ST GENEROUX;46.8857147211, -0.146137280401;DEUX SEVRES
GENEVRIERES;47.7226560944, 5.60301498362;HAUTE MARNE
ALLEREY SUR SAONE;46.9138309803, 4.97484420794;SAONE ET LOIRE
ST GEORGES;45.0195024779, 3.13844362927;CANTAL
MONCLAR;43.9137796457, -0.100727155987;GERS
LA ROMAGNE;49.6844748534, 4.30631629815;ARDENNES
LA CHAUSSADE;45.9876295804, 2.24885532126;CREUSE
AMPUIS;45.503261775, 4.8031868522;RHONE
BRUGUIERES;43.7271508931, 1.40915818124;HAUTE GARONNE
ST GERMAIN CHASSENAY;46.7812644833, 3.39785224897;NIEVRE
SAVIGNY;45.8200944219, 4.56587314617;RHONE
MUIDES SUR LOIRE;47.6651395103, 1.53313366555;LOIR ET CHER
BELLEFOSSE;48.39467045, 7.23463416375;BAS RHIN
CYS LA COMMUNE;49.3837163848, 3.57235420125;AISNE
BOURG FIDELE;49.8889233145, 4.55443692603;ARDENNES
ROQUEDUR;43.9784209094, 3.66272021466;GARD
BOUSSAC;44.2956919564, 2.37751335609;AVEYRON
LES GRANGES LE ROI;48.4981066436, 2.01059778399;ESSONNE
RIMONT;42.9878381325, 1.28379661881;ARIEGE
VILLERS LA FAYE;47.1087180571, 4.88391750001;COTE D OR
ARBOURSE;47.2487922642, 3.2239933188;NIEVRE
CONLIEGE;46.6513724979, 5.61109105926;JURA
BULLIGNY;48.5723193391, 5.84368578538;MEURTHE ET MOSELLE
CRAPEAUMESNIL;49.6404571177, 2.80722897477;OISE
PISSOS;44.2958433032, -0.780642494163;LANDES
SALIES DE BEARN;43.4683239252, -0.917789447505;PYRENEES ATLANTIQUES
ST HILAIRE DE LOULAY;47.008536823, -1.32766740632;VENDEE
AIX LES BAINS;45.6978541675, 5.90388626955;SAVOIE
PETIT PALAIS ET CORNEMPS;44.9814131472, -0.0564567492299;GIRONDE
COCUMONT;44.453586027, 0.0335952053533;LOT ET GARONNE
PONT DU NAVOY;46.7317231278, 5.78965012447;JURA
SALLES DE BARBEZIEUX;45.4517011196, -0.121693762991;CHARENTE
KIENHEIM;48.6881585203, 7.58568269941;BAS RHIN
LE MAS DE TENCE;45.1189181156, 4.36893159168;HAUTE LOIRE
MAUVES;45.0288028345, 4.81953244192;ARDECHE
VERN SUR SEICHE;48.0525245014, -1.60521106164;ILE ET VILAINE
SOUMERAS;45.2941676327, -0.437417270599;CHARENTE MARITIME
BRAY SUR SOMME;49.9549092786, 2.72156545459;SOMME
BEAUCAMPS LE VIEUX;49.8435746385, 1.77757240569;SOMME
ST MARCELLIN;45.1534136901, 5.31720171085;ISERE
COURTELEVANT;47.5252208202, 7.08505338248;TERRITOIRE DE BELFORT
TROIS PALIS;45.6399613297, 0.0464434707725;CHARENTE
COULOMMES ET MARQUENY;49.4295524989, 4.57430150955;ARDENNES
ST GENIS DE SAINTONGE;45.4802811029, -0.569721710177;CHARENTE MARITIME
LABASTIDE CEZERACQ;43.3764513777, -0.540462234039;PYRENEES ATLANTIQUES
DAMPIERRE LES BOIS;47.5074760402, 6.91564600074;DOUBS
VARMONZEY;48.3232458898, 6.28031877761;VOSGES
GOVILLER;48.5051745323, 6.01397377452;MEURTHE ET MOSELLE
LE TECH;42.4414680314, 2.51364104722;PYRENEES ORIENTALES
MONTFLOVIN;46.9945339119, 6.4355909855;DOUBS
KIFFIS;47.4413533077, 7.35699873313;HAUT RHIN
DRUYES LES BELLES FONTAINES;47.5588734709, 3.41791514779;YONNE
ERP;42.9350909858, 1.20010016005;ARIEGE
LA CHAPELLE ST FRAY;48.1087340469, 0.0912246143378;SARTHE
VADENCOURT;49.9229771613, 3.57386118846;AISNE
EUILLY ET LOMBUT;49.6288481448, 5.11368214907;ARDENNES
CONDAL;46.4647126508, 5.28216575914;SAONE ET LOIRE
CHAVAGNE;48.0561574005, -1.78649242036;ILE ET VILAINE
LEHON;48.4386870664, -2.05362352252;COTES D ARMOR
LODDES;46.2946168116, 3.76081551954;ALLIER
BIEVRES;49.4921822965, 3.7137356904;AISNE
LUNEAU;46.3662876048, 3.95278636616;ALLIER
NOZAY;48.5002763071, 4.08266438587;AUBE
LE SEGUR;44.1078756116, 2.06217652452;TARN
ST OUEN SUR GARTEMPE;46.1733248247, 1.0789231125;HAUTE VIENNE
VERNIERFONTAINE;47.1102498067, 6.29541475035;DOUBS
BUSSIERES;46.333719714, 4.71047131646;SAONE ET LOIRE
ST CYR;49.4869134023, -1.415719419;MANCHE
OTHE;49.4911452642, 5.44705837235;MEURTHE ET MOSELLE
STRASBOURG;48.5712679849, 7.76752679517;BAS RHIN
LUGAGNAC;44.412063989, 1.72089592713;LOT
LA BIGOTTIERE;48.2226908203, -0.795648692425;MAYENNE
BULLES;49.4569537729, 2.33518875415;OISE
SAMOGNAT;46.2648715781, 5.58607689306;AIN
LE JARDIN;45.3210874234, 2.05026860148;CORREZE
GRILLY;46.3318810665, 6.11366767978;AIN
MONLONG;43.1979666498, 0.468864803299;HAUTES PYRENEES
MERVANS;46.7945134241, 5.18412548455;SAONE ET LOIRE
LOUZOUER;48.0344043134, 2.86967177555;LOIRET
SONNAC;44.5381449172, 2.11452059209;AVEYRON
CIEZ;47.440576466, 3.16319899612;NIEVRE
LE PLESSIS AUX BOIS;49.0037760261, 2.76764045922;SEINE ET MARNE
SOUYEAUX;43.2412109122, 0.1663976851;HAUTES PYRENEES
AMBERIEUX EN DOMBES;45.9961799872, 4.91227250796;AIN
FONTAINE LES VERVINS;49.8537390603, 3.90543025367;AISNE
CAMBON;43.9118287405, 2.2237324057;TARN
VEYRIERES;45.4890424221, 2.39561651317;CORREZE
ACY;49.3471963534, 3.41817609834;AISNE
SOING CUBRY CHARENTENAY;47.5851238509, 5.88891675749;HAUTE SAONE
NEUVILLE LES DAMES;46.1567753049, 5.00942432434;AIN
STE COLOMBE;44.8789588977, -0.0634971172004;GIRONDE
CHENAY;49.3017965632, 3.92526660394;MARNE
DAMPJOUX;47.3387302294, 6.74818152982;DOUBS
MOYE;45.8711582586, 5.89506512149;HAUTE SAVOIE
PLUMAUGAT;48.2450296898, -2.23091188525;COTES D ARMOR
AUNAY SUR ODON;49.0144785445, -0.633929762668;CALVADOS
CROISY SUR ANDELLE;49.4594753468, 1.40681724244;SEINE MARITIME
DOMPIERRE SUR BESBRE;46.5305895294, 3.67644076991;ALLIER
BEAULIEU SUR OUDON;47.9922207523, -0.988210034643;MAYENNE
ST MARTIN DES TILLEULS;46.9711539531, -1.06282621567;VENDEE
LIMERZEL;47.6357871831, -2.36132601788;MORBIHAN
CIERGES SOUS MONTFAUCON;49.2994621445, 5.0933177343;MEUSE
ST PONS DE THOMIERES;43.4788345407, 2.74852691953;HERAULT
PUIMISSON;43.4378848969, 3.20792607822;HERAULT
RAVILLOLES;46.4339212341, 5.80032186037;JURA
LAUDUN L ARDOISE;44.1029568271, 4.66389513091;GARD
VIRLET;46.1545658295, 2.70225561671;PUY DE DOME
COMBRIT;47.8868597702, -4.16414997559;FINISTERE
L ECOUVOTTE;47.3436819821, 6.25275354958;DOUBS
PUYREAUX;45.86360531, 0.210617195274;CHARENTE
LABEUVRIERE;50.5215621853, 2.57161381831;PAS DE CALAIS
CHERONNAC;45.7566840064, 0.753584510197;HAUTE VIENNE
GUEMPS;50.9177532951, 1.99730294047;PAS DE CALAIS
BLOMARD;46.2883371774, 2.9626756681;ALLIER
PULLAY;48.727695545, 0.864069956274;EURE
POLISY;48.0575849334, 4.36193308689;AUBE
PIBRAC;43.6274385363, 1.26139475262;HAUTE GARONNE
HEM;50.6548049456, 3.19305632608;NORD
ST AUBIN MONTENOY;49.8419962428, 2.00219471552;SOMME
BETTANCOURT LA LONGUE;48.8322058575, 4.88394828986;MARNE
MARSEILLE 02;43.3126964178, 5.36364983265;BOUCHES DU RHONE
AGEL;43.3482634234, 2.85354795637;HERAULT
MONDONVILLE;43.6630816074, 1.28127988411;HAUTE GARONNE
ST PALAIS;43.3153764046, -1.0377471932;PYRENEES ATLANTIQUES
HUCHENNEVILLE;50.0482513691, 1.80273072107;SOMME
LUCHAT;45.7151143734, -0.763297956769;CHARENTE MARITIME
ESNON;48.0079365464, 3.5680062853;YONNE
CHARBONNIERES LES BAINS;45.7797061972, 4.74328937073;RHONE
ST JEAN DE TREZY;46.84298682, 4.58633968997;SAONE ET LOIRE
CAHUZAC SUR ADOUR;43.6366732371, -0.0272638825571;GERS
GUILLAUMES;44.088068317, 6.87493501534;ALPES MARITIMES
BLAISY BAS;47.3693914963, 4.73506402999;COTE D OR
MONTROND LE CHATEAU;47.1455882714, 6.04310785947;DOUBS
RONCHEROLLES EN BRAY;49.6149739631, 1.48812249463;SEINE MARITIME
LE CAILAR;43.6585975961, 4.24246060862;GARD
ST PLANCARD;43.1679631081, 0.570009022734;HAUTE GARONNE
HEBECOURT;49.8182332629, 2.25969752541;SOMME
BUISSY;50.2010903848, 3.02979862167;PAS DE CALAIS
LODES;43.1663358604, 0.657578380319;HAUTE GARONNE
LA BASTIDE CLAIRENCE;43.417654264, -1.23211183617;PYRENEES ATLANTIQUES
ST HILAIRE;43.4206504787, 1.26875220211;HAUTE GARONNE
VRAINCOURT;48.2325399035, 5.12038971796;HAUTE MARNE
PEYRUSSE VIEILLE;43.6275468011, 0.1757963589;GERS
BETBEZER D ARMAGNAC;43.9759245125, -0.165215093559;LANDES
IZAUT DE L HOTEL;43.0131099513, 0.749757075075;HAUTE GARONNE
HERICOURT EN CAUX;49.6945647132, 0.703298734705;SEINE MARITIME
BATILLY EN GATINAIS;48.0832267087, 2.36953010916;LOIRET
FLACHERES;45.4696097996, 5.31533464507;ISERE
LEBETAIN;47.4864077201, 6.97353458294;TERRITOIRE DE BELFORT
VANAULT LE CHATEL;48.8657919705, 4.70484289994;MARNE
BELLUIRE;45.5301565729, -0.55598529375;CHARENTE MARITIME
SCHWENHEIM;48.7149255569, 7.41004083904;BAS RHIN
VERTOU;47.1603732625, -1.47052291749;LOIRE ATLANTIQUE
CHAMPIEN;49.6958546221, 2.8583583655;SOMME
JOUANCY;47.6732459964, 4.036930891;YONNE
FOURS;45.1747751409, -0.633340019213;GIRONDE
CHAINAZ LES FRASSES;45.7784395221, 5.98960566934;HAUTE SAVOIE
LIRONVILLE;48.867147586, 5.91217253236;MEURTHE ET MOSELLE
BELLOY EN FRANCE;49.0922395849, 2.371761287;VAL D OISE
ST PIERRE LA ROCHE;44.6539287603, 4.6218849184;ARDECHE
ROPPE;47.6791103202, 6.91008918124;TERRITOIRE DE BELFORT
AUDINGHEN;50.8517582874, 1.60848720292;PAS DE CALAIS
PONT A VENDIN;50.4760049841, 2.88811858203;PAS DE CALAIS
ST AVIT;48.0921152856, 0.912928613276;LOIR ET CHER
RUAN SUR EGVONNE;48.0144840391, 1.13649766481;LOIR ET CHER
CAUNA;43.782855551, -0.641043068936;LANDES
BAIGTS DE BEARN;43.5246551723, -0.845538853902;PYRENEES ATLANTIQUES
BRIGNOGAN PLAGE;48.6673259175, -4.33395670694;FINISTERE
LES CLERIMOIS;48.2289249998, 3.45767593908;YONNE
LA RENAUDIE;45.7414767056, 3.70950857493;PUY DE DOME
CHALMAISON;48.4901641224, 3.25643675614;SEINE ET MARNE
MELZ SUR SEINE;48.5040892203, 3.39694181186;SEINE ET MARNE
POUAN LES VALLEES;48.5339280475, 4.06177485223;AUBE
BURBURE;50.5320822618, 2.46231135416;PAS DE CALAIS
BLESMES;49.0264919363, 3.46405474705;AISNE
LANDREVARZEC;48.0895670142, -4.0756482989;FINISTERE
LA ROCHEBEAUCOURT ET ARGENTINE;45.4660887787, 0.382652455353;DORDOGNE
LE THIEULIN;48.4073892468, 1.13977357716;EURE ET LOIR
TEILLE;47.4641557957, -1.28707085178;LOIRE ATLANTIQUE
LARCHE;45.1137863095, 1.41998991347;CORREZE
MARLES SUR CANCHE;50.4638642323, 1.8200426932;PAS DE CALAIS
TOUCHAY;46.7151900372, 2.21019388747;CHER
STE GEMMES D ANDIGNE;47.6660928171, -0.895241558075;MAINE ET LOIRE
LES MOUTIERS EN AUGE;48.8983599621, 0.00771639719015;CALVADOS
CHAMPFORGEUIL;46.8156309692, 4.82545441016;SAONE ET LOIRE
SEVIGNY;48.7731316921, -0.0198186687078;ORNE
STE CROIX;46.5587984571, 5.23823090911;SAONE ET LOIRE
PESEUX;47.3190983851, 6.6862333778;DOUBS
LESTIAC SUR GARONNE;44.6919250823, -0.37953441784;GIRONDE
STE VALIERE;43.2746311471, 2.84527328137;AUDE
CHAVIN;46.5625110461, 1.61164678911;INDRE
FAY;49.8873496451, 2.80237864431;SOMME
OSTWALD;48.5471323955, 7.70760430953;BAS RHIN
ST REMY SUR AVRE;48.7491986422, 1.23713784044;EURE ET LOIR
LA MOTTE ST MARTIN;44.9463782517, 5.71905629;ISERE
MARLIENS;47.2164536426, 5.17800484677;COTE D OR
FRESNES;49.5548078585, 3.37018022508;AISNE
LA FEUILLIE;49.4651776839, 1.52122263632;SEINE MARITIME
PASSAVANT;47.2781329553, 6.39496038555;DOUBS
MONTAILLE;47.954960355, 0.685903280988;SARTHE
MARENNES;45.6230631164, 4.90753751863;RHONE
GRESIGNY STE REINE;47.5517042908, 4.49530823362;COTE D OR
RIENCOURT LES BAPAUME;50.0885322704, 2.8804356925;PAS DE CALAIS
BOISSE;44.7162436565, 0.656505019107;DORDOGNE
AUTRECHES;49.449194192, 3.12722554549;OISE
ST DENIS DE JOUHET;46.5265897441, 1.84504913909;INDRE
BRANTIGNY;48.3463519489, 6.27689245872;VOSGES
MONTAGNAC D AUBEROCHE;45.1876962177, 0.953868591338;DORDOGNE
CAUZAC;44.2746170844, 0.821512520951;LOT ET GARONNE
GUIZENGEARD;45.3106179642, -0.123211363753;CHARENTE
LE PLESSIS L EVEQUE;49.0072248611, 2.79558517777;SEINE ET MARNE
LACHAPELLE GRAILLOUSE;44.8117618119, 4.01886475359;ARDECHE
GARGILESSE DAMPIERRE;46.5053300669, 1.62060670843;INDRE
VITRAY;46.6167757197, 2.67692261152;ALLIER
ROUFFIAC;45.0286072517, 2.14375536336;CANTAL
SENAILLY;47.5827263059, 4.26729697814;COTE D OR
VILLARS ET VILLENOTTE;47.5089545362, 4.37864819259;COTE D OR
EPENEDE;46.069351116, 0.537822207003;CHARENTE
FONTAINE BONNELEAU;49.6636581121, 2.14897434682;OISE
HAGECOURT;48.2291705541, 6.15725916323;VOSGES
SANRY SUR NIED;49.0537244163, 6.34213009495;MOSELLE
ST FULGENT;46.8705618525, -1.16246465678;VENDEE
THORIGNY;46.6179795025, -1.24888057642;VENDEE
ST PANTALEON DE LARCHE;45.1467893413, 1.43249583574;CORREZE
MESNARD LA BAROTIERE;46.851716793, -1.10954466033;VENDEE
BERNOUVILLE;49.289676339, 1.6744453419;EURE
VESCHEIM;48.7943463225, 7.22591032153;MOSELLE
CHEMERE LE ROI;47.9744461326, -0.445587835574;MAYENNE
SOTTEVAST;49.5221585855, -1.60619449046;MANCHE
LA FERRIERE AUX ETANGS;48.6515598236, -0.508551110895;ORNE
LASSERRE;44.0743983066, 0.386505126998;LOT ET GARONNE
BROUSSEY EN BLOIS;48.6345506518, 5.55128932739;MEUSE
BOURGUIGNON LES LA CHARITE;47.5075942378, 5.96493598181;HAUTE SAONE
LAMARQUE PONTACQ;43.1638872939, -0.101045534959;HAUTES PYRENEES
MARSAINVILLIERS;48.2129131551, 2.27113030175;LOIRET
LACHAMP RAPHAEL;44.8006451695, 4.28759440522;ARDECHE
ST MARTIN LE COLONEL;44.9852575045, 5.27975659014;DROME
SAVIGNE SOUS LE LUDE;47.629906916, 0.0724159454527;SARTHE
COLLERET;50.2598488269, 4.084768244;NORD
ARDES;45.3984149619, 3.11786009543;PUY DE DOME
LONGUENOE;48.5162399583, -0.0655173755231;ORNE
CHAUMONT;48.3098919789, 3.10062087722;YONNE
SIBIVILLE;50.3047427649, 2.33129283098;PAS DE CALAIS
BROU SUR CHANTEREINE;48.8901616457, 2.63989859744;SEINE ET MARNE
FREMERY;48.9240175363, 6.47344471901;MOSELLE
GIFFAUMONT CHAMPAUBERT;48.5598653758, 4.74815226277;MARNE
FROIDOS;49.0603189577, 5.11809128238;MEUSE
LE BIZOT;47.1364585701, 6.67291290642;DOUBS
GOUPILLIERES;49.0323973591, -0.479373998591;CALVADOS
ST VALERY SUR SOMME;50.1761767829, 1.62262280183;SOMME
AGNAC;44.640821375, 0.382742954809;LOT ET GARONNE
PLEUVILLE;46.0971776924, 0.492356946293;CHARENTE
GERTWILLER;48.4115755061, 7.47499866604;BAS RHIN
ST PRIEST EN MURAT;46.3556892534, 2.90261837567;ALLIER
VILLEMONTAIS;45.9825018383, 3.93640831898;LOIRE
LORNAY;45.9107999793, 5.88954497297;HAUTE SAVOIE
FROLOIS;47.5293434145, 4.6477491814;COTE D OR
GOURNAY SUR ARONDE;49.500679776, 2.69144488848;OISE
PEYRELEAU;44.1757756277, 3.20495893117;AVEYRON
ISSAC;45.0150209065, 0.451710444544;DORDOGNE
MARSAC EN LIVRADOIS;45.4804409768, 3.72202018487;PUY DE DOME
SARRANT;43.7704131309, 0.928322763871;GERS
SORDE L ABBAYE;43.5226484038, -1.04772749452;LANDES
AUNEUIL;49.3702714618, 1.99554869838;OISE
PONTS;48.7112854871, -1.33485986216;MANCHE
COURCHAMPS;47.1979795886, -0.157247285018;MAINE ET LOIRE
ENNORDRES;47.4226900181, 2.40992073564;CHER
MOIMAY;47.5597602693, 6.39935154409;HAUTE SAONE
LAHONCE;43.4844685694, -1.39601479811;PYRENEES ATLANTIQUES
MONCEAUX EN BESSIN;49.2503317019, -0.689321766659;CALVADOS
VELANNE;45.4889494528, 5.64628578808;ISERE
AUZET;44.3054001563, 6.31115592449;ALPES DE HAUTE PROVENCE
LOCON;50.570143515, 2.66701720965;PAS DE CALAIS
MONTAGNY PRES LOUHANS;46.6581608546, 5.28366044756;SAONE ET LOIRE
MONTMIRAL;45.1534746191, 5.16002782914;DROME
LE FAOUET;48.6788862743, -3.07342665968;COTES D ARMOR
BOISSETS;48.8587317942, 1.58768309542;YVELINES
LALANNE;43.2735240227, 0.581021273893;HAUTES PYRENEES
NOUZIERS;46.4236220738, 1.96158183611;CREUSE
ST ROMAIN LA VIRVEE;44.9594958204, -0.409988022855;GIRONDE
PLELAUFF;48.1984075827, -3.20337969883;COTES D ARMOR
TAIZE;46.5105515739, 4.67305548074;SAONE ET LOIRE
UTTENHEIM;48.4140516502, 7.59572846761;BAS RHIN
URCEREY;47.6107025364, 6.80334349857;TERRITOIRE DE BELFORT
ESPERE;44.5141184572, 1.37059320975;LOT
SONNAY;45.3566083614, 4.91625352984;ISERE
GREMEVILLERS;49.5591317883, 1.90615994772;OISE
DOMPIERRE LES ORMES;46.354950302, 4.48081055025;SAONE ET LOIRE
LANOUX;43.1200797845, 1.42372651979;ARIEGE
CADILLON;43.5242735908, -0.154852094311;PYRENEES ATLANTIQUES
LES POULIERES;48.2035855433, 6.78630426171;VOSGES
SURJOUX;46.030402108, 5.79957920623;AIN
MONCHEUX;48.9466807174, 6.33617668606;MOSELLE
PFULGRIESHEIM;48.6443318607, 7.6650628557;BAS RHIN
VANDEUIL;49.2821394936, 3.79415062209;MARNE
PAILLOLES;44.4750480047, 0.647784350745;LOT ET GARONNE
THOUROTTE;49.4793368724, 2.88124505032;OISE
LE PASSAGE;44.1921120609, 0.594677375756;LOT ET GARONNE
BERNES;49.9087174553, 3.10186976194;SOMME
LORREZ LE BOCAGE PREAUX;48.2397310097, 2.89648812918;SEINE ET MARNE
PAGNEY;47.250391991, 5.69969673686;JURA
STE HELENE;44.5200305066, 3.60341341973;LOZERE
LAAS;43.3863780665, -0.854028010814;PYRENEES ATLANTIQUES
ST ANDRE EN BARROIS;49.0097722899, 5.23315841367;MEUSE
RICHEBOURG;48.0095629662, 5.06048237651;HAUTE MARNE
LAMPERTHEIM;48.6551039655, 7.69405052062;BAS RHIN
NORON LA POTERIE;49.2239444771, -0.775339384776;CALVADOS
CASTANDET;43.8073545404, -0.352224623353;LANDES
ROMELFING;48.8339571573, 7.00575615826;MOSELLE
ANCTOVILLE SUR BOSCQ;48.8461317815, -1.52840505005;MANCHE
BLIGNY;49.1943978535, 3.85996649455;MARNE
BITSCHWILLER LES THANN;47.8268493029, 7.06896787479;HAUT RHIN
GUIGNY;50.3280392669, 1.99522776546;PAS DE CALAIS
ASNOIS;47.3975694255, 3.5877353754;NIEVRE
TOURREILLES;43.0200947771, 2.16958923912;AUDE
LUSSAGNET;43.774245256, -0.232415581474;LANDES
FUMICHON;49.1702401097, 0.376680814752;CALVADOS
WATRONVILLE;49.1386242762, 5.54701396462;MEUSE
RONEL;43.80989951, 2.21337484282;TARN
ROUPY;49.8120572031, 3.18195896491;AISNE
SANSAC VEINAZES;44.745141044, 2.42655661494;CANTAL
TISSEY;47.8593082514, 3.89981203629;YONNE
LE MESNIL MAUGER;49.0767957339, 0.0108836841983;CALVADOS
RODELLE;44.4813052355, 2.6223380773;AVEYRON
SAUVILLERS MONGIVAL;49.7197869951, 2.46620070859;SOMME
RIMBOVAL;50.5151477103, 1.98923496959;PAS DE CALAIS
LARAJASSE;45.6079976924, 4.51457589582;RHONE
VESINES;46.3593397751, 4.86265852202;AIN
LA BASTIDE D ENGRAS;44.0933546759, 4.47729781673;GARD
GARGAS;43.7592156641, 1.45920963091;HAUTE GARONNE
JUVIGNIES;49.5239940947, 2.09077115313;OISE
PONT D HERY;46.8762807232, 5.89928454106;JURA
NOUILHAN;43.4272288534, 0.0420506166777;HAUTES PYRENEES
LE SEQUESTRE;43.9105402335, 2.10655664211;TARN
CHAMOUILLAC;45.3058629174, -0.465409167934;CHARENTE MARITIME
ELISE DAUCOURT;49.0425311549, 4.86078672791;MARNE
BOSSUGAN;44.7915487429, -0.0519671900335;GIRONDE
BOUCLANS;47.2413584714, 6.23301360703;DOUBS
ST JURS;43.8990474204, 6.19288088982;ALPES DE HAUTE PROVENCE
BETHENY;49.2956894813, 4.06006294917;MARNE
TROIS PUITS;49.2056733316, 4.03927957709;MARNE
MALPAS;46.827268522, 6.28836948347;DOUBS
CASTELBIAGUE;43.0356678546, 0.927325532514;HAUTE GARONNE
BOURDETTES;43.1941285363, -0.270250092047;PYRENEES ATLANTIQUES
VILLERS BOCAGE;49.0782420975, -0.652664428102;CALVADOS
ST MARCEL D URFE;45.8708472787, 3.87977382868;LOIRE
BOUZAIS;46.704910988, 2.47008751664;CHER
SANDAUCOURT;48.2612303664, 5.84458431334;VOSGES
BRASSAC;43.6117373541, 2.51133931505;TARN
LA CHARTRE SUR LE LOIR;47.7303686417, 0.582042206339;SARTHE
DOUVRES LA DELIVRANDE;49.2895943056, -0.39232887843;CALVADOS
AUBERMESNIL BEAUMAIS;49.847513728, 1.12124254365;SEINE MARITIME
SAULXURES;47.955255252, 5.57978520657;HAUTE MARNE
BOUILH DEVANT;43.3365484114, 0.261492915975;HAUTES PYRENEES
ROCHE LES CLERVAL;47.3634845097, 6.46991658309;DOUBS
MOSSON;47.9206276016, 4.62892350243;COTE D OR
ST LAURENT DU PAPE;44.8232083643, 4.7449478067;ARDECHE
CAUGE;49.0249871767, 1.04289589513;EURE
LAVAL ATGER;44.8022090372, 3.70257877423;LOZERE
EBREUIL;46.1176543632, 3.07363121151;ALLIER
ST BROINGT LES FOSSES;47.7136962549, 5.26813340342;HAUTE MARNE
BOULIGNEY;47.911701027, 6.2482203935;HAUTE SAONE
LEVIGNY;48.2978727553, 4.70743033255;AUBE
MONFREVILLE;49.3120766958, -1.03506679582;CALVADOS
ST CYR DU BAILLEUL;48.5678803644, -0.826779942958;MANCHE
LES THILLIERS EN VEXIN;49.2364605708, 1.60505156907;EURE
LUCE SOUS BALLON;48.2111457047, 0.212575045337;SARTHE
MONTEILS;44.1717870381, 1.56537726368;TARN ET GARONNE
BEAUSEMBLANT;45.2124337402, 4.84068109312;DROME
MAGNY LA CAMPAGNE;49.0494382034, -0.0987177011169;CALVADOS
BRENGUES;44.5785357536, 1.83285932775;LOT
ST AREY;44.8819813908, 5.74254288729;ISERE
ST ANDRE LE GAZ;45.5473825383, 5.53186055306;ISERE
BOURDENAY;48.36105163, 3.59076650047;AUBE
MARLE;49.7451393478, 3.7652054501;AISNE
MAISON PONTHIEU;50.2071660042, 2.04267098305;SOMME
BIZE;43.0352737792, 0.462210784813;HAUTES PYRENEES
FRECHENDETS;43.0613932621, 0.234135249528;HAUTES PYRENEES
STEINSOULTZ;47.5583266561, 7.34658107092;HAUT RHIN
PLAIMBOIS VENNES;47.1838898249, 6.54689658239;DOUBS
SAVIGNY SUR SEILLE;46.6331048496, 5.10253971611;SAONE ET LOIRE
PLAISANCE;46.3144693498, 0.854061453997;VIENNE
GRENANT;47.7074669217, 5.49441820553;HAUTE MARNE
LARREY;47.897345637, 4.42446756868;COTE D OR
LAURABUC;43.2605975976, 1.99494391094;AUDE
CARTIGNY L EPINAY;49.2392752495, -1.00695398636;CALVADOS
MERLES SUR LOISON;49.3645416905, 5.47491286205;MEUSE
GLAGEON;50.0506114879, 4.06404937092;NORD
UPIE;44.7990451826, 4.98046228806;DROME
REMAISNIL;50.2057113096, 2.24244191691;SOMME
BRIFFONS;45.7007518204, 2.65439923771;PUY DE DOME
ROLLEVILLE;49.5787455388, 0.211169186328;SEINE MARITIME
MAROLLES LES ST CALAIS;47.9174702503, 0.793391671769;SARTHE
CHANTRIGNE;48.4131486304, -0.55989625382;MAYENNE
GLATIGNY;49.4954037049, 1.90088240357;OISE
AVRIL;49.2941688536, 5.96776937418;MEURTHE ET MOSELLE
BISSY LA MACONNAISE;46.4854125388, 4.77572068002;SAONE ET LOIRE
COLLONGUES;43.8935981177, 6.86383142444;ALPES MARITIMES
VOSBLES;46.330813164, 5.52161214243;JURA
VILLETTE DE VIENNE;45.5891950037, 4.91199377057;ISERE
PLANAY;47.7372836307, 4.37480750049;COTE D OR
BRENON;43.7658451995, 6.53777644844;VAR
ARCHES;45.2984854251, 2.31775819342;CANTAL
CUMIERES;49.0721627289, 3.91948376313;MARNE
VESLES ET CAUMONT;49.6750932677, 3.78950879053;AISNE
YQUEBEUF;49.5932680679, 1.2590988695;SEINE MARITIME
HARDENCOURT COCHEREL;49.0418737569, 1.31601000617;EURE
BIHOREL;49.7215955868, 1.04761911483;SEINE MARITIME
LA TESTE DE BUCH;44.5561823053, -1.17530826791;GIRONDE
BAILLEULMONT;50.2110356075, 2.60402081464;PAS DE CALAIS
PULIGNY MONTRACHET;46.9467556144, 4.75926217237;COTE D OR
SILLINGY;45.9489088866, 6.02753426428;HAUTE SAVOIE
VERCOIRAN;44.2937794965, 5.35057643289;DROME
PATORNAY;46.5873552855, 5.70873502503;JURA
L ARBRESLE;45.8356663158, 4.60937267063;RHONE
ST JEAN DE CEYRARGUES;44.0547404287, 4.22631388818;GARD
LEYSSARD;46.1624187428, 5.47633297491;AIN
FAYET LE CHATEAU;45.6792802707, 3.40952344824;PUY DE DOME
BONDEVAL;47.4336532746, 6.8448325548;DOUBS
CERSOT;46.7053648589, 4.63239889903;SAONE ET LOIRE
NEUCHATEL URTIERE;47.3748161465, 6.73046629435;DOUBS
VANDRE;46.0532187101, -0.753825189117;CHARENTE MARITIME
MOUTONNEAU;45.9131671826, 0.22543914525;CHARENTE
LA COUARDE;46.311279395, -0.143860718108;DEUX SEVRES
ST GERMAIN LES BUXY;46.6961802928, 4.7732570096;SAONE ET LOIRE
MONTPERREUX;46.8204797871, 6.34452081973;DOUBS
RAMBERVILLERS;48.3458722142, 6.63121002783;VOSGES
SASSENAY;46.8332708433, 4.91806482813;SAONE ET LOIRE
CONDAT SUR VEZERE;45.1064273912, 1.22906271409;DORDOGNE
POUFFONDS;46.2011824615, -0.116352885549;DEUX SEVRES
ARCY STE RESTITUE;49.2548799371, 3.47829076337;AISNE
VILLERS CAMPSART;49.8698144741, 1.83537806495;SOMME
LA MURE ARGENS;44.0166107784, 6.53196701824;ALPES DE HAUTE PROVENCE
ALBEFEUILLE LAGARDE;44.0482971636, 1.27398142654;TARN ET GARONNE
YVRENCHEUX;50.177369499, 1.98620389971;SOMME
MONTCOMBROUX LES MINES;46.3606934499, 3.72808957144;ALLIER
MONTIGNY LENGRAIN;49.3726900463, 3.09924630011;AISNE
BIEVRES;49.5573406504, 5.27746314985;ARDENNES
PHILIPPSBOURG;49.0028642083, 7.56619934882;MOSELLE
VERNEUGHEOL;45.7554248044, 2.52012470345;PUY DE DOME
FEIGNIES;50.2944744456, 3.90909278075;NORD
LAUTREC;43.7052468491, 2.12929403349;TARN
WAMIN;50.4153161017, 2.06205464514;PAS DE CALAIS
LE LOROUX BOTTEREAU;47.2333976166, -1.33170187264;LOIRE ATLANTIQUE
OLLEZY;49.729996536, 3.14607261695;AISNE
LOTTINGHEN;50.6772682361, 1.93556689371;PAS DE CALAIS
VILLENEUVE SOUS CHARIGNY;47.4364542441, 4.39988256271;COTE D OR
BARD;45.5922264726, 3.99761908102;LOIRE
CASSIGNAS;44.3000939624, 0.781102690761;LOT ET GARONNE
DOMLEGER LONGVILLERS;50.155006107, 2.08731337577;SOMME
DOMMIERS;49.3290731499, 3.21634686939;AISNE
VENTELAY;49.3416417063, 3.79943740088;MARNE
MATTAINCOURT;48.2777683116, 6.1280387799;VOSGES
BREVILLIERS;47.5786423606, 6.79644212349;HAUTE SAONE
ST FORTUNAT SUR EYRIEUX;44.8349868514, 4.68914271532;ARDECHE
FAY DE BRETAGNE;47.3905699563, -1.79530261946;LOIRE ATLANTIQUE
BAZONCOURT;49.057272812, 6.38508559255;MOSELLE
LASCELLE;45.0335568437, 2.57470927987;CANTAL
LA REGRIPPIERE;47.1851327192, -1.19445859002;LOIRE ATLANTIQUE
COAT MEAL;48.5056460194, -4.53993489301;FINISTERE
GUERNES;49.0153671856, 1.64238528866;YVELINES
ST ALBAN D AY;45.1862322828, 4.63179784217;ARDECHE
LA COMTE;50.4259527407, 2.49981751816;PAS DE CALAIS
FRETHUN;50.9121649744, 1.81683480747;PAS DE CALAIS
CHILLE;46.6933516322, 5.57237754147;JURA
CRUCEY VILLAGES;48.6685590578, 1.10718898581;EURE ET LOIR
MIREMONT;45.9076476666, 2.71763320469;PUY DE DOME
COULOMBS EN VALOIS;49.0777461945, 3.12814777064;SEINE ET MARNE
CONTHIL;48.8916747657, 6.66400638326;MOSELLE
HERBEVILLE;48.9026044293, 1.89020414118;YVELINES
FREISTROFF;49.2899855727, 6.4826695714;MOSELLE
FONTENAILLES;47.6309292904, 3.47197357688;YONNE
PANNES;48.9298072595, 5.79605273034;MEURTHE ET MOSELLE
TARABEL;43.512330223, 1.67558246576;HAUTE GARONNE
ST DIDIER D AUSSIAT;46.3069992095, 5.05820697692;AIN
CIERP GAUD;42.9126857929, 0.634654016295;HAUTE GARONNE
GIROUSSENS;43.769779769, 1.7967421125;TARN
RAVES;48.2607082807, 7.04375216044;VOSGES
ST PONS;44.4172713189, 6.61507424866;ALPES DE HAUTE PROVENCE
JURE;45.8915714272, 3.89406445527;LOIRE
GUEWENHEIM;47.7499350784, 7.09127523458;HAUT RHIN
ST PAUL DE VERN;44.8378106011, 1.94214207363;LOT
POMPIAC;43.5155437622, 1.00396355344;GERS
MANE;43.080178576, 0.9447955326;HAUTE GARONNE
BUSSIERE DUNOISE;46.2557563737, 1.76028995506;CREUSE
FIENNES;50.8239442286, 1.83126229183;PAS DE CALAIS
NEUILLY EN DUN;46.8022857542, 2.78268305253;CHER
CHANTEPIE;48.0817134724, -1.6038253094;ILE ET VILAINE
BRELIDY;48.6489532985, -3.22763480343;COTES D ARMOR
CORFELIX;48.8313022988, 3.69721601306;MARNE
HARCY;49.8527000599, 4.55802852688;ARDENNES
CLEREY LA COTE;48.4844162831, 5.76197885517;VOSGES
MONTPOTHIER;48.5762344915, 3.51599225081;AUBE
ST LEONARD;49.7321818322, 0.341907614977;SEINE MARITIME
ST MARTIN DE BAVEL;45.848212674, 5.67889099153;AIN
GRANGUES;49.2620621593, -0.0581924167296;CALVADOS
CAMPAGNE SUR ARIZE;43.1197500573, 1.32148049798;ARIEGE
CHASSEY LE CAMP;46.8874072539, 4.70297479178;SAONE ET LOIRE
GALAPIAN;44.2992744201, 0.411455620823;LOT ET GARONNE
LA ROCHE SUR LE BUIS;44.2625812469, 5.34101183886;DROME
VILLERS EN ARTHIES;49.0858999284, 1.73039629888;VAL D OISE
BRAY SUR SEINE;48.4145972795, 3.24389965363;SEINE ET MARNE
MOURENS;44.645047308, -0.211538957224;GIRONDE
BASTENNES;43.6499735416, -0.777407464729;LANDES
LA BREDE;44.6801130358, -0.53691849986;GIRONDE
DOMEVRE SUR AVIERE;48.2221272112, 6.38817916406;VOSGES
SOUILLAC;44.9069531608, 1.46396482842;LOT
LION SUR MER;49.3007695684, -0.333954811691;CALVADOS
CHAGEY;47.6209267815, 6.7351701305;HAUTE SAONE
BONS EN CHABLAIS;46.2631816283, 6.36089776128;HAUTE SAVOIE
BROQUIES;44.0179354928, 2.70623918127;AVEYRON
ESQUELBECQ;50.8902971553, 2.42902144416;NORD
MERVILLER;48.4739799839, 6.77926594668;MEURTHE ET MOSELLE
ST PIERRE D ARTHEGLISE;49.4173651602, -1.68504770752;MANCHE
ST DENIS DE MERE;48.8648108622, -0.503133289019;CALVADOS
ST FRONT DE PRADOUX;45.0595554075, 0.360152317983;DORDOGNE
EYZAHUT;44.5613261494, 5.00354083733;DROME
MONTOT;47.1525081033, 5.24351442373;COTE D OR
MONCRABEAU;44.0410471215, 0.367666157379;LOT ET GARONNE
FRANCON;43.26180406, 0.988074142918;HAUTE GARONNE
LA BRETONNIERE LA CLAYE;46.4879459421, -1.26773426545;VENDEE
PIRMIL;47.9103473581, -0.0897163271202;SARTHE
MAGNEUX;48.5096354522, 5.00776253025;HAUTE MARNE
CUSSEY SUR L OGNON;47.3277456972, 5.94001490559;DOUBS
VAUDESSON;49.4750001736, 3.48695975523;AISNE
VARAGES;43.5957332501, 5.94441099712;VAR
FOULCREY;48.6402409757, 6.86776109913;MOSELLE
MONDON;47.4482880477, 6.31212513097;DOUBS
PALISSE;45.4339391784, 2.20721338065;CORREZE
SAVONNIERES;47.3465342134, 0.558778925825;INDRE ET LOIR
MASSONGY;46.3230559823, 6.32549950668;HAUTE SAVOIE
LACARRE;43.1875203489, -1.16195961403;PYRENEES ATLANTIQUES
CRESTOT;49.2039621822, 0.969531161079;EURE
ST MARTIN D HEUILLE;47.0480526526, 3.23272615742;NIEVRE
CHAUNAC;45.3568170486, -0.359382651655;CHARENTE MARITIME
ST CIRGUES SUR COUZE;45.5459770641, 3.14419958349;PUY DE DOME
CAOURS;50.1280550287, 1.88114339899;SOMME
JUSSAS;45.2770542322, -0.356321987805;CHARENTE MARITIME
JONQUIERES;43.673901625, 3.47813467686;HERAULT
CORBIERES;43.7606909826, 5.74590452535;ALPES DE HAUTE PROVENCE
AVRIL SUR LOIRE;46.8084334305, 3.36209640132;NIEVRE
MORNAC;45.6847658101, 0.292715578408;CHARENTE
VAUTEBIS;46.5325405622, -0.153027126045;DEUX SEVRES
LOUVIGNY;43.5050422971, -0.445140263297;PYRENEES ATLANTIQUES
HINSBOURG;48.902016302, 7.29622114102;BAS RHIN
TREMBLAY LES VILLAGES;48.5881626072, 1.36867843258;EURE ET LOIR
GRIMAUCOURT EN WOEVRE;49.1630352825, 5.56520722889;MEUSE
GUILER SUR GOYEN;48.0170524015, -4.36131542798;FINISTERE
STE CECILE;46.7309688326, -1.12107316048;VENDEE
LE SUBDRAY;47.0183022938, 2.30988777756;CHER
GOMMERSDORF;47.6413930168, 7.13299368757;HAUT RHIN
AMFREVILLE LES CHAMPS;49.6985248041, 0.826235482496;SEINE MARITIME
THUSY;45.949872762, 5.96377064209;HAUTE SAVOIE
AUVERS ST GEORGES;48.4773721699, 2.22600147466;ESSONNE
PRE ST MARTIN;48.2195680245, 1.47285651616;EURE ET LOIR
JANVILLIERS;48.8954151697, 3.65818118533;MARNE
VAUNAVEYS LA ROCHETTE;44.7780399465, 5.03229421632;DROME
ST QUENTIN DE BARON;44.8184515689, -0.281173860387;GIRONDE
NESLE L HOPITAL;49.9141969237, 1.69287988387;SOMME
GUCHAN;42.8466893699, 0.347945425842;HAUTES PYRENEES
ILLEVILLE SUR MONTFORT;49.3191305181, 0.709396511927;EURE
TOURNEFORT;43.9413988757, 7.15850315093;ALPES MARITIMES
SEMUSSAC;45.5992753658, -0.915156967296;CHARENTE MARITIME
ASSIS SUR SERRE;49.6803739117, 3.55491692691;AISNE
JALESCHES;46.2952982934, 2.08236208756;CREUSE
ALLEMANS;45.288412571, 0.305272710344;DORDOGNE
BREST;48.4004997828, -4.5027907853;FINISTERE
CORDES SUR CIEL;44.0681683828, 1.95360871103;TARN
AVESSE;47.9573422992, -0.267295988986;SARTHE
BURDIGNES;45.2639294858, 4.55951022656;LOIRE
PLOISY;49.330941238, 3.27456677749;AISNE
DURBAN;43.5390207852, 0.5656981485;GERS
NEUF BRISACH;48.0183924755, 7.52784741678;HAUT RHIN
PEYRUS;44.9069574255, 5.12184117739;DROME
ST ETIENNE DE CUINES;45.3456004794, 6.25994599551;SAVOIE
FONS;44.5814496268, 4.34709805042;ARDECHE
TARASCON;43.7939885332, 4.68614849204;BOUCHES DU RHONE
VENERE;47.3587412355, 5.6767085991;HAUTE SAONE
THIERS;45.8620554106, 3.53945258847;PUY DE DOME
ST JEAN D ILLAC;44.7934010703, -0.819193904642;GIRONDE
ST LEGER DES AUBEES;48.4142778005, 1.74991232981;EURE ET LOIR
BEAULIEU;48.6802207803, 0.736178480276;ORNE
BLYE;46.6284281077, 5.69599874066;JURA
MEREGLISE;48.2935308635, 1.18476040726;EURE ET LOIR
ANDOUILLE NEUVILLE;48.2975724468, -1.5958926629;ILE ET VILAINE
CHAMPIGNEULLES;48.7209128078, 6.12290248432;MEURTHE ET MOSELLE
CASEFABRE;42.6184473874, 2.61434229279;PYRENEES ORIENTALES
TOURS SUR MEYMONT;45.6740219658, 3.57621725614;PUY DE DOME
EPERNAY;49.037000689, 3.93144626202;MARNE
CHARENTAY;46.0840044201, 4.68939365571;RHONE
LA FOYE MONJAULT;46.1870040122, -0.533179423966;DEUX SEVRES
PEILLAC;47.7151673014, -2.21864708228;MORBIHAN
GRANDRIEU;44.7775011056, 3.64068574736;LOZERE
HAMEL;50.2819824197, 3.06850591061;NORD
SALIGNAC DE MIRAMBEAU;45.3507156869, -0.481731376286;CHARENTE MARITIME
BEVY;47.1820024357, 4.83965418214;COTE D OR
GROSPIERRES;44.3930827383, 4.28692737418;ARDECHE
LE MESNIL LE ROI;48.9257999518, 2.1221732386;YVELINES
CABESTANY;42.6790392044, 2.94628633406;PYRENEES ORIENTALES
BULLECOURT;50.1927400368, 2.92876143561;PAS DE CALAIS
MONTBRUN BOCAGE;43.1195780479, 1.24932023681;HAUTE GARONNE
ST LOUP DE FRIBOIS;49.1087386238, 0.0102155997362;CALVADOS
HUMEROEUILLE;50.4085299581, 2.20983576549;PAS DE CALAIS
LARCHANT;48.2829275322, 2.59886669587;SEINE ET MARNE
GRANCEY LE CHATEAU NEUVELLE;47.6736710294, 5.02411190173;COTE D OR
MONTS EN TERNOIS;50.3211000612, 2.38646498424;PAS DE CALAIS
BIERT;42.9046164394, 1.3087912454;ARIEGE
ST HILAIRE LE CHATEL;48.5551273159, 0.540291950034;ORNE
ESTAMPES;43.4000716768, 0.278946241773;GERS
MASSIEU;45.4374299246, 5.59982037311;ISERE
MONTBERTHAULT;47.4611172528, 4.15752601087;COTE D OR
PLUMIEUX;48.1061077392, -2.59155562582;COTES D ARMOR
LOIRON RUILLE;48.0630179288, -0.919282481771;MAYENNE
LE TRONQUAY;49.4375421734, 1.45434227209;EURE
MAGNY;47.4703684401, 3.97088291518;YONNE
RUFFEC;46.6238195664, 1.1836718516;INDRE
VARZY;47.356767544, 3.38692732286;NIEVRE
SERENT;47.8245310823, -2.49728404193;MORBIHAN
VENON;49.1731568906, 1.0516279972;EURE
BEAUVILLIERS;47.4132193226, 4.03577832193;YONNE
ST SALVY DE LA BALME;43.6117421353, 2.37969793328;TARN
ETREPIGNEY;47.1104911888, 5.6819169156;JURA
BOUSSAC BOURG;46.3680932326, 2.21561135415;CREUSE
BOUZONVILLE AUX BOIS;48.1043167535, 2.2461940499;LOIRET
RIQUEWIHR;48.1787804995, 7.27259187393;HAUT RHIN
ARREMBECOURT;48.5432958598, 4.60648952219;AUBE
CRAMAILLE;49.2285541737, 3.45227303073;AISNE
COURCY;48.9695873658, -0.0337679175987;CALVADOS
CARENCY;50.3786422794, 2.7000271609;PAS DE CALAIS
MAZEROLLES LE SALIN;47.2443847246, 5.86507797537;DOUBS
LOCQUIREC;48.6831366795, -3.66753133845;FINISTERE
PIERREMANDE;49.566550412, 3.25836777343;AISNE
ASCHBACH;48.9421865958, 7.98028356812;BAS RHIN
ST ETIENNE AU TEMPLE;49.0199669584, 4.419049069;MARNE
EBOULEAU;49.6781110152, 3.88259465732;AISNE
PLUMETOT;49.2775537071, -0.361463362906;CALVADOS
VERDIGNY;47.3488262505, 2.81132446593;CHER
THIL SUR ARROUX;46.8041058716, 4.09212501715;SAONE ET LOIRE
VIROLLET;45.5376067131, -0.728910757223;CHARENTE MARITIME
PIEGUT;44.4533786118, 6.1317225786;ALPES DE HAUTE PROVENCE
GRUFFY;45.7831959946, 6.06312063481;HAUTE SAVOIE
DON;50.5440489811, 2.91557809769;NORD
CERISIERES;48.3093104196, 5.07874546698;HAUTE MARNE
AUBRES;44.3893044332, 5.1543771035;DROME
FRIBOURG;48.7700278814, 6.87194156304;MOSELLE
VILLENEUVE LOUBET;43.6492560734, 7.10728434873;ALPES MARITIMES
GACOGNE;47.2332591371, 3.87853362588;NIEVRE
L HERM;42.9730292924, 1.67888356727;ARIEGE
MUR DE BARREZ;44.8759902067, 2.68059365877;AVEYRON
SARZAY;46.5974798538, 1.90704131796;INDRE
PLENEE JUGON;48.3556203022, -2.41594505184;COTES D ARMOR
LA VERSANNE;45.3205754592, 4.50642756991;LOIRE
MARQUIGNY;49.5485160355, 4.70534618848;ARDENNES
FOS;42.8605439221, 0.747535403685;HAUTE GARONNE
LES SORINIERES;47.1414647152, -1.5202224711;LOIRE ATLANTIQUE
ST VERAN;44.684530806, 6.8905743766;HAUTES ALPES
EAUBONNE;48.9909940165, 2.27800925488;VAL D OISE
VIENS;43.9031226397, 5.5602158314;VAUCLUSE
TERROLES;42.9913709572, 2.342696874;AUDE
GENISSAC;44.8604999548, -0.249176861403;GIRONDE
ABAINVILLE;48.5326982449, 5.51524727317;MEUSE
ST FRANCOIS LONGCHAMP;45.4121018734, 6.37380621288;SAVOIE
SORBON;49.5514575157, 4.37200155561;ARDENNES
VIEUX MANOIR;49.5655818528, 1.29487199478;SEINE MARITIME
LE CHAFFAL;44.8732571795, 5.17850564774;DROME
NEUILLY EN VEXIN;49.1737847677, 1.98023153343;VAL D OISE
SOUSCEYRAC EN QUERCY;44.8806327764, 2.03547276303;LOT
COSSESSEVILLE;48.8946326135, -0.425187172224;CALVADOS
LE HAVRE;49.498452502, 0.140153719153;SEINE MARITIME
MESSEY SUR GROSNE;46.6508093785, 4.75084615409;SAONE ET LOIRE
PERRIGNY SUR LOIRE;46.5434949213, 3.85137583197;SAONE ET LOIRE
LA CHAPELLE MARCOUSSE;45.4421073659, 3.08079339129;PUY DE DOME
VERGT DE BIRON;44.6363482611, 0.84946470497;DORDOGNE
FRASNAY REUGNY;46.9922185296, 3.52773836273;NIEVRE
MONSURES;49.7111155, 2.16144716835;SOMME
SEMOUTIERS MONTSAON;48.0638816661, 5.05420561217;HAUTE MARNE
LES FESSEY;47.8108548307, 6.51712506542;HAUTE SAONE
ST GIRONS D AIGUEVIVES;45.1466416615, -0.538156488225;GIRONDE
LES ISLETTES;49.1115870926, 5.00586320659;MEUSE
FLEURINES;49.2623361218, 2.59258349492;OISE
ST MARCEL;46.6083971335, 1.52347471994;INDRE
ST SAUVEUR;44.8734911381, 0.583950004245;DORDOGNE
CUBIERES SUR CINOBLE;42.8630454111, 2.46622412753;AUDE
VILLERS HELON;49.2649355463, 3.26786134731;AISNE
WANQUETIN;50.2723730799, 2.61412474296;PAS DE CALAIS
VERQUIGNEUL;50.5030883097, 2.66214119709;PAS DE CALAIS
CORNEVILLE LA FOUQUETIERE;49.0598701998, 0.703048495388;EURE
ARRIANCE;49.0186311758, 6.50377825217;MOSELLE
ANTHON;45.7847587355, 5.15418784816;ISERE
BOUSBECQUE;50.7638184317, 3.07542848088;NORD
BOUZIC;44.7210017816, 1.21718976678;DORDOGNE
MIRIBEL;45.1976909238, 5.10654579635;DROME
PONT A MARCQ;50.5213224802, 3.11535964739;NORD
AZE;47.8288251994, -0.657885317512;MAYENNE
DOYET;46.3433946285, 2.79161075003;ALLIER
CARVILLE LA FOLLETIERE;49.5564929609, 0.816709773757;SEINE MARITIME
LAMOTTE WARFUSEE;49.8753301575, 2.59140340435;SOMME
MIRE;47.7620031933, -0.495000586199;MAINE ET LOIRE
ST PAER;49.5236063691, 0.882805542616;SEINE MARITIME
REGNEVILLE SUR MEUSE;49.2519964472, 5.31620365223;MEUSE
FOURNEAUX;48.9664383524, -1.04146315344;MANCHE
GORBIO;43.7860281963, 7.44603824995;ALPES MARITIMES
ALBAS;43.0056644881, 2.7267548127;AUDE
AMBLEVILLE;45.5581634832, -0.224518438236;CHARENTE
SOYECOURT;49.8638103438, 2.79512790188;SOMME
WEITERSWILLER;48.8549695809, 7.40901430205;BAS RHIN
VILLEMOYENNE;48.1878192236, 4.24708790908;AUBE
TUPIN ET SEMONS;45.4902621109, 4.77454141311;RHONE
ST MEDARD;48.8140487517, 6.63779394361;MOSELLE
LUCON;46.4510564854, -1.16449285012;VENDEE
VILLEPINTE;48.9590202538, 2.53630634206;SEINE SAINT DENIS
BRIENNON;46.1473425939, 4.07729342349;LOIRE
GRANDVELLE ET LE PERRENOT;47.5185656017, 6.0023921367;HAUTE SAONE
ARTIGUEMY;43.1262809012, 0.246205576137;HAUTES PYRENEES
BRAIZE;46.658636225, 2.65427484498;ALLIER
AUBONNE;47.0367261474, 6.34292904726;DOUBS
CIPIERES;43.7695926923, 6.92814526285;ALPES MARITIMES
SPINCOURT;49.3333694763, 5.69690578835;MEUSE
COYE LA FORET;49.1449874027, 2.47045856809;OISE
LA CHAPELLE BICHE;48.7128515719, -0.622127814568;ORNE
AZEVILLE;49.4572780775, -1.31285353585;MANCHE
AUZOUVILLE L ESNEVAL;49.6332091755, 0.883721965362;SEINE MARITIME
ST REMY;46.7602643306, 4.82122632524;SAONE ET LOIRE
OPIO;43.6575610719, 7.00860864158;ALPES MARITIMES
LOUVATANGE;47.1895729875, 5.72090559448;JURA
ROCHESSON;48.0197429303, 6.82438573999;VOSGES
PRE ST EVROULT;48.1878434456, 1.4610005608;EURE ET LOIR
LARODDE;45.5243871141, 2.55410927855;PUY DE DOME
CELSOY;47.8630499689, 5.49202471429;HAUTE MARNE
VIVY;47.3228206835, -0.0669608639815;MAINE ET LOIRE
ORGEVAL;48.9164887331, 1.96928773573;YVELINES
LOUVIERES;48.0280199419, 5.28378758426;HAUTE MARNE
CHARGEY LES GRAY;47.4928980658, 5.57884831818;HAUTE SAONE
LIGNY EN BARROIS;48.6621088949, 5.2962935372;MEUSE
CORROBERT;48.9233679376, 3.60759515783;MARNE
MONFAUCON;43.4543600444, 0.120919395519;HAUTES PYRENEES
BAZAINVILLE;48.8073241204, 1.66749054563;YVELINES
THAL DRULINGEN;48.9123489426, 7.13788332344;BAS RHIN
CREUSE;49.8354296126, 2.15949387069;SOMME
RIEUTORT DE RANDON;44.6238353175, 3.4886504946;LOZERE
MONTREUIL SUR THONNANCE;48.4595853523, 5.23455952263;HAUTE MARNE
BOSMIE L AIGUILLE;45.7655936715, 1.20427660043;HAUTE VIENNE
BRINAY;47.1640449226, 2.11235689619;CHER
LA BEAUME;44.5482914658, 5.65375214301;HAUTES ALPES
VERLANS;47.5703887849, 6.71887157746;HAUTE SAONE
VIC LE COMTE;45.6440673683, 3.24047430326;PUY DE DOME
CHAMPOUX;47.3407046094, 6.1358095916;DOUBS
MESMAY;47.0580777963, 5.85050213365;DOUBS
CLENLEU;50.5280730059, 1.88459632489;PAS DE CALAIS
CLAIRAC;44.371064569, 0.38579130311;LOT ET GARONNE
CIZANCOURT;49.8401313107, 2.91812526703;SOMME
MONTEUX;44.0335256003, 4.9847476645;VAUCLUSE
RACINES;48.0483905715, 3.84645827817;AUBE
VIERVILLE;48.3843640334, 1.90039348579;EURE ET LOIR
STE CROIX DU MONT;44.5979961934, -0.272147017146;GIRONDE
LES YVETEAUX;48.7089293788, -0.270231852035;ORNE
LAYRAC;44.1205847258, 0.655048484192;LOT ET GARONNE
CASTETNAU CAMBLONG;43.3227014971, -0.797193541473;PYRENEES ATLANTIQUES
CISAI ST AUBIN;48.7765975635, 0.357700893574;ORNE
CRIQUEBEUF SUR SEINE;49.2931111781, 1.10157387414;EURE
VILLEY ST ETIENNE;48.7281187821, 5.96351375096;MEURTHE ET MOSELLE
ST PERN;48.2809544263, -1.98293675576;ILE ET VILAINE
LUCHE PRINGE;47.7038880653, 0.0953882403778;SARTHE
MONTCLAR SUR GERVANNE;44.7478398549, 5.15785545996;DROME
LE PEYRAT;42.9558799437, 1.92773507045;ARIEGE
DIGNY;48.5287429775, 1.13541399668;EURE ET LOIR
MILLIERES;49.1906741242, -1.45514260552;MANCHE
MONTAGUDET;44.2476837201, 1.08705282102;TARN ET GARONNE
ST GEORGES D ANNEBECQ;48.6307948842, -0.26545917977;ORNE
THENAY;46.5948540817, 1.42889771052;INDRE
BLESSAC;45.9634823691, 2.11186170514;CREUSE
SEGOS;43.6299075167, -0.261024966204;GERS
SOUILLE;48.1201531494, 0.17339248534;SARTHE
ROSIERES AUX SALINES;48.5924316341, 6.33430536376;MEURTHE ET MOSELLE
LES CHALESMES;46.6920276055, 6.02602567308;JURA
BLANGY SOUS POIX;49.7660915332, 2.00447254772;SOMME
ST AMOUR BELLEVUE;46.2414353911, 4.74041810825;SAONE ET LOIRE
LIVRY SUR SEINE;48.5051016281, 2.68647821336;SEINE ET MARNE
FROISSY;49.5657711832, 2.21470986262;OISE
POLIGNY;48.1751501958, 4.34626027201;AUBE
ST JULIEN LE PELERIN;45.001798962, 2.06379083317;CORREZE
AURENSAN;43.6203342241, -0.201948167555;GERS
NIORT DE SAULT;42.7837312275, 1.99823215105;AUDE
CESSY;46.315689376, 6.0779844362;AIN
ST LEGER DES BOIS;47.4625011515, -0.727690848988;MAINE ET LOIRE
MONTANDON;47.2987632167, 6.83499766381;DOUBS
MANIGOD;45.850295364, 6.40113588124;HAUTE SAVOIE
LOMBRON;48.0861652592, 0.412614616268;SARTHE
BUOUX;43.8218210603, 5.37501768295;VAUCLUSE
FAYS;48.196859172, 6.66860089142;VOSGES
VEUIL;47.1325742708, 1.50980110531;INDRE
BREAL SOUS VITRE;48.0921515475, -1.06109442521;ILE ET VILAINE
GARGENVILLE;48.9931450718, 1.81069376214;YVELINES
VILLERSEXEL;47.559065822, 6.42909523129;HAUTE SAONE
SEMBOUES;43.4631952231, 0.173358322537;GERS
ST MARCEL CAMPES;44.083875553, 2.00175106626;TARN
VENERIEU;45.6596953757, 5.27623741722;ISERE
NANTOIN;45.4385673443, 5.26623101453;ISERE
AIGNERVILLE;49.3261867283, -0.918465184477;CALVADOS
LAVERUNE;43.5848099789, 3.80168949969;HERAULT
NAUJAN ET POSTIAC;44.7877867597, -0.184238478251;GIRONDE
DIORS;46.8294887211, 1.81115700532;INDRE
BELVEDERE;44.0564872239, 7.37383120022;ALPES MARITIMES
VILLETRUN;47.7867092973, 1.16554441978;LOIR ET CHER
LE MAGNORAY;47.5247427467, 6.09145764934;HAUTE SAONE
ERNES;49.0114314442, -0.125222684946;CALVADOS
CAYRES;44.9221545341, 3.81071346525;HAUTE LOIRE
CERCLES;45.367110589, 0.469505189702;DORDOGNE
CRASVILLE;49.5541955641, -1.33206905184;MANCHE
YZOSSE;43.7169211073, -1.01616122338;LANDES
JEANDELIZE;49.1734340947, 5.79665152824;MEURTHE ET MOSELLE
HAM EN ARTOIS;50.5916560768, 2.4526238091;PAS DE CALAIS
NOYERS;49.2458221928, 1.67352293727;EURE
BEILLE;48.0830099686, 0.509137455093;SARTHE
LOLIF;48.731700288, -1.39448203488;MANCHE
MARCILLE RAOUL;48.3743980511, -1.6139420088;ILE ET VILAINE
SAMATAN;43.4935426323, 0.934596447621;GERS
ST FRAIGNE;45.9572719379, -0.0153853235153;CHARENTE
GERMIGNEY;47.0384440113, 5.68614106484;JURA
TALENCIEUX;45.219237035, 4.77408036091;ARDECHE
BESSAS;44.3375930033, 4.2983262809;ARDECHE
LA MOTTE D AIGUES;43.7840840338, 5.52149188026;VAUCLUSE
ST PIERRE BENOUVILLE;49.7384423102, 0.97405131386;SEINE MARITIME
BRETEUIL;48.8525387012, 0.899890466074;EURE
CROUTELLE;46.5425586218, 0.2929490098;VIENNE
JOURNANS;46.1464982407, 5.33452833151;AIN
CUISERY;46.5569799009, 4.99361378862;SAONE ET LOIRE
MEZIERES SOUS LAVARDIN;48.1562672241, 0.0477555800744;SARTHE
BELLEFOND;44.7676238446, -0.173810088464;GIRONDE
ANTOIGNE;47.0784768788, -0.131764667589;MAINE ET LOIRE
ST ETIENNE SUR BLESLE;45.3041441888, 3.12573075931;HAUTE LOIRE
BLANDAS;43.9210570231, 3.50734376894;GARD
ANAN;43.3522518749, 0.810075633308;HAUTE GARONNE
SAGNES ET GOUDOULET;44.8014042397, 4.215812246;ARDECHE
L HOPITAL SOUS ROCHEFORT;45.772221105, 3.93582231796;LOIRE
GERONCE;43.2221479657, -0.710166887554;PYRENEES ATLANTIQUES
STE MERE EGLISE;49.4088606097, -1.32366056657;MANCHE
LESPARRE MEDOC;45.2821023678, -0.935162142648;GIRONDE
ST CREPIN;44.7243260485, 6.63555027257;HAUTES ALPES
FOSSE;42.7858632622, 2.43269558007;PYRENEES ORIENTALES
AUTOIRE;44.8583081491, 1.82558835092;LOT
ROQUES;43.8412918051, 0.297884331207;GERS
APPENANS;47.4512206188, 6.56926667052;DOUBS
SELOMMES;47.7654431209, 1.21145906213;LOIR ET CHER
ORADOUR SUR GLANE;45.9310728054, 1.02303381376;HAUTE VIENNE
GRANES;42.89537535, 2.25328133982;AUDE
MOVAL;47.5856192963, 6.88545785765;TERRITOIRE DE BELFORT
LANCHES ST HILAIRE;50.10029759, 2.1457130224;SOMME
WOLSCHHEIM;48.706871713, 7.45128183005;BAS RHIN
ETAIS LA SAUVIN;47.5119567987, 3.34972153514;YONNE
LAGRANGE;43.9663777626, -0.0809775646535;LANDES
LA SALLE;48.3240158454, 6.81120161943;VOSGES
PAULHE;44.1486388779, 3.11148254471;AVEYRON
AUCUN;42.9857652582, -0.201428304348;HAUTES PYRENEES
BASSE SUR LE RUPT;47.9864781279, 6.76859733903;VOSGES
LA ROCHE DE RAME;44.7656681153, 6.61644369734;HAUTES ALPES
TAILLEBOURG;44.4466946358, 0.203133379028;LOT ET GARONNE
LE HAM;48.3736183022, -0.353133097864;MAYENNE
ST SYMPHORIEN SUR SAONE;47.0909529728, 5.31775457592;COTE D OR
LES ISLES BARDEL;48.837428826, -0.349054919014;CALVADOS
ATTIGNEVILLE;48.39777973, 5.8275121847;VOSGES
VARENNES;47.9137837272, 3.78515786219;YONNE
FRONCLES;48.2997317806, 5.13968155091;HAUTE MARNE
CHENEVREY ET MOROGNE;47.2806388545, 5.73662541628;HAUTE SAONE
BEAUMETZ LES LOGES;50.2455653714, 2.65887337603;PAS DE CALAIS
ABEILHAN;43.4575019905, 3.29923508306;HERAULT
ESCLASSAN LABASTIDE;43.4161811903, 0.552126229054;GERS
TERNAY;45.6055276798, 4.80759320832;RHONE
COYRON;46.5124158536, 5.69815405752;JURA
CUBRY LES FAVERNEY;47.8157221284, 6.13346195549;HAUTE SAONE
CHATEAUGIRON;48.0441575779, -1.50016256863;ILE ET VILAINE
DONNENHEIM;48.7219425024, 7.66278189146;BAS RHIN
GUERLESQUIN;48.5315286912, -3.58783458581;FINISTERE
NONGLARD;45.9228803405, 6.02730833828;HAUTE SAVOIE
BILLY BERCLAU;50.5196248764, 2.86674896884;PAS DE CALAIS
LURAY;48.7158016965, 1.39904091699;EURE ET LOIR
OISSY;49.9026966706, 2.06025866834;SOMME
VALLERANGE;48.9502611982, 6.68677832719;MOSELLE
FONTAINES;47.6926210411, 3.25560632931;YONNE
FEUCHEROLLES;48.8800880696, 1.97983777956;YVELINES
VADENCOURT;50.0174902496, 2.49046113345;SOMME
CHERMIZY AILLES;49.4629888139, 3.71995479046;AISNE
BUSSIERE ST GEORGES;46.4017907068, 2.1551143589;CREUSE
VEZINNES;47.8922320806, 3.93235236779;YONNE
BIEVILLE BEUVILLE;49.2394857474, -0.336897222292;CALVADOS
GOURNAY LE GUERIN;48.7162632527, 0.76932677625;EURE
CHAUFFRY;48.8218818253, 3.18099765766;SEINE ET MARNE
ALBI;43.9258213622, 2.14686328555;TARN
ST GERVAIS;46.9285711589, -1.98059327519;VENDEE
MISEREY SALINES;47.2878400774, 5.97360872254;DOUBS
NIELLES LES ARDRES;50.8486968374, 2.00661569937;PAS DE CALAIS
TREMINIS;44.7326500492, 5.77205743161;ISERE
STE CROIX;44.7715735756, 5.28737455542;DROME
BLANQUEFORT;43.6742793399, 0.807524720457;GERS
CETON;48.2249965055, 0.758513883231;ORNE
ASTAFFORT;44.0646686165, 0.658006549076;LOT ET GARONNE
AVANNE AVENEY;47.2013939319, 5.9554996988;DOUBS
LEMERE;47.0937316918, 0.334993321235;INDRE ET LOIR
AIZE;47.1078990064, 1.70661723859;INDRE
LUBLE;47.5273559572, 0.255884396012;INDRE ET LOIR
ST ETIENNE;45.4301235512, 4.37913997076;LOIRE
SORIGNY;47.2310354675, 0.686650122405;INDRE ET LOIR
ALLAND HUY ET SAUSSEUIL;49.5119483771, 4.54919404707;ARDENNES
ST PAUL AUX BOIS;49.5443121228, 3.20260437248;AISNE
CROIX FONSOMME;49.9306761102, 3.39430326005;AISNE
STE FOY LA GRANDE;44.8408428381, 0.217540501109;GIRONDE
LACOMBE;43.4060884767, 2.24016063772;AUDE
NOMPATELIZE;48.3293457502, 6.85556075648;VOSGES
PUGNY CHATENOD;45.6923319762, 5.95516143969;SAVOIE
LAMOTHE;45.3149483053, 3.42693431019;HAUTE LOIRE
PLOUYE;48.3207546118, -3.73395205776;FINISTERE
BOOTZHEIM;48.1932692623, 7.58948440794;BAS RHIN
EPEIGNE SUR DEME;47.675476557, 0.617884266098;INDRE ET LOIR
STE MARIE EN CHANOIS;47.8381487494, 6.52006378078;HAUTE SAONE
COUTRAS;45.0390867207, -0.105373715279;GIRONDE
FLEURIEUX SUR L ARBRESLE;45.8393590284, 4.65229651357;RHONE
AURIONS IDERNES;43.53116782, -0.130770309579;PYRENEES ATLANTIQUES
DONZY LE PERTUIS;46.4479607517, 4.71724886753;SAONE ET LOIRE
OTTONVILLE;49.2161203101, 6.52231246205;MOSELLE
ST MAURICE DE BEYNOST;45.8343709108, 4.97726215174;AIN
FRANCHEVILLE;45.7378794318, 4.75508314041;RHONE
CULT;47.3144210178, 5.74365387087;HAUTE SAONE
ARC EN BARROIS;47.947611382, 5.02233277969;HAUTE MARNE
VENDOIRE;45.4123053163, 0.288800712815;DORDOGNE
COISE;45.6138333188, 4.46902321077;RHONE
GOIN;48.9875798423, 6.22300683385;MOSELLE
PRUNET;44.8227813134, 2.47531798605;CANTAL
THORIGNE D ANJOU;47.6350974159, -0.663556490698;MAINE ET LOIRE
MONTROND;46.7867874524, 5.84385490665;JURA
CHADRAC;45.0610194806, 3.90105321748;HAUTE LOIRE
VILLEPINTE;43.2808698633, 2.09551779472;AUDE
NEAU;48.1701789884, -0.474651575361;MAYENNE
ST MAIXENT L ECOLE;46.4128319027, -0.210238265156;DEUX SEVRES
ST MICAUD;46.6923867909, 4.52704929723;SAONE ET LOIRE
CHAVANOD;45.8844744691, 6.05040184575;HAUTE SAVOIE
BIERRE LES SEMUR;47.4224799453, 4.29555641395;COTE D OR
ST MARD LES ROUFFY;48.9537045244, 4.10363300278;MARNE
ST ROMAIN SUR CHER;47.318457927, 1.38640795013;LOIR ET CHER
LONGVILLERS;49.0464617085, -0.644154381572;CALVADOS
ST GINGOLPH;46.3882088835, 6.77810230849;HAUTE SAVOIE
MYENNES;47.4543629223, 2.94370342447;NIEVRE
MONTESSAUX;47.7375144324, 6.5647568741;HAUTE SAONE
LA CHAPELLE MONTBRANDEIX;45.6447907702, 0.853394327923;HAUTE VIENNE
ST GERVASY;43.8745230811, 4.46960919044;GARD
VAUDONCOURT;49.3164530998, 5.64496115253;MEUSE
QUIERZY;49.5641090409, 3.14613795931;AISNE
FONTAINE CHALENDRAY;45.9472253367, -0.176439795727;CHARENTE MARITIME
HUGLEVILLE EN CAUX;49.6236633392, 0.990120224832;SEINE MARITIME
BEUREY SUR SAULX;48.7566689617, 5.02891767706;MEUSE
ST AUBIN LE CLOUD;46.6572663301, -0.342791988653;DEUX SEVRES
GOUSSONVILLE;48.9235015144, 1.76677229339;YVELINES
GIVET;50.1424845969, 4.83512248031;ARDENNES
MIRIBEL;45.8442099203, 4.94106746787;AIN
VILLY EN TRODES;48.1969362165, 4.38937663411;AUBE
EPIEZ SUR MEUSE;48.5424602605, 5.62671048102;MEUSE
PEROLS SUR VEZERE;45.5751012606, 2.0039583591;CORREZE
QUAEDYPRE;50.9381093158, 2.46047387712;NORD
DROSNAY;48.5730970733, 4.61843085451;MARNE
ARRENTIERES;48.2679922026, 4.73910370169;AUBE
GROSBOIS LES TICHEY;47.0090636768, 5.2366823459;COTE D OR
COURNON;47.7490041075, -2.09816065532;MORBIHAN
LA BEZOLE;43.0291058072, 2.09555791235;AUDE
LIVRY GARGAN;48.9197633213, 2.53486592332;SEINE SAINT DENIS
LOUBIENG;43.4208530318, -0.756562747566;PYRENEES ATLANTIQUES
LAVARDIN;48.0837900789, 0.0628095880232;SARTHE
LE VERNET;46.1067527363, 3.47492140254;ALLIER
MORTEAU;47.063408704, 6.58305657113;DOUBS
TAJAN;43.1815736536, 0.451940506125;HAUTES PYRENEES
ARLET;45.1126240159, 3.41043296989;HAUTE LOIRE
BLANZAC LES MATHA;45.8719666521, -0.354451050762;CHARENTE MARITIME
FLOIRAC;44.9059208514, 1.67151833797;LOT
COURTETAIN ET SALANS;47.2598307803, 6.426501842;DOUBS
JALLANGES;46.9844079109, 5.17269015437;COTE D OR
BRIOUZE;48.7111600408, -0.377752655086;ORNE
MOLERE;43.0973035068, 0.300278702333;HAUTES PYRENEES
TARERACH;42.6850004554, 2.51090245856;PYRENEES ORIENTALES
EMERCHICOURT;50.3117441641, 3.25561088678;NORD
LAINSECQ;47.5486374956, 3.27963840045;YONNE
LE BUISSON;48.7556229579, 4.7516934988;MARNE
ESPIRAT;45.7531766214, 3.3349537305;PUY DE DOME
CALLENGEVILLE;49.8240856066, 1.52206018014;SEINE MARITIME
BARNAS;44.6689664287, 4.15925851766;ARDECHE
COS;42.9801592841, 1.56921939947;ARIEGE
MONTFORT EN CHALOSSE;43.7042977993, -0.836338362892;LANDES
SARDAN;43.8666268066, 4.03456687975;GARD
MEDILLAC;45.2160430243, 0.0140572392305;CHARENTE
LE BLANC;46.6346200347, 1.10013221164;INDRE
SIGOYER;44.3223711513, 5.96102816265;ALPES DE HAUTE PROVENCE
LE BIGNON;47.1004098153, -1.50942309254;LOIRE ATLANTIQUE
AUTEVIELLE ST MARTIN BIDEREN;43.3956392905, -0.977749738282;PYRENEES ATLANTIQUES
THENON;45.1324103618, 1.06369846915;DORDOGNE
MOUSSY VERNEUIL;49.4126815323, 3.63718132987;AISNE
COURPIGNAC;45.3142239112, -0.50021379321;CHARENTE MARITIME
PLAGNOLE;43.4114527316, 1.06388606316;HAUTE GARONNE
CROUSEILLES;43.5309932657, -0.0816458802012;PYRENEES ATLANTIQUES
CUSTINES;48.7893818613, 6.14616923168;MEURTHE ET MOSELLE
ESSERTINES EN CHATELNEUF;45.6183532974, 3.99924034774;LOIRE
URVILLE;48.1905034513, 5.74420469938;VOSGES
PALLADUC;45.908225301, 3.64219943697;PUY DE DOME
LAVANS LES ST CLAUDE;46.3901726307, 5.77719970471;JURA
MONTREUIL;46.3973419593, -0.840846860992;VENDEE
PREZ SOUS LAFAUCHE;48.2760804704, 5.50328753513;HAUTE MARNE
ROYE;47.6771506136, 6.5417073316;HAUTE SAONE
ST ROMAIN;46.2278846566, 0.380138967799;VIENNE
ST VINCENT DE BOISSET;46.0087202985, 4.11586749882;LOIRE
LA COURONNE;45.6096373338, 0.109121178707;CHARENTE
NOGARET;43.4925754832, 1.93375847468;HAUTE GARONNE
ST LOUP DE VARENNES;46.7239907998, 4.8521089943;SAONE ET LOIRE
CHALONNES SOUS LE LUDE;47.5572762686, 0.176064952548;MAINE ET LOIRE
LIVERDUN;48.7537166405, 6.05235397303;MEURTHE ET MOSELLE
GENOLHAC;44.3439338933, 3.95189024113;GARD
CHEZELLES;47.0666739706, 0.439662413548;INDRE ET LOIR
STE COLOMBE DES BOIS;47.3209444056, 3.15350066237;NIEVRE
LES MOUTIERS EN CINGLAIS;49.0231039076, -0.437703643826;CALVADOS
NASSIGNY;46.4978434905, 2.59440652102;ALLIER
NOUSSEVILLER ST NABOR;49.1292618087, 6.97126269237;MOSELLE
CONCORES;44.6672951054, 1.39090015895;LOT
LASCLAVERIES;43.4339584385, -0.291563063654;PYRENEES ATLANTIQUES
ST BRICE SOUS RANES;48.6784450821, -0.19335744417;ORNE
BLANZY;46.7042568403, 4.39315980341;SAONE ET LOIRE
TORCY LE GRAND;48.5234326195, 4.16799145735;AUBE
CATHERVIELLE;42.8234692001, 0.507545845496;HAUTE GARONNE
GORREVOD;46.414943437, 4.95120595427;AIN
CHANVILLE;49.0421866813, 6.43895041652;MOSELLE
SUZANNECOURT;48.4423356345, 5.18183107876;HAUTE MARNE
DOURBIES;44.0634660378, 3.4803051398;GARD
ST PARDOUX LA CROISILLE;45.2494070918, 1.96891800713;CORREZE
DONGES;47.3392097617, -2.0741602335;LOIRE ATLANTIQUE
MIERS;44.8603418758, 1.70422523019;LOT
CANCHY;49.3308597284, -0.984893554822;CALVADOS
ARGAGNON;43.4617440342, -0.676305200735;PYRENEES ATLANTIQUES
DAME MARIE;48.3547234316, 0.618155918935;ORNE
ARGENTEUIL;48.9511344629, 2.2410409502;VAL D OISE
MARUEJOLS LES GARDON;44.0058651478, 4.13598207367;GARD
ST PIERRE DE VARENNES;46.84711079, 4.5090273934;SAONE ET LOIRE
UXEAU;46.6565301063, 4.04556319316;SAONE ET LOIRE
JURY;49.0729756124, 6.25660660705;MOSELLE
CHATEAUNEUF SUR CHER;46.8663441588, 2.34034434393;CHER
NIEDERNAI;48.4456110275, 7.53064650952;BAS RHIN
CAEN;49.1847936737, -0.369801713036;CALVADOS
BANS;46.9829169242, 5.58184356707;JURA
LONGECHENAL;45.4228948785, 5.3603298976;ISERE
ST PIERRE D AMILLY;46.1753767073, -0.698370030473;CHARENTE MARITIME
SABAILLAN;43.4421078031, 0.811963584159;GERS
TORPES;47.1724802997, 5.88041302138;DOUBS
CONTREGLISE;47.8413661613, 6.02951411465;HAUTE SAONE
SUZY;49.556451044, 3.46091896853;AISNE
BEZANGE LA GRANDE;48.747640463, 6.47273971333;MEURTHE ET MOSELLE
MIANNAY;50.0958685201, 1.71810274117;SOMME
RITTERSHOFFEN;48.892173968, 7.97014656337;BAS RHIN
MONASSUT AUDIRACQ;43.4131575035, -0.203083854292;PYRENEES ATLANTIQUES
LAURET;43.5638042916, -0.328125320173;LANDES
AVIGNON;43.9352448339, 4.84071572505;VAUCLUSE
PLEVENON;48.6575564031, -2.32020473916;COTES D ARMOR
ST GEORGES SUR LOIRE;47.4024678993, -0.756078071904;MAINE ET LOIRE
CHERISY;50.233594509, 2.91299322756;PAS DE CALAIS
CARNAC ROUFFIAC;44.4171586039, 1.22177505149;LOT
FRANCAY;47.6178643296, 1.10778289349;LOIR ET CHER
SEPPOIS LE HAUT;47.5306368424, 7.189321425;HAUT RHIN
DELUZ;47.2971963372, 6.19334216229;DOUBS
VILLENAVE;43.965937453, -0.822038920542;LANDES
PIERREFITTE EN BEAUVAISIS;49.4736179476, 1.97936624141;OISE
TOUZAC;45.5386944095, -0.149448377532;CHARENTE
COMMENAILLES;46.8055925733, 5.43718044801;JURA
MURET LE CHATEAU;44.4957128112, 2.57147635051;AVEYRON
ST GERVAIS DU PERRON;48.5368344624, 0.150158348014;ORNE
CHARLEVILLE SOUS BOIS;49.1959515116, 6.4063041025;MOSELLE
ST MARS DE COUTAIS;47.0798520838, -1.75208948345;LOIRE ATLANTIQUE
NERVILLE LA FORET;49.0903513665, 2.27625010335;VAL D OISE
DRUBEC;49.2496863496, 0.104043882828;CALVADOS
MONTOLDRE;46.3375770064, 3.45102443628;ALLIER
PULVERSHEIM;47.8417545163, 7.29938600329;HAUT RHIN
MILLERY;47.5135595984, 4.31750870868;COTE D OR
LARROQUE;43.3134878152, 0.487635169542;HAUTES PYRENEES
EPERNON;48.5941135535, 1.68537156703;EURE ET LOIR
AUZANCES;46.0263051505, 2.50665292923;CREUSE
BAR SUR AUBE;48.2339751025, 4.71595700167;AUBE
ARDIN;46.4816783917, -0.55505132274;DEUX SEVRES
LAUSSOU;44.576580457, 0.779457385145;LOT ET GARONNE
ANCRETIEVILLE ST VICTOR;49.6545166114, 0.967454665493;SEINE MARITIME
ST PARDOUX;46.0543225356, 3.00502990654;PUY DE DOME
SAIVRES;46.4370891679, -0.233108202857;DEUX SEVRES
GUILLERVAL;48.368305642, 2.07601234971;ESSONNE
MARIEUX;50.1008204397, 2.44635415913;SOMME
BEZENET;46.3323101362, 2.84939307523;ALLIER
FREIGNE;47.5362195118, -1.10598728403;MAINE ET LOIRE
CESNY BOIS HALBOUT;48.9853267914, -0.394469235831;CALVADOS
ETH;50.3253571369, 3.66687653832;NORD
COUTURE D ARGENSON;45.9956854391, -0.0844691973496;DEUX SEVRES
VAVRAY LE PETIT;48.8075522088, 4.7160526865;MARNE
BINDERNHEIM;48.2870316499, 7.61448549663;BAS RHIN
NUAILLE D AUNIS;46.2376314923, -0.92874328241;CHARENTE MARITIME
PORT LAUNAY;48.2176622722, -4.08308169881;FINISTERE
ESCLAUZELS;44.4322856045, 1.59801365045;LOT
HANVEC;48.330060559, -4.13907964389;FINISTERE
TULLE;45.2731516999, 1.76313875655;CORREZE
FOSSE;49.4497857688, 5.00506242697;ARDENNES
NESPOULS;45.0563342157, 1.50252648148;CORREZE
FOURNEAUX;45.1790051314, 6.63768399812;SAVOIE
SORE;44.3064675641, -0.611382672476;LANDES
FORGES LES EAUX;49.6117853364, 1.53278752911;SEINE MARITIME
VARCES ALLIERES ET RISSET;45.0908638366, 5.67685585853;ISERE
LA FERTE IMBAULT;47.4015726244, 1.95894695638;LOIR ET CHER
MEYRIEU LES ETANGS;45.5155327339, 5.19856670609;ISERE
NABAS;43.3317101736, -0.888663049804;PYRENEES ATLANTIQUES
MARBOZ;46.3434312497, 5.24374534963;AIN
ABBANS DESSUS;47.1269966057, 5.88626408283;DOUBS
VILLEDOUX;46.2434012234, -1.07321328867;CHARENTE MARITIME
ERGUE GABERIC;48.0120306692, -4.0074505723;FINISTERE
ST AVIT RIVIERE;44.7401593829, 0.906593699917;DORDOGNE
ST MICHEL DE LAPUJADE;44.587647568, 0.0785219724491;GIRONDE
MORIVILLER;48.4809875123, 6.44040977493;MEURTHE ET MOSELLE
CREMPIGNY BONNEGUETE;45.9467841367, 5.90312519314;HAUTE SAVOIE
SEGUR LE CHATEAU;45.427657429, 1.30428297034;CORREZE
LOURES BAROUSSE;43.0272522696, 0.603543320181;HAUTES PYRENEES
CASTELNAU D AUZAN LABARRERE;43.9434923568, 0.10186302495;GERS
DROUE;48.0341247129, 1.06588244097;LOIR ET CHER
MESLAN;47.9879241099, -3.44802769432;MORBIHAN
ASSENONCOURT;48.7664604694, 6.79955530067;MOSELLE
SEGUR LES VILLAS;45.2080545733, 2.82298394403;CANTAL
ST MAURICE SUR ADOUR;43.7918644129, -0.466687909034;LANDES
CAILLOUX SUR FONTAINES;45.8603404776, 4.88370094201;RHONE
BLAN;43.5195201544, 2.02369927552;TARN
MONES;43.4181669738, 1.03320759;HAUTE GARONNE
NEUVILLE SUR ORNAIN;48.8215154399, 5.0508300311;MEUSE
GROUCHES LUCHUEL;50.1821528022, 2.38075340423;SOMME
RUOMS;44.4479030757, 4.34786189328;ARDECHE
BEDOUES COCURES;44.3539456684, 3.61955972065;LOZERE
FONTRAILLES;43.3424585482, 0.368909254988;HAUTES PYRENEES
ST REMY;45.6543418115, 2.27375449222;CORREZE
BERCENAY LE HAYER;48.3318095412, 3.58999948378;AUBE
LECT;46.3941077641, 5.67259916552;JURA
ST ELOI;46.9901181067, 3.22198605099;NIEVRE
ST ANDRE DES EAUX;47.3234376088, -2.31269060612;LOIRE ATLANTIQUE
RECHICOURT LA PETITE;48.717997142, 6.58235675457;MEURTHE ET MOSELLE
ST OUEN DE PONTCHEUIL;49.2347786793, 0.950431640532;EURE
L ECHELLE;49.8052823927, 4.48398953543;ARDENNES
SARNIGUET;43.3191202591, 0.0882106064948;HAUTES PYRENEES
SASSIERGES ST GERMAIN;46.7550023432, 1.89054741912;INDRE
RIBOUISSE;43.1712295534, 1.90430739678;AUDE
LINDRY;47.8006537092, 3.4288280044;YONNE
HOUDELAINCOURT;48.5516999115, 5.45666519241;MEUSE
RIVARENNES;47.2512605554, 0.362365468313;INDRE ET LOIR
LIVET SUR AUTHOU;49.2288510022, 0.654737767065;EURE
SENIERGUES;44.714653063, 1.560844102;LOT
ALBON;45.2388897722, 4.86235251807;DROME
CHANAC;44.4502200567, 3.34457977647;LOZERE
POUSSAN;43.4938682747, 3.66060526328;HERAULT
VILLEFRANCON;47.4129035904, 5.74249429132;HAUTE SAONE
CORMOZ;46.4336632942, 5.22181275755;AIN
RIVARENNES;46.6136609061, 1.37923363708;INDRE
NEAUFLES AUVERGNY;48.8743528336, 0.74447514343;EURE
ST PE D ARDET;42.9860697615, 0.679972122876;HAUTE GARONNE
BOURRET;43.9436352242, 1.15609472542;TARN ET GARONNE
CHOCQUES;50.5404138209, 2.56222999188;PAS DE CALAIS
PECHAUDIER;43.5445327743, 1.94651910659;TARN
BUSTINCE IRIBERRY;43.1873136505, -1.18469156817;PYRENEES ATLANTIQUES
VICQ;46.1471274068, 3.09596954152;ALLIER
CUISLES;49.1303077225, 3.77691947684;MARNE
ROQUEFEUIL;42.8466988532, 1.99530342832;AUDE
FEUQUIERES EN VIMEU;50.0586890132, 1.60286717803;SOMME
BORD ST GEORGES;46.2516533293, 2.28716245928;CREUSE
AYDIE;43.5707613227, -0.113447741678;PYRENEES ATLANTIQUES
CHAUNY;49.619880673, 3.21875355041;AISNE
ST MEARD DE GURCON;44.9112714239, 0.177925010262;DORDOGNE
SOUFFRIGNAC;45.5866525328, 0.498091026273;CHARENTE
EVRES;48.9823527638, 5.1255521249;MEUSE
CHARLIEU;46.166320434, 4.17407848439;LOIRE
GRAIGNES MESNIL ANGOT;49.2380106991, -1.20015194304;MANCHE
LA ROUVIERE;43.9199042762, 4.24092022842;GARD
SOMMANT;47.0533646393, 4.20964551396;SAONE ET LOIRE
SALEUX;49.8620778346, 2.21887634143;SOMME
PEYMEINADE;43.6305294544, 6.88166520884;ALPES MARITIMES
REBREUVIETTE;50.2575030027, 2.3638974015;PAS DE CALAIS
ST MICHEL LABADIE;44.0067895923, 2.42805040105;TARN
ST BARTHELEMY;48.6842500413, -0.950654669015;MANCHE
BEAURONNE;45.1003503966, 0.363141785914;DORDOGNE
LOIRE LES MARAIS;45.9927474473, -0.927468396271;CHARENTE MARITIME
LACENAS;45.986314587, 4.64749345552;RHONE
ISSENDOLUS;44.7387423552, 1.77955688281;LOT
OISY LE VERGER;50.2504114011, 3.12224592091;PAS DE CALAIS
ST BARTHELEMY;43.5201160694, -1.33110280888;LANDES
LIGNIERES SONNEVILLE;45.5660291672, -0.185136397799;CHARENTE
MOUXY;45.6795438416, 5.94799104168;SAVOIE
LE PLESSIS PATTE D OIE;49.6838619137, 3.06584033346;OISE
TOGNY AUX BOEUFS;48.8465790978, 4.42100509871;MARNE
BOIS D ARCY;48.8044185716, 2.01911294303;YVELINES
ST JEAN D ARDIERES;46.1270163797, 4.72219308287;RHONE
LA VINEUSE;46.4606978689, 4.60125621922;SAONE ET LOIRE
ROCE;47.8136847101, 1.14871194274;LOIR ET CHER
GOUPILLIERES;49.5835705579, 0.983266769608;SEINE MARITIME
ST PIERRE LE BOST;46.3965019066, 2.26230447209;CREUSE
AMILLY;48.4423011417, 1.40659215552;EURE ET LOIR
ST DIDIER;47.3168067442, 4.17339058953;COTE D OR
BUHL;48.9172713817, 8.01562633252;BAS RHIN
SAGELAT;44.7848099741, 1.02305020725;DORDOGNE
DOISSIN;45.5015004907, 5.42840010455;ISERE
BRION;46.1686327301, 5.54656422194;AIN
JANZE;47.9428950804, -1.50038718382;ILE ET VILAINE
PARIS 15;48.8401554186, 2.29355937244;PARIS
MASSY;48.7277896426, 2.27513131903;ESSONNE
CHANTELOUP;48.8929574359, -1.4825906848;MANCHE
RILHAC RANCON;45.9077850023, 1.33257526084;HAUTE VIENNE
PERRIGNY SUR L OGNON;47.3052827359, 5.4638499105;COTE D OR
ST LAURENT D AIGOUZE;43.5704667383, 4.24257576884;GARD
ST PIERRE DE LAGES;43.5681959478, 1.62684494584;HAUTE GARONNE
LANCON;49.2748052641, 4.88800053643;ARDENNES
POMACLE;49.3365316045, 4.14756415081;MARNE
TREBEURDEN;48.7707775944, -3.55769238632;COTES D ARMOR
VILLIERS EN PLAINE;46.4150506685, -0.536890888981;DEUX SEVRES
MOLESMES;47.6074096657, 3.45720095368;YONNE
FERRIERE LA GRANDE;50.2456386476, 3.99089727257;NORD
ORIST;43.6383171694, -1.17398532413;LANDES
MONTAIMONT;45.3743025025, 6.36455124986;SAVOIE
BRUNELLES;48.3251844262, 0.912576880083;EURE ET LOIR
LYS HAUT LAYON;47.1373301524, -0.559450064005;MAINE ET LOIRE
SOLGNE;48.9686599172, 6.29890596956;MOSELLE
BRUERE ALLICHAMPS;46.7757107356, 2.42892835888;CHER
ST SULPICE DE RUFFEC;45.9372570852, 0.318948540786;CHARENTE
ST LUBIN EN VERGONNOIS;47.6173686118, 1.2119692197;LOIR ET CHER
MEZERIAT;46.2423102101, 5.04725416984;AIN
CIVRAY;46.1412232275, 0.300987364675;VIENNE
CHABOURNAY;46.7196688259, 0.269258187544;VIENNE
BLAESHEIM;48.5022035714, 7.60873399472;BAS RHIN
MONTCHABOUD;45.0928956374, 5.76098049287;ISERE
CARCARES STE CROIX;43.8551538602, -0.755745605984;LANDES
HERENGUERVILLE;48.9748474749, -1.50155321395;MANCHE
NIXEVILLE BLERCOURT;49.1118913184, 5.26188176234;MEUSE
COMPEYRE;44.175783777, 3.10274106819;AVEYRON
MARSEILLAN;43.4888848477, 0.312582151294;GERS
MALEGOUDE;43.1120592505, 1.93343728109;ARIEGE
BILLY MONTIGNY;50.4151791054, 2.90828984537;PAS DE CALAIS
MIGENNES;47.9751844211, 3.53087221846;YONNE
COUFFOULENS;43.1550733435, 2.30512897888;AUDE
CHERVEY;48.1347612309, 4.49011321758;AUBE
ESPALY ST MARCEL;45.0463892072, 3.85796806236;HAUTE LOIRE
SUZANNE;49.5196448821, 4.63904554401;ARDENNES
VILLEPOT;47.7700054749, -1.28499992375;LOIRE ATLANTIQUE
ST HELEN;48.4661154661, -1.95919641216;COTES D ARMOR
GRAFFIGNY CHEMIN;48.1692808867, 5.64603738902;HAUTE MARNE
ISTRES;43.5502689105, 4.9511813524;BOUCHES DU RHONE
DAVAYE;46.3037816172, 4.74869737883;SAONE ET LOIRE
VIGNEUL SOUS MONTMEDY;49.5081292429, 5.32876869093;MEUSE
MERLES;44.0647889391, 0.966661565341;TARN ET GARONNE
STE CROIX;43.9703149708, 2.07210937838;TARN
ORMES;49.237845443, 3.95766278556;MARNE
LAVANNES;49.3106590076, 4.18731846893;MARNE
LERY;47.5563340151, 4.84629917449;COTE D OR
JUVIGNY;49.44857677, 3.31533781107;AISNE
MEILLANT;46.7812952674, 2.5067896851;CHER
BROUSSE;45.9721485733, 2.45298546881;CREUSE
MONTHUREUX SUR SAONE;48.0275487639, 5.96711970702;VOSGES
ST MAMERT;46.2470018204, 4.57103908302;RHONE
BRETIGNEY NOTRE DAME;47.309289583, 6.30363374981;DOUBS
NEUVECELLE;46.3921186949, 6.60933233238;HAUTE SAVOIE
FRESNES EN SAULNOIS;48.8388411221, 6.4401167651;MOSELLE
ST LAURENT D OLT;44.4481544099, 3.10140451864;AVEYRON
HERES;43.5504327216, -0.00223724418856;HAUTES PYRENEES
VERT;48.9403014358, 1.68320274306;YVELINES
BIONVILLE SUR NIED;49.1118093676, 6.47964260905;MOSELLE
PLAINES ST LANGE;47.9974095194, 4.47394656864;AUBE
RANCOURT SUR ORNAIN;48.8201062551, 4.91562191671;MEUSE
CHENOU;48.1650303616, 2.65274445287;SEINE ET MARNE
PAULINET;43.8471083699, 2.43945006878;TARN
BRAYE SUR MAULNE;47.5595510879, 0.260858809315;INDRE ET LOIR
MONIEUX;44.0568668171, 5.34149223081;VAUCLUSE
LES TOUCHES;47.4523563976, -1.42756883238;LOIRE ATLANTIQUE
BEAUVILLE;43.4675844934, 1.7707274596;HAUTE GARONNE
MONTHELON;46.9594714287, 4.22119599878;SAONE ET LOIRE
AZERAT;45.353475703, 3.3990093293;HAUTE LOIRE
CARRIERES SOUS POISSY;48.9455638989, 2.02913706544;YVELINES
BIEFMORIN;46.9030690106, 5.52936210858;JURA
CEAUX D ALLEGRE;45.1831789556, 3.7598519485;HAUTE LOIRE
QUILLY;47.4618178033, -1.9408388462;LOIRE ATLANTIQUE
CARSIX;49.1414433173, 0.67425797738;EURE
ST CHRISTOPHE SUR AVRE;48.6988286398, 0.805102409427;EURE
ESQUEHERIES;49.9822300914, 3.75309920982;AISNE
VITTONVILLE;48.9707772906, 6.05981349899;MEURTHE ET MOSELLE
PROUVILLE;50.1557396605, 2.12945547037;SOMME
MALLEREY;46.6290480726, 5.44743754408;JURA
LYOFFANS;47.6439821096, 6.5885519049;HAUTE SAONE
ARPAILLARGUES ET AUREILLAC;43.9996930612, 4.36386339286;GARD
SERGINES;48.3455899887, 3.2506084741;YONNE
FAY;48.0006116609, 0.0719177436046;SARTHE
CHARS;49.1576020656, 1.93153133198;VAL D OISE
STE GEMMES LE ROBERT;48.2045535141, -0.373170787282;MAYENNE
FRANQUEVILLE;49.8164125588, 3.79770261738;AISNE
CHOREY LES BEAUNE;47.0494684617, 4.86962267371;COTE D OR
BELLENGREVILLE;49.9107866159, 1.22780682049;SEINE MARITIME
LE FIEU;45.0551327657, -0.0359458641255;GIRONDE
LYON 02;45.7492560394, 4.82617032549;RHONE
ANGERVILLE LA MARTEL;49.7681060505, 0.501685271986;SEINE MARITIME
ST JEAN DE LA MOTTE;47.7580584214, 0.0554184806948;SARTHE
DOMESSIN;45.5371179998, 5.70221062208;SAVOIE
ST SOLVE;45.3063549675, 1.403519902;CORREZE
RACQUINGHEM;50.6951552372, 2.36039554568;PAS DE CALAIS
VANDRIMARE;49.3827490868, 1.35158602965;EURE
VALOREILLE;47.2938610141, 6.74127046044;DOUBS
HAUTEFEUILLE;48.7665435966, 2.96358737497;SEINE ET MARNE
COMMERVEIL;48.3141987198, 0.35431330998;SARTHE
BIEUJAC;44.5383649764, -0.154398483279;GIRONDE
LA LONDE;49.323828876, 0.920341905232;SEINE MARITIME
HERBIGNAC;47.4472411995, -2.31338629512;LOIRE ATLANTIQUE
MARSANNAY LE BOIS;47.4402798544, 5.09615121255;COTE D OR
BOISTRUDAN;47.9757827279, -1.39686798859;ILE ET VILAINE
LE MESNIL LIEUBRAY;49.5155150214, 1.50750794414;SEINE MARITIME
OBERSTINZEL;48.7917214165, 7.03623655137;MOSELLE
LAMARQUE;45.0938248209, -0.711211655735;GIRONDE
AURIBAIL;43.3464885877, 1.37524698634;HAUTE GARONNE
CALIGNY;48.8071056766, -0.603648177007;ORNE
BELLEVILLE EN CAUX;49.7043949749, 0.988901362095;SEINE MARITIME
CAUBON ST SAUVEUR;44.5927480005, 0.184135065483;LOT ET GARONNE
NANS;47.4763314915, 6.41042032823;DOUBS
DOUILLY;49.7969167916, 3.05834813816;SOMME
TALON;47.3349431775, 3.55610298077;NIEVRE
LICOURT;49.8252640948, 2.90244225748;SOMME
MONTPONT EN BRESSE;46.541562777, 5.17433501769;SAONE ET LOIRE
RILLE;47.4462265152, 0.218922496183;INDRE ET LOIR
PRESSIGNY;46.7517058478, -0.0845157139309;DEUX SEVRES
ST LEGER DU VENTOUX;44.2059476763, 5.27072625011;VAUCLUSE
LE SEL DE BRETAGNE;47.8978195482, -1.60609578245;ILE ET VILAINE
SAULTAIN;50.335080255, 3.58004167583;NORD
MEVOISINS;48.5527925971, 1.59900194364;EURE ET LOIR
SAUVETERRE;44.0168058845, 4.80890320388;GARD
LE TEMPLE SUR LOT;44.3754139489, 0.525660139927;LOT ET GARONNE
POISSON;46.3808508262, 4.13353930479;SAONE ET LOIRE
ROUVRES;49.0637945293, 2.71838722882;SEINE ET MARNE
CHEMILLY SUR SEREIN;47.7679851847, 3.85758757534;YONNE
ARZENS;43.2008547509, 2.20537916173;AUDE
VAUCHAMPS;48.8809936566, 3.62624789917;MARNE
ST HILAIRE CUSSON LA VALMITTE;45.3679237574, 4.05975538069;LOIRE
CLUSES;46.0631088613, 6.57892080059;HAUTE SAVOIE
VALCANVILLE;49.648017352, -1.32179306363;MANCHE
ROSIS;43.6281696619, 2.99215452371;HERAULT
VILLIE MORGON;46.1597734434, 4.67110459009;RHONE
CHANTEMERLE SUR LA SOIE;45.9732176097, -0.644264493345;CHARENTE MARITIME
GOUY SOUS BELLONNE;50.3145124236, 3.05826904717;PAS DE CALAIS
LAURAET;43.923512949, 0.256724176995;GERS
LANDEDA;48.5889449364, -4.57696807959;FINISTERE
HEIDOLSHEIM;48.2041501521, 7.51093457658;BAS RHIN
MANNEVILLETTE;49.5956720647, 0.175390225182;SEINE MARITIME
SUZE;44.7580022895, 5.10621589285;DROME
THEZAC;45.6764768852, -0.789153508281;CHARENTE MARITIME
BALLEVILLE;48.3345074129, 5.84687687585;VOSGES
WASSERBOURG;47.9974106564, 7.1537562966;HAUT RHIN
TERTRY;49.8596732024, 3.07111098486;SOMME
BERENX;43.4932804178, -0.867524783512;PYRENEES ATLANTIQUES
ST EUTROPE DE BORN;44.5780901973, 0.708453980649;LOT ET GARONNE
GENEREST;43.025453129, 0.516625299091;HAUTES PYRENEES
PANZOULT;47.1645476117, 0.407008827504;INDRE ET LOIR
LA CELLE CONDE;46.7891133076, 2.176621696;CHER
LANDIVISIAU;48.5160095172, -4.06130712731;FINISTERE
RILLY SUR LOIRE;47.4587549693, 1.14496206826;LOIR ET CHER
BLANDAINVILLE;48.3153780498, 1.29204429237;EURE ET LOIR
ST CLAIR SUR L ELLE;49.1851844677, -1.04046067538;MANCHE
ARGUEL;49.8765831654, 1.80743667237;SOMME
NEUVY;46.5712518334, 3.28275338591;ALLIER
LUGAN;43.7330225833, 1.71750529961;TARN
CULOZ;45.8559966843, 5.78398308932;AIN
MONTHAUT;43.0818910359, 2.05925585786;AUDE
COMMENSACQ;44.2128891183, -0.830607602619;LANDES
HUSSEREN WESSERLING;47.8799580401, 6.98624722904;HAUT RHIN
BOISSEAU;47.7736389694, 1.30617122072;LOIR ET CHER
FOX AMPHOUX;43.5955417496, 6.10909327573;VAR
MAUVEZIN;43.3839989782, 0.920647647087;HAUTE GARONNE
PEINTRE;47.1980003971, 5.47297179075;JURA
LA TOUCHE;44.5183828304, 4.8861428282;DROME
ST PAUL EN PAREDS;46.8303789022, -0.964515191283;VENDEE
FORMIGUERES;42.6209968401, 2.05402456557;PYRENEES ORIENTALES
ST CYR LA LANDE;47.0506321675, -0.150283399563;DEUX SEVRES
BRASSAC;42.9322144767, 1.51243170827;ARIEGE
MONTHARVILLE;48.1768570171, 1.32504860803;EURE ET LOIR
ARZAY;45.4323485765, 5.16764986785;ISERE
ST PIERRE COLAMINE;45.5143028753, 2.97474204258;PUY DE DOME
MONTFA;43.7002321561, 2.22942914563;TARN
ESCRENNES;48.1364055687, 2.18433088094;LOIRET
RISTOLAS;44.7358493135, 6.99202108042;HAUTES ALPES
MESNAY;46.8999786113, 5.81905626698;JURA
BESANCON;47.2553872249, 6.01948696494;DOUBS
VAUBECOURT;48.9422008662, 5.10692416585;MEUSE
BLOND;46.0535299547, 1.01712916686;HAUTE VIENNE
CONTOIRE;49.7265282008, 2.5554571775;SOMME
MENIL SUR SAULX;48.6206443104, 5.20630539586;MEUSE
DOUDELAINVILLE;50.000881757, 1.76404331717;SOMME
TILQUES;50.7728122391, 2.20152463188;PAS DE CALAIS
BONNEVEAU;47.8126485369, 0.760225315658;LOIR ET CHER
PALLUAU SUR INDRE;46.9503340872, 1.30699854717;INDRE
CHAVANOZ;45.7688834941, 5.17259586722;ISERE
AMECOURT;49.3767401093, 1.7332985708;EURE
VILLERS LE SEC;49.7711456702, 3.50490696746;AISNE
LE PIN LA GARENNE;48.4445657379, 0.544883378197;ORNE
LA BASTIDE;43.7479175346, 6.63264027806;VAR
COURGIS;47.7766945271, 3.74350328185;YONNE
POILLEY;48.4663238804, -1.25699060086;ILE ET VILAINE
MONTELEGER;44.8558469973, 4.92784684928;DROME
CHAUVIGNE;48.3766708439, -1.45244219408;ILE ET VILAINE
FAU DE PEYRE;44.7389442204, 3.21015921593;LOZERE
SIVRY COURTRY;48.530887524, 2.75615007071;SEINE ET MARNE
RANCES;48.4620840236, 4.55442425435;AUBE
DESTRY;48.9455841112, 6.58479529339;MOSELLE
NEUFMOULIN;50.1259221155, 1.90411559501;SOMME
SAUZELLES;46.6542476574, 0.985473920463;INDRE
LE TOUR DU PARC;47.5293514837, -2.6538249578;MORBIHAN
JEURRE;46.3689937737, 5.70478472529;JURA
CHEZELLE;46.2129757558, 3.11154820906;ALLIER
ESCATALENS;43.9817694616, 1.19368002494;TARN ET GARONNE
NIEDERHERGHEIM;47.9897040567, 7.38918456659;HAUT RHIN
SEUILLET;46.2045684264, 3.46787844535;ALLIER
FONTENOY LE CHATEAU;47.9788627789, 6.20625008119;VOSGES
VIUZ LA CHIESAZ;45.8113073621, 6.07554631236;HAUTE SAVOIE
IVERNY;48.9962439672, 2.79088918596;SEINE ET MARNE
LANGRUNE SUR MER;49.3129812752, -0.378266023421;CALVADOS
ST PIERRE;48.9405334413, 4.24555140178;MARNE
ST AUBIN DE MEDOC;44.9333497941, -0.748518197327;GIRONDE
BARVILLE;48.4725873445, 0.346572085133;ORNE
BEAUMONT EN VERDUNOIS;49.262130283, 5.40982097485;MEUSE
BETIGNICOURT;48.4499267207, 4.45503670756;AUBE
SAVENNIERES;47.405865718, -0.667155831696;MAINE ET LOIRE
CAPAVENIR VOSGES;48.2495514114, 6.40863836497;VOSGES
LABERLIERE;49.57515956, 2.76304639278;OISE
PACE;48.4457253693, -0.00548884652011;ORNE
BAZOCHES LES HAUTES;48.159923395, 1.82026354206;EURE ET LOIR
MONNEVILLE;49.2123743231, 1.97064890593;OISE
DORNECY;47.4426675206, 3.58969747383;NIEVRE
PARAY SOUS BRIAILLES;46.2903733952, 3.36980984118;ALLIER
LANTIC;48.6040161525, -2.89860242151;COTES D ARMOR
ST MAUGAN;48.1367408206, -2.10234592553;ILE ET VILAINE
THESY;46.9050803544, 5.92892150176;JURA
VILLERS LES MANGIENNES;49.3574782476, 5.50300806274;MEUSE
CHENEREILLES;45.4862625628, 4.08984378023;LOIRE
CHAON;47.6121257976, 2.162800504;LOIR ET CHER
LADERN SUR LAUQUET;43.1012521113, 2.3863195178;AUDE
TOURNEBU;48.9633348663, -0.326299876801;CALVADOS
OSSE EN ASPE;43.0104152948, -0.669602106566;PYRENEES ATLANTIQUES
NESTIER;43.0596221545, 0.478343318065;HAUTES PYRENEES
PLOUAY;47.9270557389, -3.33743884173;MORBIHAN
ARMENTIERES SUR AVRE;48.6804230358, 0.805130428787;EURE
BEAURAINS LES NOYON;49.6065980784, 2.9753206205;OISE
BEZIERS;43.3475883319, 3.23076754164;HERAULT
PIERREVILLE;48.5485746268, 6.11074927639;MEURTHE ET MOSELLE
MONTGAILLARD;43.9301148287, 0.878320223678;TARN ET GARONNE
VIEUX LES ASFELD;49.4510393454, 4.10610399621;ARDENNES
BIZENEUILLE;46.4015746011, 2.73071658216;ALLIER
LE SAULCHOY;49.6307458971, 2.13635146653;OISE
STE FLAIVE DES LOUPS;46.611019489, -1.58031627863;VENDEE
AIGNES ET PUYPEROUX;45.4499477283, 0.139490170805;CHARENTE
SEIX;42.8178331497, 1.14814568291;ARIEGE
PRE EN PAIL ST SAMSON;48.4470393586, -0.196704985828;MAYENNE
GOUX LES DAMBELIN;47.3975712606, 6.67771122183;DOUBS
BOULC;44.6379699146, 5.58442914276;DROME
ST AUBIN DES BOIS;48.8324042173, -1.1311665271;CALVADOS
LES CAMMAZES;43.4110858173, 2.07834620707;TARN
ST VICTOR DE CHRETIENVILLE;49.0634247621, 0.513495017507;EURE
CALUIRE ET CUIRE;45.7974053648, 4.85124857101;RHONE
MARZENS;43.6542488768, 1.84294854921;TARN
FELLETIN;45.889520976, 2.18271124708;CREUSE
L HABIT;48.8748495048, 1.34772656122;EURE
ST BENOIT;46.5486469496, 0.352443691442;VIENNE
GIMECOURT;48.8493284173, 5.37522923437;MEUSE
VOUGY;46.066690083, 6.48527967486;HAUTE SAVOIE
CUSSEY LES FORGES;47.6376201743, 5.0838274211;COTE D OR
CUSSAC SUR LOIRE;44.9849156994, 3.87473452853;HAUTE LOIRE
SAASENHEIM;48.239955028, 7.62929125209;BAS RHIN
ECKWERSHEIM;48.6852852896, 7.69634796304;BAS RHIN
FEUGUEROLLES;49.1317754002, 1.03389011854;EURE
FLEVILLE DEVANT NANCY;48.629778591, 6.20386362626;MEURTHE ET MOSELLE
BULGNEVILLE;48.2103923658, 5.84105562447;VOSGES
LE FOEIL;48.4178424268, -2.91449094191;COTES D ARMOR
PUSSIGNY;46.9896027807, 0.54864410398;INDRE ET LOIR
ST JUST EN CHEVALET;45.9235907262, 3.84329480251;LOIRE
LEGUILLAC DE CERCLES;45.3875065059, 0.519215706618;DORDOGNE
MUIDS;49.2265789248, 1.28569054904;EURE
SUNDHOFFEN;48.0428411663, 7.42194556181;HAUT RHIN
COURTESOULT ET GATEY;47.6090292846, 5.61236110183;HAUTE SAONE
GUEPREI;48.8356279545, -0.0153255535915;ORNE
LA CHAPELLE GRESIGNAC;45.3896352806, 0.339347115652;DORDOGNE
VILLEY LE SEC;48.6576126839, 5.97596975592;MEURTHE ET MOSELLE
AMBEYRAC;44.4943534957, 1.9357162857;AVEYRON
FONTIES D AUDE;43.1874440297, 2.45756099074;AUDE
LES PIEUX;49.5103059572, -1.82036292827;MANCHE
CHAUDENAY;47.8217167742, 5.50082172465;HAUTE MARNE
PRECEY;48.6057042474, -1.37641793764;MANCHE
MERIAL;42.7713628009, 1.96356419202;AUDE
DIMONT;50.1830406458, 4.02228377235;NORD
FERRERE;42.9209922116, 0.499588049287;HAUTES PYRENEES
JUVRECOURT;48.7407750765, 6.56048529163;MEURTHE ET MOSELLE
BOUT DU PONT DE LARN;43.5015583238, 2.42981143239;TARN
ST ANDRE DE MAJENCOULES;44.0274774754, 3.67645577466;GARD
STE FOY LA LONGUE;44.615535673, -0.142468985592;GIRONDE
ST ANTOINE DE BREUILH;44.8413756885, 0.144778277474;DORDOGNE
ARTZENHEIM;48.1150139228, 7.54242627283;HAUT RHIN
ROHRBACH LES BITCHE;49.0408635757, 7.27733357043;MOSELLE
MARSEILLE 04;43.306733355, 5.40087488752;BOUCHES DU RHONE
VENDELLES;49.9078313873, 3.1381693574;AISNE
MONTIES;43.3922616846, 0.681459994602;GERS
BRIGNEMONT;43.7692039824, 0.998300952278;HAUTE GARONNE
BOECE;48.5149253316, 0.454540443789;ORNE
KERMOROC H;48.614435841, -3.20327360757;COTES D ARMOR
DESERVILLERS;46.999299694, 6.0729610264;DOUBS
LA VERNAZ;46.3073602687, 6.59539098914;HAUTE SAVOIE
AVENE;43.7483953944, 3.10467542388;HERAULT
EGUILLY;47.3010847339, 4.49992675685;COTE D OR
VILLERS CARBONNEL;49.8705708799, 2.89376668433;SOMME
HELLEAN;47.9684046119, -2.48122455823;MORBIHAN
LE COURS;47.7495071048, -2.50848106104;MORBIHAN
JAVENE;48.3167949383, -1.2059813978;ILE ET VILAINE
COLLAN;47.840673115, 3.87103885933;YONNE
VAZEILLES LIMANDRE;45.1168091286, 3.69404145976;HAUTE LOIRE
ST JULIEN BOUTIERES;44.9687620295, 4.34665154898;ARDECHE
ST JULIEN VOCANCE;45.167010931, 4.4877776042;ARDECHE
HUELGOAT;48.3615514061, -3.75817537147;FINISTERE
ST AGNAN DE CERNIERES;48.9501046061, 0.531514828879;EURE
ST LAURENT DES COMBES;45.3532898017, 0.0345106941668;CHARENTE
COLOMIEU;45.7361469025, 5.62670101041;AIN
LAMOTHE LANDERRON;44.5644466731, 0.0611018511899;GIRONDE
ST LOUP;46.1463514525, 2.28115998053;CREUSE
PLESSIS DE ROYE;49.5715853896, 2.82849127947;OISE
TANQUES;48.6863581551, -0.0741132458246;ORNE
MAUBOURGUET;43.4688561646, 0.044250933589;HAUTES PYRENEES
TOURVILLE LES IFS;49.7120375764, 0.399997077372;SEINE MARITIME
VALLIQUERVILLE;49.6169921785, 0.710791599011;SEINE MARITIME
FAGET ABBATIAL;43.5060870997, 0.690621166698;GERS
ST MAUR;49.6166715837, 1.92159084424;OISE
TREFFLEAN;47.6781213314, -2.62203549701;MORBIHAN
SURY LE COMTAL;45.5417167026, 4.18146739816;LOIRE
LE HAUT SOULTZBACH;47.7386585258, 7.03380849733;HAUT RHIN
LANGLADE;43.8045117845, 4.25533661815;GARD
ST GENIEZ D OLT ET D AUBRAC;44.4732674724, 2.98156818185;AVEYRON
ENTRAMMES;47.9934210518, -0.715102434492;MAYENNE
VINZELLES;46.2679286558, 4.77751474902;SAONE ET LOIRE
GERCOURT ET DRILLANCOURT;49.282283356, 5.23384529214;MEUSE
FLEURY;49.0375892357, 6.20549246753;MOSELLE
PRIVAS;44.7225391147, 4.59449538667;ARDECHE
PLOUGONVER;48.4852045977, -3.37517285292;COTES D ARMOR
CUZIEU;45.6062985124, 4.26545207151;LOIRE
MALLEFOUGASSE AUGES;44.0759918613, 5.89779648569;ALPES DE HAUTE PROVENCE
NONCOURT SUR LE RONGEANT;48.4173782579, 5.25094367311;HAUTE MARNE
CHAUDARDES;49.3962562981, 3.78942153696;AISNE
DOUCHY MONTCORBON;47.941934324, 3.04405678632;LOIRET
CHEVROZ;47.3313541877, 5.99948362535;DOUBS
VERIGNON;43.6625284051, 6.27650359244;VAR
AMBLEON;45.7494989044, 5.59432017366;AIN
AUBIN ST VAAST;50.3867453505, 1.96316204355;PAS DE CALAIS
ESSE;47.9478571796, -1.43042922929;ILE ET VILAINE
LA GORGUE;50.6309281138, 2.73945543193;NORD
GAILLAC D AVEYRON;44.3616362767, 2.90279259177;AVEYRON
BOUSSERAUCOURT;47.9631646944, 5.93606571661;HAUTE SAONE
FLIN;48.5030439882, 6.65785821113;MEURTHE ET MOSELLE
LASTIC;45.7004342968, 2.57059072951;PUY DE DOME
BULLY;45.8591183924, 4.5810550945;RHONE
LA BAZOUGE DE CHEMERE;48.007363424, -0.504663561789;MAYENNE
VOLMERANGE LES BOULAY;49.1701692039, 6.44955385962;MOSELLE
MARAUSSAN;43.370567073, 3.1537894615;HERAULT
RAON SUR PLAINE;48.5066764358, 7.10986005227;VOSGES
TOUR EN SOLOGNE;47.5471719848, 1.51109071624;LOIR ET CHER
MANTALLOT;48.7102228776, -3.29192042144;COTES D ARMOR
ST SEBASTIEN;46.3933331691, 1.53031685925;CREUSE
BRECHAMPS;48.67275991, 1.52098330064;EURE ET LOIR
ST YTHAIRE;46.5681757144, 4.60307233126;SAONE ET LOIRE
LIGNERES;48.7371565601, 0.306149827572;ORNE
JETTINGEN;47.5961368894, 7.37922389442;HAUT RHIN
BROYES;49.6277624015, 2.45363892412;OISE
PLOEMEL;47.6594932649, -3.07159403186;MORBIHAN
LUXEMONT ET VILLOTTE;48.6983539754, 4.63716318666;MARNE
LA NOE BLANCHE;47.795066917, -1.7451274838;ILE ET VILAINE
LE BOURG D HEM;46.3013219598, 1.84102963635;CREUSE
ST GERY;44.9760796886, 0.326025224409;DORDOGNE
BEUGNY;50.1183185417, 2.93213204111;PAS DE CALAIS
VILLAUTOU;43.1617806666, 1.83707235249;AUDE
VILLELONGUE D AUDE;43.0554333537, 2.09254975337;AUDE
LA CHAPELLE AUX FILTZMEENS;48.3817396388, -1.8184050063;ILE ET VILAINE
PLOULEC H;48.7189901633, -3.50164887821;COTES D ARMOR
ST MICHEL DE VOLANGIS;47.1432035311, 2.48143699712;CHER
ST MARS LA JAILLE;47.5309227299, -1.19441075506;LOIRE ATLANTIQUE
JANAILHAC;45.653878347, 1.24126604964;HAUTE VIENNE
ST PALAIS DE PHIOLIN;45.5151577125, -0.591464489682;CHARENTE MARITIME
LE ROUGET PERS;44.8574381373, 2.23422151745;CANTAL
MAURENS;43.466341669, 1.79779573538;HAUTE GARONNE
ROZ SUR COUESNON;48.5961737576, -1.59343425986;ILE ET VILAINE
TAYAC;44.9605098149, -0.023701712084;GIRONDE
BROUE;48.7523989393, 1.52435606759;EURE ET LOIR
CIREY LES PONTAILLER;47.3029215077, 5.30975861654;COTE D OR
WEYER;48.858764489, 7.16208154442;BAS RHIN
HOTTOT LES BAGUES;49.1460867246, -0.653546590924;CALVADOS
LE PETIT PRESSIGNY;46.9099746457, 0.917102483604;INDRE ET LOIR
TUFFE VAL DE LA CHERONNE;48.120886565, 0.50838049197;SARTHE
NITRY;47.6765715644, 3.87691630334;YONNE
BELLECHAUME;48.053614787, 3.58244232303;YONNE
BRENS;45.7135069062, 5.68998154517;AIN
ST QUAY PERROS;48.7821597009, -3.44898067096;COTES D ARMOR
VIANE;43.7463791863, 2.58683700675;TARN
ST PAUL;45.1500987508, -0.590143244865;GIRONDE
EPINOUZE;45.3116175099, 4.93837201077;DROME
BEAUPUY;43.6453442033, 1.01319503145;GERS
PLOUNEOUR TREZ;48.6478999131, -4.3294006233;FINISTERE
ST GERMAIN DES ANGLES;49.0884520129, 1.13771355337;EURE
ST LEGER LES MELEZES;44.6468761009, 6.21171867053;HAUTES ALPES
THONNE LA LONG;49.5661986662, 5.4256255311;MEUSE
TANNAY;47.3614608414, 3.58125302901;NIEVRE
CRECY EN PONTHIEU;50.2402128609, 1.84519481744;SOMME
ST CIERS SUR BONNIEURE;45.8648580415, 0.247717734132;CHARENTE
STE CHRISTIE D ARMAGNAC;43.7937355004, -0.00494982246103;GERS
ST HELLIER;49.739289577, 1.19753481134;SEINE MARITIME
HANNESCAMPS;50.1615495622, 2.64192588392;PAS DE CALAIS
UR;42.4618525308, 1.941668494;PYRENEES ORIENTALES
PREFONTAINES;48.1067340084, 2.69095308156;LOIRET
TRILLA;42.7387475959, 2.52142584284;PYRENEES ORIENTALES
MARTIGNE FERCHAUD;47.8281952315, -1.32808258577;ILE ET VILAINE
ST PIERRE DE CLAIRAC;44.1802043993, 0.752007994419;LOT ET GARONNE
BABEAU BOULDOUX;43.4382106135, 2.89298078323;HERAULT
PERIGNAT SUR ALLIER;45.7272486864, 3.23450898188;PUY DE DOME
MAULEON LICHARRE;43.2166409006, -0.883099093035;PYRENEES ATLANTIQUES
LE MINIHIC SUR RANCE;48.5755697077, -2.01309736708;ILE ET VILAINE
MARIGNE PEUTON;47.8580802657, -0.798902117267;MAYENNE
BOIGNY SUR BIONNE;47.9317973301, 2.01895568907;LOIRET
LADIVILLE;45.5127200885, -0.0639782676163;CHARENTE
PONTAIX;44.7530320262, 5.25667519527;DROME
MOLEANS;48.1124611479, 1.40240862093;EURE ET LOIR
BOUILH PEREUILH;43.3091440414, 0.191684455073;HAUTES PYRENEES
DOMMARTIN DAMPIERRE;49.0658685537, 4.82440047617;MARNE
CLAIRFONTAINE;49.9739945177, 3.98660655282;AISNE
CONDAMINE;46.649905188, 5.43493044694;JURA
PAILHAC;42.911922384, 0.367540499398;HAUTES PYRENEES
ST AUBIN DU DESERT;48.3147006248, -0.184927866306;MAYENNE
PLEUMEUR BODOU;48.7852851364, -3.51721058191;COTES D ARMOR
ST MARTIAL D ALBAREDE;45.3214362718, 1.03713768464;DORDOGNE
MARANS;47.6416252314, -0.849694724597;MAINE ET LOIRE
FRAZE;48.2597341794, 1.09855168328;EURE ET LOIR
SPICHEREN;49.1948583946, 6.97044688686;MOSELLE
LACHAPELLE EN BLAISY;48.20850002, 4.96079377818;HAUTE MARNE
ST VIVIEN DE BLAYE;45.1041763192, -0.507779257628;GIRONDE
FERE CHAMPENOISE;48.7706781866, 4.01743444039;MARNE
GIVRY;46.7702122725, 4.75441496992;SAONE ET LOIRE
ST RAMBERT D ALBON;45.2891075425, 4.8312134754;DROME
BUN;42.9697185212, -0.16335034646;HAUTES PYRENEES
GRANDRIS;46.0333930542, 4.45932733477;RHONE
LE BOIS HELLAIN;49.2759556083, 0.391123392323;EURE
GARREBOURG;48.7083515564, 7.23712179882;MOSELLE
GRIGNON;45.6421717118, 6.38372169869;SAVOIE
HEIWILLER;47.6233403616, 7.32325966254;HAUT RHIN
SCIENTRIER;46.1202601258, 6.31761155339;HAUTE SAVOIE
POUSSAY;48.3226145275, 6.12077562905;VOSGES
LHERM;44.5699106208, 1.24112071813;LOT
CHEVANNES;47.1587967474, 4.83357896263;COTE D OR
GUILLIERS;48.0517458182, -2.41446112985;MORBIHAN
BOURBACH LE HAUT;47.7983331125, 7.03017652946;HAUT RHIN
LA FORET FOUESNANT;47.9201547936, -3.96862628403;FINISTERE
TRACY BOCAGE;49.0726320347, -0.689428412856;CALVADOS
NEUFLIZE;49.4065310007, 4.31198213958;ARDENNES
PISIEU;45.3869511038, 5.0738316923;ISERE
LARROQUE SUR L OSSE;43.9755473747, 0.282230658284;GERS
LA VERPILLIERE;45.637750025, 5.14915516278;ISERE
BLACOURT;49.4557951068, 1.86303368192;OISE
ETREVILLE;49.3795673555, 0.65533275771;EURE
ST JULIEN LA GENESTE;46.0492070067, 2.7408717504;PUY DE DOME
CHAMPIGNY SOUS VARENNES;47.8719082532, 5.62939550331;HAUTE MARNE
VILLARS SANTENOGE;47.744268654, 4.99918998244;HAUTE MARNE
VERLIN;48.0189121069, 3.22311343074;YONNE
MONTRY;48.8859315574, 2.82319777839;SEINE ET MARNE
ST VRAIN;48.6965592836, 4.82187411211;MARNE
LES LOGES MARGUERON;48.0989054968, 4.11142843878;AUBE
PIFFONDS;48.0571001875, 3.14072115221;YONNE
PALHERS;44.5204094847, 3.30780766253;LOZERE
SOULTZEREN;48.0828918874, 7.09256896947;HAUT RHIN
GIROLLES;48.0724580297, 2.71767735428;LOIRET
HERLINCOURT;50.3443144148, 2.29198306532;PAS DE CALAIS
CHACE;47.2066359278, -0.0708098589193;MAINE ET LOIRE
ST DONAT;45.4628524127, 2.70421193548;PUY DE DOME
CORENT;45.6605122795, 3.19265515129;PUY DE DOME
MONTAIGUT SUR SAVE;43.6803943619, 1.2345663902;HAUTE GARONNE
ESSERTS BLAY;45.6265663308, 6.41875161664;SAVOIE
MAILLEBOIS;48.6321135718, 1.1501161639;EURE ET LOIR
LENING;48.9581758873, 6.81929265344;MOSELLE
MORAGNE;45.9768256622, -0.797162979537;CHARENTE MARITIME
CLIMBACH;49.0157843115, 7.85030833791;BAS RHIN
ST LAURENT LES BAINS;44.5971365641, 3.95806929863;ARDECHE
VACQUEYRAS;44.1452203037, 4.9790786368;VAUCLUSE
KERSAINT PLABENNEC;48.4792039548, -4.36259963569;FINISTERE
LA FERTE ST AUBIN;47.7119750833, 1.92714666074;LOIRET
GAUJAN;43.4017018415, 0.727114709215;GERS
TRIZAY;45.8824159109, -0.903805758025;CHARENTE MARITIME
ATHIS;49.0072417062, 4.12566505905;MARNE
VILLECRESNES;48.7208692486, 2.53157741439;VAL DE MARNE
LUSTAR;43.2694349953, 0.340455146819;HAUTES PYRENEES
LA SEGUINIERE;47.0803772753, -0.957722131472;MAINE ET LOIRE
TORCY;46.7663790814, 4.44629007139;SAONE ET LOIRE
RICARVILLE;49.6419932524, 0.607251030369;SEINE MARITIME
CHAMBERAUD;46.0500466747, 2.04421088679;CREUSE
LUREUIL;46.7464715422, 1.03810161496;INDRE
ST BASLEMONT;48.1399184604, 5.99361275531;VOSGES
LA FERRIERE BOCHARD;48.4160824644, -0.0368422233193;ORNE
ST PLAISIR;46.6243818392, 2.95587034653;ALLIER
MEZILLES;47.6924002085, 3.181097405;YONNE
FEUGERES;49.1487759285, -1.31727331355;MANCHE
LOUZY;47.0176127367, -0.180557135196;DEUX SEVRES
POUZAUGES;46.7812581702, -0.828778359084;VENDEE
AMPONVILLE;48.2874371683, 2.53069073747;SEINE ET MARNE
BELVIS;42.8560597727, 2.07533369425;AUDE
MODANE;45.1746302833, 6.64849495084;SAVOIE
MONTEGUT EN COUSERANS;42.9834376015, 1.09301526592;ARIEGE
BOURDEAU;45.6771264766, 5.85370895157;SAVOIE
STE ANNE ST PRIEST;45.6978352865, 1.68283333119;HAUTE VIENNE
PONTOURS;44.8272888569, 0.771900914466;DORDOGNE
ST CHRISTOLY MEDOC;45.3574015951, -0.834464734201;GIRONDE
MONTEGUT SAVES;43.4377361422, 0.959505366368;GERS
SOUFFELWEYERSHEIM;48.6319311688, 7.74194727065;BAS RHIN
COLLIGIS CRANDELAIN;49.4666159338, 3.63042181928;AISNE
BISCHHEIM;48.6215316062, 7.75864282518;BAS RHIN
CONTEVILLE EN TERNOIS;50.4329844864, 2.32879432412;PAS DE CALAIS
CHAVELOT;48.2275024139, 6.43045423076;VOSGES
MARCAY;47.0829995703, 0.209654496806;INDRE ET LOIR
ROMAIN AUX BOIS;48.0766280164, 5.71451432126;VOSGES
ALLONNE;49.3965343512, 2.11883442492;OISE
GELUCOURT;48.7612241027, 6.73734826884;MOSELLE
LE PONT DE BEAUVOISIN;45.5356435604, 5.68142349925;SAVOIE
MARGERIE HANCOURT;48.5547827328, 4.54428346622;MARNE
STE COLOMBE DE LA COMMANDERIE;42.6154060137, 2.73987613858;PYRENEES ORIENTALES
MADIRAC;44.7577269067, -0.397181377193;GIRONDE
LE GIROUARD;46.5726064909, -1.58872487716;VENDEE
CHASPINHAC;45.0878247699, 3.93080497141;HAUTE LOIRE
FALCK;49.2259138571, 6.6382811788;MOSELLE
BRIELLES;48.0111591648, -1.09792357132;ILE ET VILAINE
LA BOUTEILLE;49.8778828965, 3.96243530235;AISNE
LARUSCADE;45.1237982623, -0.344529143591;GIRONDE
GAGNY;48.8820763119, 2.5449484757;SEINE SAINT DENIS
CHENELETTE;46.1691527375, 4.49124804928;RHONE
CHAILLAC;46.4260014616, 1.2915620907;INDRE
MERONA;46.5535338267, 5.63571799156;JURA
FEBVIN PALFART;50.5333989825, 2.30304274848;PAS DE CALAIS
ROUVRES ST JEAN;48.3243507576, 2.21045535164;LOIRET
MURVIEL LES MONTPELLIER;43.6095675101, 3.73935842429;HERAULT
DOLOMIEU;45.6153086109, 5.48684166259;ISERE
VEAUVILLE LES QUELLES;49.7379926109, 0.711257382258;SEINE MARITIME
CAZAUX DEBAT;42.887816689, 0.382896680318;HAUTES PYRENEES
ST HILAIRE LA FORET;46.4551155186, -1.53048160541;VENDEE
AULNAY;46.9060273599, 0.0912871261314;VIENNE
EPIEDS;49.1045180167, 3.45072347386;AISNE
CROCQ;45.8502209227, 2.36477428271;CREUSE
NOYELLES SUR SELLE;50.2786620955, 3.38194992576;NORD
BELLESERRE;43.4898977584, 2.05991842969;TARN
TORCY LE PETIT;49.8151632536, 1.18043117883;SEINE MARITIME
BAZUS;43.7357441741, 1.51960464279;HAUTE GARONNE
LA BAZEUGE;46.2552096242, 1.08391760958;HAUTE VIENNE
MONTSUZAIN;48.4457957709, 4.14056971998;AUBE
FUMAY;49.9726262845, 4.66006812542;ARDENNES
BRUEIL EN VEXIN;49.0264206637, 1.81316986042;YVELINES
RIOUX;45.6387910641, -0.708723744526;CHARENTE MARITIME
LA CHAPELLE DE LA TOUR;45.5893265412, 5.47141719996;ISERE
VOSNE ROMANEE;47.1598072854, 4.95546198904;COTE D OR
HORNAING;50.3696239428, 3.33594044996;NORD
CEZAIS;46.5917363748, -0.802618133558;VENDEE
CHAMPFLEUR;48.3844669298, 0.125303372626;SARTHE
DESVRES;50.6749344627, 1.82879354348;PAS DE CALAIS
HODENT;49.1421704888, 1.762430658;VAL D OISE
ST VINCENT DES PRES;46.4748542216, 4.55521519773;SAONE ET LOIRE
ST PARDOUX;46.5770616007, -0.31674359278;DEUX SEVRES
ROTHONAY;46.515255602, 5.52762290044;JURA
MONTANER;43.3465278822, -0.0133879488811;PYRENEES ATLANTIQUES
BARBEY;48.3660335449, 3.05001183138;SEINE ET MARNE
GUENIN;47.9054538153, -2.96668545756;MORBIHAN
ST ETIENNE DU GUE DE L ISLE;48.0856987745, -2.64402858884;COTES D ARMOR
MONT DORE;45.5760999131, 2.80995918175;PUY DE DOME
ST ESCOBILLE;48.4224153678, 1.95796421561;ESSONNE
OZOIR LA FERRIERE;48.7635612396, 2.67962508199;SEINE ET MARNE
STE EULALIE EN ROYANS;45.0447456413, 5.34170450082;DROME
MONTBERAUD;43.1595238311, 1.15513584785;HAUTE GARONNE
MONTPEYROUX;45.6253241922, 3.20376168016;PUY DE DOME
ST MARD SUR LE MONT;48.9236124793, 4.85276237974;MARNE
COULONGES COHAN;49.1980463524, 3.62776592985;AISNE
VOUILLY;49.29589718, -1.03229772745;CALVADOS
PENOL;45.3732511215, 5.18172674953;ISERE
DRAVEGNY;49.2391906053, 3.64128453803;AISNE
ST DENIS SUR COISE;45.6115793741, 4.43091520016;LOIRE
VAUDES;48.1755264671, 4.1822235389;AUBE
BAULME LA ROCHE;47.3480241996, 4.79422345686;COTE D OR
LA CHAPELLE NEUVE;48.4656069567, -3.4406776147;COTES D ARMOR
COLMERY;47.348832741, 3.24694851198;NIEVRE
LA NEUVILLE ST PIERRE;49.5318909884, 2.19557228619;OISE
WALBOURG;48.8857093075, 7.78279699588;BAS RHIN
ABERGEMENT LES THESY;46.9134980199, 5.94569839295;JURA
PLUSQUELLEC;48.3993408756, -3.48393074891;COTES D ARMOR
GIGORS;44.4239994398, 6.14097306258;ALPES DE HAUTE PROVENCE
CHEUGE;47.3898873125, 5.38120926401;COTE D OR
LACOURT ST PIERRE;43.9885803671, 1.27169521858;TARN ET GARONNE
ST ANTOINE;46.7821317328, 6.33373558381;DOUBS
BRIE;43.2070860138, 1.51654093771;ARIEGE
ST MEDARD DE PRESQUE;44.8523355559, 1.84227954038;LOT
QUERRIEN;47.9553937645, -3.54781313088;FINISTERE
LUVIGNY;48.4980673357, 7.07712772937;VOSGES
BOISSY AUX CAILLES;48.3118839635, 2.49277036234;SEINE ET MARNE
ST DIDIER SOUS AUBENAS;44.6117595327, 4.42022719051;ARDECHE
LA LUCERNE D OUTREMER;48.788392012, -1.40995865422;MANCHE
ST SULPICE;45.6470287269, 2.6197535104;PUY DE DOME
VANDELANS;47.3997867498, 6.16016748513;HAUTE SAONE
DAME MARIE LES BOIS;47.5494780596, 1.04682075879;INDRE ET LOIR
EMPURY;47.3475457799, 3.82219513783;NIEVRE
HELOUP;48.3967092098, 0.0351889089974;ORNE
PLASNES;49.1376315129, 0.624753060628;EURE
SORBIERS;44.3625387102, 5.57325324553;HAUTES ALPES
QUIRY LE SEC;49.6700274695, 2.3838470915;SOMME
ORIGNY LE SEC;48.4630378717, 3.77926165141;AUBE
LE FEL;44.6696449626, 2.51772189007;AVEYRON
KERFOURN;48.0434067231, -2.83634810154;MORBIHAN
ST MERD LES OUSSINES;45.6228763461, 2.03219704649;CORREZE
ST PIERRE LES BITRY;49.4314595152, 3.08507355061;OISE
LA BATIE ROLLAND;44.557639861, 4.86691277503;DROME
ST MARTIN DES OLMES;45.5270156748, 3.80419164583;PUY DE DOME
LE BELIEU;47.1215194397, 6.63156586666;DOUBS
ST VAURY;46.1999085805, 1.74904977519;CREUSE
LAPERCHE;44.5457026494, 0.414727811733;LOT ET GARONNE
BLAUVAC;44.0369893716, 5.24329379673;VAUCLUSE
VIRSAC;45.0259020314, -0.435395776761;GIRONDE
LES ALLUETS LE ROI;48.9143168349, 1.91476236453;YVELINES
VERCHAIX;46.1211763071, 6.68814243155;HAUTE SAVOIE
L HERMENAULT;46.5156262822, -0.898430664265;VENDEE
STE EULALIE;44.9016662079, -0.479039252599;GIRONDE
SAULLES;47.7012031937, 5.52842395456;HAUTE MARNE
LOUPEIGNE;49.2411071956, 3.5251073823;AISNE
SALLES COURBATIES;44.4813598633, 2.08513535949;AVEYRON
FOUQUEREUIL;50.5207754925, 2.59890688489;PAS DE CALAIS
VASSENS;49.4754669876, 3.15640761403;AISNE
CURTAFOND;46.273150382, 5.1020896267;AIN
CORBONOD;45.9659473187, 5.78961970355;AIN
AURIAC;42.9256351469, 2.4945438405;AUDE
ST ETIENNE DE ST GEOIRS;45.3456023361, 5.34838089834;ISERE
ONDREVILLE SUR ESSONNE;48.198009658, 2.41619329627;LOIRET
POTIGNY;48.9706322834, -0.247353467356;CALVADOS
COLOMBIERS DU PLESSIS;48.3876502723, -0.847201528921;MAYENNE
VAYLATS;44.3249960013, 1.64994675645;LOT
MONTGELLAFREY;45.4147472793, 6.33439467637;SAVOIE
GARDANNE;43.4526063249, 5.47963860272;BOUCHES DU RHONE
COSMES;47.9182026802, -0.870520798099;MAYENNE
ST MEDARD D EYRANS;44.7113116565, -0.509379859547;GIRONDE
GRIVESNES;49.6868458366, 2.45819167099;SOMME
ST PIERRE DE FRUGIE;45.5841655969, 1.00632128921;DORDOGNE
SOISY BOUY;48.5084866501, 3.29987604926;SEINE ET MARNE
PISEUX;48.772122079, 0.965747838797;EURE
FERDRUPT;47.9111858178, 6.71995195157;VOSGES
AMIFONTAINE;49.498787026, 3.92278993322;AISNE
LA PREVIERE;47.7196258054, -1.17847184047;MAINE ET LOIRE
LAJOUX;46.3914322554, 6.00896074386;JURA
LORCIERES;44.9525593557, 3.29080870665;CANTAL
MORTEFONTAINE;49.3362768244, 3.08053479514;AISNE
PILLAC;45.3189822009, 0.18101331727;CHARENTE
ST QUENTIN LA TOUR;43.0310774856, 1.90668418489;ARIEGE
VAUX LES MOURON;49.2980685273, 4.78431750699;ARDENNES
FONTANIERES;46.1071405466, 2.51926577888;CREUSE
ST MEDARD;47.0052566616, 1.26515419638;INDRE
MAGNAC BOURG;45.6008431539, 1.43562609799;HAUTE VIENNE
IROULEGUY;43.185106673, -1.28878634847;PYRENEES ATLANTIQUES
MONTJOI;42.9961480629, 2.47905879175;AUDE
STE POLE;48.5055231931, 6.83057236429;MEURTHE ET MOSELLE
BENEUVRE;47.6934400919, 4.93578663109;COTE D OR
BULAT PESTIVIEN;48.4345552125, -3.33259319991;COTES D ARMOR
NEUILLY LE VENDIN;48.4904833451, -0.326146757248;MAYENNE
THORIGNE;46.2838461214, -0.252472597117;DEUX SEVRES
ST MAIME;43.900642071, 5.801542403;ALPES DE HAUTE PROVENCE
MELOISEY;47.034440345, 4.72026948117;COTE D OR
ST YRIEIX SUR CHARENTE;45.6818416961, 0.128271343194;CHARENTE
BRISSY HAMEGICOURT;49.7432786375, 3.39968837909;AISNE
LE CROZET;46.1733609918, 3.83820754323;LOIRE
HOUDILCOURT;49.4226756545, 4.1256886512;ARDENNES
KEDANGE SUR CANNER;49.3109453426, 6.343428905;MOSELLE
HEINING LES BOUZONVILLE;49.30601587, 6.59755585227;MOSELLE
MONNIERES;47.1202035218, -1.34924956417;LOIRE ATLANTIQUE
MARTRAGNY;49.2486390509, -0.60137367329;CALVADOS
LABRUYERE;49.3527272314, 2.50769568365;OISE
MONTMERAC;45.4462725205, -0.208192784801;CHARENTE
CARQUEFOU;47.3017191833, -1.47277200095;LOIRE ATLANTIQUE
CHAMBRONCOURT;48.3521665045, 5.39965495154;HAUTE MARNE
CARENTAN LES MARAIS;49.2963250601, -1.2559215726;MANCHE
LAVAULT DE FRETOY;47.1054408095, 4.02164055616;NIEVRE
CANTE;43.2487009717, 1.52354253407;ARIEGE
SAUSSAN;43.569013259, 3.78095911379;HERAULT
FRESNEAUX MONTCHEVREUIL;49.2879395667, 2.01083675138;OISE
ALLONS;44.1933826797, -0.0800075386017;LOT ET GARONNE
MONTABON;47.679959995, 0.393423951615;SARTHE
LA FOUILLOUSE;45.5010028075, 4.31920755114;LOIRE
BUSSIERE POITEVINE;46.2418910166, 0.90395962145;HAUTE VIENNE
CAMOU CIHIGUE;43.1187601878, -0.921772960752;PYRENEES ATLANTIQUES
SENAIDE;47.9694031418, 5.80408230955;VOSGES
BROMMAT;44.8284548691, 2.70476777705;AVEYRON
COUTURES;47.3723458994, -0.352088357358;MAINE ET LOIRE
STE CHRISTINE;46.0723087961, 2.83140486418;PUY DE DOME
BLAISY HAUT;47.361227533, 4.7672740237;COTE D OR
CRIMOLOIS;47.2702959266, 5.12442359823;COTE D OR
LECEY;47.8635165634, 5.43218978673;HAUTE MARNE
PIHEM;50.6761891157, 2.21194474254;PAS DE CALAIS
LA LANDE ST LEGER;49.2976910975, 0.336083900968;EURE
LA CAMBE;49.3447032998, -1.0093041857;CALVADOS
ST BRESSOU;44.6967820287, 1.9760982727;LOT
VILLAMBLARD;45.0273572281, 0.557956026355;DORDOGNE
SERVIERES;44.5862173943, 3.41770447473;LOZERE
ANHIERS;50.4047718446, 3.15371031857;NORD
CHINON;47.1723001595, 0.245084664558;INDRE ET LOIR
NEUVILLE FERRIERES;49.7113993186, 1.45364357181;SEINE MARITIME
ST JULIEN LE CHATEL;46.118231154, 2.26998040696;CREUSE
MONDRAGON;44.2429843935, 4.72457377095;VAUCLUSE
DOURNAZAC;45.629584088, 0.918572363305;HAUTE VIENNE
NIORT;46.328260242, -0.465353019369;DEUX SEVRES
ST DIDIER EN DONJON;46.3830807017, 3.86098077845;ALLIER
VILLEXANTON;47.7415309033, 1.44574467546;LOIR ET CHER
LESIGNY;48.7497182303, 2.61583775274;SEINE ET MARNE
FRESNICOURT LE DOLMEN;50.4248203734, 2.60417768475;PAS DE CALAIS
ST VITE;44.4672729873, 0.933693165235;LOT ET GARONNE
AUNAY SOUS AUNEAU;48.4428553048, 1.81371743832;EURE ET LOIR
LANHELIN;48.454615382, -1.83075963165;ILE ET VILAINE
BREVAINVILLE;47.9489615518, 1.26872113426;LOIR ET CHER
LONGCHAMP;47.2617509825, 5.295682026;COTE D OR
CHAUFFOUR LES ETRECHY;48.5078619555, 2.16843822281;ESSONNE
BETONCOURT LES BROTTE;47.7376750192, 6.34326141895;HAUTE SAONE
SEVREY;46.7358656662, 4.82878798473;SAONE ET LOIRE
ROQUEBRUNE SUR ARGENS;43.4285090958, 6.65212881719;VAR
CHAMPIGNOLLES;47.0511019463, 4.56775348817;COTE D OR
VEYRE MONTON;45.6731732382, 3.16405079473;PUY DE DOME
ST FELIX DE FONCAUDE;44.6525452619, -0.104673473731;GIRONDE
PUJO LE PLAN;43.8618194805, -0.342281346691;LANDES
FARINCOURT;47.6965919672, 5.68100859574;HAUTE MARNE
MARDIE;47.8973215597, 2.06871909957;LOIRET
SOULIGNY;48.2082516391, 3.99414213688;AUBE
AUBERS;50.5960514415, 2.81995366841;NORD
LANDRAIS;46.0695634718, -0.857047499487;CHARENTE MARITIME
LARDY;48.5270354108, 2.27017712838;ESSONNE
SOUVIGNY DE TOURAINE;47.3983473379, 1.08415329662;INDRE ET LOIR
LESPINASSIERE;43.4088985719, 2.54776717601;AUDE
STE GEMME EN SANCERROIS;47.4003683857, 2.82072264021;CHER
IZENAVE;46.0381623415, 5.52447901164;AIN
ST GERMAIN EN MONTAGNE;46.7790941219, 5.93796452376;JURA
DONCOURT AUX TEMPLIERS;49.0599218489, 5.7217872725;MEUSE
BIAUDOS;43.5455674571, -1.31286654056;LANDES
QUINCEY;47.1072396532, 4.9719971557;COTE D OR
SEMOUSSAC;45.3899137022, -0.624747123124;CHARENTE MARITIME
FLEURY;43.214412802, 3.17666583157;AUDE
BAS EN BASSET;45.3159119273, 4.104826748;HAUTE LOIRE
ST LUMIER LA POPULEUSE;48.7285501546, 4.80515575755;MARNE
DOMARIN;45.581670022, 5.24542934804;ISERE
EQUANCOURT;50.0353500187, 3.01428549261;SOMME
DOHEM;50.6269973774, 2.16928920194;PAS DE CALAIS
PREIXAN;43.143749642, 2.28019165667;AUDE
FOUGERES;48.3524697115, -1.19431177241;ILE ET VILAINE
BELLEGARDE;47.9802482438, 2.41619642926;LOIRET
TREMEL;48.6047752602, -3.61826523039;COTES D ARMOR
GONCOURT;48.2419488894, 5.59330700815;HAUTE MARNE
VAL DE VIE;48.9587088015, 0.163639221018;CALVADOS
ST ANDRE LES VERGERS;48.2782659904, 4.04840305057;AUBE
LA REDORTE;43.2477384944, 2.64987073042;AUDE
PEZE LE ROBERT;48.202501305, -0.0424195278143;SARTHE
MONTBERNARD;43.3042093093, 0.767840933325;HAUTE GARONNE
ST AGNANT PRES CROCQ;45.8065352344, 2.33755197927;CREUSE
AVOUDREY;47.1384879691, 6.43337259012;DOUBS
CHESNOIS AUBONCOURT;49.5610454523, 4.56741706583;ARDENNES
BRISON ST INNOCENT;45.7395213661, 5.88235600157;SAVOIE
LA GARDE FREINET;43.3234160321, 6.46693786821;VAR
DIGOIN;46.4891651235, 4.02511604849;SAONE ET LOIRE
DELLE;47.5085668053, 6.99653850498;TERRITOIRE DE BELFORT
SIMIANE LA ROTONDE;43.9838128235, 5.56248994589;ALPES DE HAUTE PROVENCE
RECQUES SUR COURSE;50.5183914542, 1.77865917585;PAS DE CALAIS
VIVONNE;46.412040698, 0.257005369348;VIENNE
ST ANGE ET TORCAY;48.6495007318, 1.21435953964;EURE ET LOIR
TOUSSUS LE NOBLE;48.7466272252, 2.1179056339;YVELINES
ROUVROY LES MERLES;49.6509731175, 2.3591696972;OISE
GERPONVILLE;49.7478029078, 0.563807005364;SEINE MARITIME
MONTREUIL EN TOURAINE;47.4879968822, 0.95212009209;INDRE ET LOIR
FERRIERES EN GATINAIS;48.1055360921, 2.80426860413;LOIRET
LE PONCHEL;50.2568499569, 2.08536374004;PAS DE CALAIS
PLOUGOULM;48.655920654, -4.04176176078;FINISTERE
STEINSELTZ;49.0050564823, 7.92824415815;BAS RHIN
CHATEAUVILAIN;45.5138631652, 5.33027661744;ISERE
MONDION;46.9382399083, 0.47233536935;VIENNE
ARNEGUY;43.0855581818, -1.27601688686;PYRENEES ATLANTIQUES
CERNAY;47.7945078153, 7.17932820409;HAUT RHIN
BOURGHELLES;50.5637205192, 3.24739149692;NORD
DAMPIERRE ST NICOLAS;49.857280446, 1.2036925117;SEINE MARITIME
PONT STE MAXENCE;49.3049711726, 2.60798085563;OISE
CHAUMOUSEY;48.1734708065, 6.33193477567;VOSGES
BARJAC;43.062297676, 1.13524619399;ARIEGE
BRILLON;50.4339939197, 3.33534225599;NORD
AVESNES LES BAPAUME;50.1049859352, 2.83305700978;PAS DE CALAIS
NEDON;50.5178234445, 2.36307041105;PAS DE CALAIS
CHABEUIL;44.9082255842, 5.00743034189;DROME
VILLIERS AUX CORNEILLES;48.574728909, 3.67678401066;MARNE
MEREY;48.9586730122, 1.39284165552;EURE
ST VINCENT SUR GRAON;46.5034756656, -1.382954206;VENDEE
PIERRE PERCEE;48.4646115258, 6.93843634408;MEURTHE ET MOSELLE
METAIRIES ST QUIRIN;48.6404358674, 7.03770343075;MOSELLE
HUISSEAU EN BEAUCE;47.7228645102, 1.01092284734;LOIR ET CHER
CLENAY;47.4135413138, 5.11448988395;COTE D OR
IZERNORE;46.2179780137, 5.56258251719;AIN
NEUILLY LES DIJON;47.2764524522, 5.10401476317;COTE D OR
SANTEUIL;49.1295034535, 1.95810304373;VAL D OISE
OUZOUER DES CHAMPS;47.8765424809, 2.70945964762;LOIRET
BEYNES;48.854444414, 1.86989017513;YVELINES
BOINVILLE LE GAILLARD;48.4958030642, 1.87115102424;YVELINES
RIBEAUVILLE;48.2065139236, 7.28672468283;HAUT RHIN
MOUSSE;47.9176957127, -1.27923276368;ILE ET VILAINE
MERCY LE BAS;49.3854191289, 5.75848432242;MEURTHE ET MOSELLE
ENTRAIGUES;44.8898827456, 5.96388383994;ISERE
GAUDIEMPRE;50.1751742719, 2.52871563115;PAS DE CALAIS
BAGNEUX;46.6455268495, 3.20422374955;ALLIER
PEXONNE;48.4679125322, 6.88380524568;MEURTHE ET MOSELLE
CAUDROT;44.5846738826, -0.144878442229;GIRONDE
CASTERA VIGNOLES;43.2764304672, 0.782548294246;HAUTE GARONNE
LA MADELEINE BOUVET;48.468815139, 0.898781486083;ORNE
FLEURY LA MONTAGNE;46.1997654702, 4.1256489354;SAONE ET LOIRE
ST MARCEL LES ANNONAY;45.2885682592, 4.62947742876;ARDECHE
LINIERES BOUTON;47.4501636334, 0.0666355358883;MAINE ET LOIRE
ST SENOCH;47.0564904332, 0.953203885022;INDRE ET LOIR
TALLENAY;47.3056934565, 6.02035372248;DOUBS
ST PIERRE DELS FORCATS;42.4802464548, 2.11815640127;PYRENEES ORIENTALES
REMOULINS;43.9405719288, 4.56488938699;GARD
VILLENEUVE EN PERSEIGNE;48.4380499533, 0.236852667784;SARTHE
CREMPS;44.3877412529, 1.58297001651;LOT
NOTRE DAME D ALLENCON;47.2987148996, -0.466445239668;MAINE ET LOIRE
LARBROYE;49.5711545725, 2.96064290936;OISE
BREHAL;48.8991054391, -1.5329842418;MANCHE
ST FERJEUX;47.5457392836, 6.50713066482;HAUTE SAONE
ESTISSAC;48.2557294277, 3.81076673969;AUBE
POISY;45.9189291023, 6.06312526002;HAUTE SAVOIE
LE CHAMBON SUR LIGNON;45.0524632592, 4.31966525163;HAUTE LOIRE
HASNON;50.4127809249, 3.38752842826;NORD
PIA;42.7487012331, 2.91497381059;PYRENEES ORIENTALES
VERNEUIL SUR IGNERAIE;46.6542492124, 2.01447840786;INDRE
HILSPRICH;49.0059363706, 6.91134139053;MOSELLE
VIRMING;48.9424365099, 6.7521262958;MOSELLE
STURZELBRONN;49.053346733, 7.59397660337;MOSELLE
NOSTANG;47.7545531097, -3.17469853998;MORBIHAN
ORGERES;48.752506479, 0.3456805156;ORNE
FELLERIES;50.1407847953, 4.05118081621;NORD
BEFFIA;46.5315651436, 5.54829278779;JURA
CHARMONT SOUS BARBUISE;48.4150600401, 4.18047013925;AUBE
VINEUIL ST FIRMIN;49.2047770407, 2.50069915861;OISE
CUINCHY;50.5192106267, 2.74651659216;PAS DE CALAIS
AIREL;49.2125093524, -1.08007866426;MANCHE
RAON AUX BOIS;48.0563851529, 6.51474644165;VOSGES
LAMOURA;46.4081181986, 5.98341720791;JURA
VONGES;47.2896205229, 5.39637772205;COTE D OR
PALAISEAU;48.7146765876, 2.22881488083;ESSONNE
LES PLANCHES PRES ARBOIS;46.8806181055, 5.80844995624;JURA
LASSICOURT;48.4357415556, 4.50042412067;AUBE
VOUECOURT;48.2625820816, 5.1581472867;HAUTE MARNE
LA VEZE;47.1973736223, 6.07326086918;DOUBS
THONNE LE THIL;49.5717892465, 5.34089829816;MEUSE
FILAIN;49.4528807514, 3.5574063541;AISNE
LE GRAND VILLAGE PLAGE;45.8620787516, -1.24274513266;CHARENTE MARITIME
HAUTEVILLE;50.2717222163, 2.56838764568;PAS DE CALAIS
LEVES;48.4799675774, 1.46931768509;EURE ET LOIR
MALVIERES;45.3426664598, 3.72579573822;HAUTE LOIRE
CAULIERES;49.7867766855, 1.89908479868;SOMME
NEUVY SUR BARANGEON;47.3220132955, 2.2713674082;CHER
QUINSAC;45.4362563574, 0.701396321628;DORDOGNE
DRUCAT;50.1459729311, 1.86130040867;SOMME
LA ROCHETTE;45.4592334902, 6.11216246274;SAVOIE
CHADRON;44.9500949064, 3.93743261861;HAUTE LOIRE
BRUZ;48.0261755313, -1.74817480915;ILE ET VILAINE
BETTANT;45.9368718303, 5.36667617009;AIN
CANOUVILLE;49.8064199555, 0.597683771595;SEINE MARITIME
FALLENCOURT;49.8641030613, 1.56702701699;SEINE MARITIME
ARRY;50.2821494192, 1.72270579703;SOMME
MONDEVILLE;49.1693649378, -0.310691187417;CALVADOS
LE VERSOUD;45.2221893714, 5.85871984364;ISERE
DAON;47.7578017678, -0.627519055718;MAYENNE
CHICHEE;47.7843995199, 3.83340325953;YONNE
BOIS LE ROI;48.8610331627, 1.34099240808;EURE
TORVILLIERS;48.2754934679, 3.97217127639;AUBE
RECY;48.9985904011, 4.32285338175;MARNE
LA ROCHELLE;46.1620643972, -1.17465702836;CHARENTE MARITIME
MURVAUX;49.394776752, 5.26819381857;MEUSE
BOSMOREAU LES MINES;46.0023571531, 1.754330245;CREUSE
MERRY LA VALLEE;47.7877688234, 3.31454038152;YONNE
FRONTENARD;46.8991001814, 5.16314384306;SAONE ET LOIRE
LETRICOURT;48.8747932305, 6.285203486;MEURTHE ET MOSELLE
NEUVILLE LES LOEUILLY;49.7933026111, 2.17536379277;SOMME
CHAMERY;49.1704993272, 3.95695378996;MARNE
CHARVIEU CHAVAGNEUX;45.7398511068, 5.15111694568;ISERE
CLEON;49.316254089, 1.03978678909;SEINE MARITIME
VILLIERS SUR ORGE;48.6584199819, 2.29950120792;ESSONNE
ST ELIX THEUX;43.4280095382, 0.472914015633;GERS
VITTEAUX;47.3974282764, 4.54312292794;COTE D OR
ST GERMAIN LAVOLPS;45.6074727471, 2.2137903995;CORREZE
MARCILLAC LA CROISILLE;45.2528826231, 2.0341111396;CORREZE
MANONCOURT EN WOEVRE;48.78198493, 5.91915355955;MEURTHE ET MOSELLE
BOESENBIESEN;48.2261928699, 7.56229858754;BAS RHIN
MOURIES;43.7008454163, 4.89038486174;BOUCHES DU RHONE
RIORGES;46.0429114311, 4.03375590925;LOIRE
OISLY;47.3944986004, 1.37611606492;LOIR ET CHER
LA BALME D EPY;46.3774826623, 5.41729461959;JURA
BURY;49.3128542225, 2.35865250561;OISE
ST GERMAIN AU MONT D OR;45.8822105872, 4.80144071839;RHONE
BANNES;44.8140344075, 1.91798481725;LOT
VAUDEVILLE;48.2298063128, 6.53994247926;VOSGES
LONGPONT SUR ORGE;48.6404556934, 2.28647061043;ESSONNE
BEHORLEGUY;43.1201655995, -1.08535669994;PYRENEES ATLANTIQUES
ST SYMPHORIEN SUR COISE;45.6308546357, 4.45042661825;RHONE
MOULEDOUS;43.2259408269, 0.250550021139;HAUTES PYRENEES
ST MAURICE;47.1123966682, 3.56924225444;NIEVRE
LARCAY;47.352701653, 0.776083557562;INDRE ET LOIR
CARVILLE POT DE FER;49.7186680697, 0.723155038419;SEINE MARITIME
CAMPNEUSEVILLE;49.8621259676, 1.66261477222;SEINE MARITIME
LOC EGUINER;48.4763432198, -4.09270685013;FINISTERE
EYGURANDE;45.6767881141, 2.42408510368;CORREZE
ORSANS;43.1546289109, 1.97945728495;AUDE
COUDDES;47.3643474319, 1.40421925055;LOIR ET CHER
ST PONCY;45.1594604904, 3.19462037388;CANTAL
MOUY SUR SEINE;48.4321477503, 3.24604389645;SEINE ET MARNE
BORDERES;43.2047226344, -0.212865402876;PYRENEES ATLANTIQUES
MAUX;47.038265018, 3.77347419012;NIEVRE
MONTAGNE;44.9320818849, -0.126958398554;GIRONDE
CHARGEY LES PORT;47.7285168073, 5.99727162515;HAUTE SAONE
MANSAT LA COURRIERE;45.9652490444, 1.79570521606;CREUSE
BOSC BERENGER;49.6345939152, 1.253580255;SEINE MARITIME
LAGORCE;45.0781941491, -0.160779804845;GIRONDE
GAREOULT;43.3403271328, 6.04087625954;VAR
LANDRES ET ST GEORGES;49.3522247331, 5.01297002283;ARDENNES
VISAN;44.3268006533, 4.94430178075;VAUCLUSE
POMPERTUZAT;43.4942932481, 1.52109130847;HAUTE GARONNE
HAMELIN;48.5429270331, -1.22248303099;MANCHE
ISSEPTS;44.6769137032, 1.91696387098;LOT
LAURIS;43.7630365491, 5.30333693211;VAUCLUSE
COURCELLES;47.1007094404, 5.95901905679;DOUBS
THORRENC;45.2336802249, 4.75948467595;ARDECHE
MONEIN;43.2911768338, -0.562421409058;PYRENEES ATLANTIQUES
PARIS 01;48.8626304852, 2.33629344655;PARIS
RANG DU FLIERS;50.4199152362, 1.63418600654;PAS DE CALAIS
LE TANU;48.8042090311, -1.33539265426;MANCHE
EYZERAC;45.3874309913, 0.902512907037;DORDOGNE
MIREPEIX;43.1933700705, -0.250922042302;PYRENEES ATLANTIQUES
NEUFCHEF;49.317754273, 6.01399448465;MOSELLE
ACIGNE;48.1464008617, -1.51879762112;ILE ET VILAINE
GAYE;48.6801754701, 3.8063084627;MARNE
MOSNAC;45.615285295, -0.0132218881439;CHARENTE
VITRAC;44.8394527349, 1.22440725926;DORDOGNE
CAPLONG;44.7672577691, 0.150751886414;GIRONDE
RAUCOURT;48.9241901699, 6.21845026045;MEURTHE ET MOSELLE
OMET;44.6554817395, -0.286590923535;GIRONDE
PACY SUR EURE;49.0221961311, 1.39950768038;EURE
DOUZILLAC;45.0903485072, 0.407727332302;DORDOGNE
ST MICHEL;43.8408209485, 3.40636511329;HERAULT
LA VERRIE;46.9634774521, -0.985340006089;VENDEE
ARTHAZ PONT NOTRE DAME;46.1606681382, 6.26878505458;HAUTE SAVOIE
MARSEILLE EN BEAUVAISIS;49.5753195852, 1.95765019879;OISE
RENNEVAL;49.7391714019, 4.03674170066;AISNE
TARCENAY;47.1661327751, 6.10532851218;DOUBS
MAULICHERES;43.6863853062, -0.0854584441298;GERS
ST REMY EN BOUZEMONT ST GENEST ISSON;48.6129201202, 4.6490004853;MARNE
EMALLEVILLE;49.1016649726, 1.1570133623;EURE
VICQ;50.4144657364, 3.6078304121;NORD
MONTFORT;43.368781372, -0.864438809018;PYRENEES ATLANTIQUES
CAMBOULIT;44.5998481428, 1.95270053805;LOT
ST RACHO;46.2627274208, 4.37370876485;SAONE ET LOIRE
BOULAY LES BARRES;47.9749370817, 1.77690207955;LOIRET
ST JEAN SUR MOIVRE;48.8971001167, 4.58461376769;MARNE
SAMONAC;45.0708411612, -0.571604822734;GIRONDE
ST LOUP;47.2551705649, 1.82390956625;LOIR ET CHER
LANZAC;44.8698887305, 1.46972764942;LOT
CARDAILLAC;44.6824882751, 2.0138257443;LOT
MERCUER;44.6260697061, 4.35077904415;ARDECHE
CHASTEL SUR MURAT;45.1360561715, 2.84458101678;CANTAL
LEYVILLER;49.0291320953, 6.84156436895;MOSELLE
SORANS LES BREUREY;47.3963302607, 6.04703992891;HAUTE SAONE
MARS;44.0018593434, 3.54814513626;GARD
NEUILLY ST FRONT;49.1626366671, 3.26436269893;AISNE
ECHINGHEN;50.7013312992, 1.65483173967;PAS DE CALAIS
ECLANCE;48.3074667085, 4.64323131646;AUBE
ST ANDRE;45.2241143172, 6.61633706922;SAVOIE
WALY;49.0242695757, 5.0987439035;MEUSE
ANZY LE DUC;46.3239156269, 4.07162173983;SAONE ET LOIRE
SAPOIS;48.0357712575, 6.78229543437;VOSGES
MONTAGOUDIN;44.5808235972, 0.0052094648538;GIRONDE
FRAMPAS;48.5195287693, 4.8332793403;HAUTE MARNE
BASSING;48.8728450421, 6.80064100992;MOSELLE
ST PRIX;46.972172044, 4.06111114828;SAONE ET LOIRE
MADIC;45.372048674, 2.45917498583;CANTAL
CHAMBORNAY LES BELLEVAUX;47.3958807638, 6.10214510229;HAUTE SAONE
CHANAC LES MINES;45.2703621999, 1.81731506278;CORREZE
FLERS;48.7399319125, -0.562509564641;ORNE
VATTETOT SUR MER;49.7227434222, 0.286309367017;SEINE MARITIME
ST PABU;48.5627924623, -4.62029383485;FINISTERE
ST PANDELON;43.66874805, -1.03963619936;LANDES
PRIAIRES;46.1501040293, -0.602163064799;DEUX SEVRES
MENS;44.8147716057, 5.75218343717;ISERE
REHON;49.4995747303, 5.75731520354;MEURTHE ET MOSELLE
SAVIGNY EN REVERMONT;46.6336562271, 5.39078988387;SAONE ET LOIRE
VIOLOT;47.7591470911, 5.44427189873;HAUTE MARNE
ST HILAIRE LA GRAVELLE;47.931232261, 1.18263470311;LOIR ET CHER
VATTEVILLE;49.2802915027, 1.28490028492;EURE
ST EMILION;44.8999911844, -0.169955105989;GIRONDE
HEUCHIN;50.4808803919, 2.27062622618;PAS DE CALAIS
LANGOLEN;48.0746211195, -3.91654516046;FINISTERE
PERIGNAC;45.4667323949, 0.0826496107901;CHARENTE
MAILLAS;44.2130883384, -0.177666855648;LANDES
ST ANDRE;42.5524573215, 2.98000507261;PYRENEES ORIENTALES
SAUSSET LES PINS;43.3456690305, 5.11765506999;BOUCHES DU RHONE
OULCHY LE CHATEAU;49.2070701806, 3.38202413773;AISNE
LONGEVES;46.4722105292, -0.858917690239;VENDEE
MONTBARTIER;43.9148777604, 1.28662456416;TARN ET GARONNE
ST LAURENT;47.2418416122, 2.18465127619;CHER
LA GRAND CROIX;45.5040795864, 4.55860381813;LOIRE
BETCAVE AGUIN;43.4451021606, 0.683256837932;GERS
LOMPNIEU;45.9690865613, 5.65968816497;AIN
LUMIGNY NESLES ORMEAUX;48.719582466, 2.95371291045;SEINE ET MARNE
WIGNICOURT;49.586756413, 4.58208905132;ARDENNES
LETELON;46.6563542672, 2.59495618457;ALLIER
PLOUNERIN;48.5667945613, -3.54835047587;COTES D ARMOR
MARCOUX;44.128219237, 6.28007885939;ALPES DE HAUTE PROVENCE
ECUREY EN VERDUNOIS;49.3568005016, 5.34054044125;MEUSE
ORGON;43.779613013, 5.02340520998;BOUCHES DU RHONE
LADOYE SUR SEILLE;46.7668743064, 5.68304960571;JURA
MASEVAUX NIEDERBRUCK;47.7778607514, 6.99469023455;HAUT RHIN
COUSANCES LES TRICONVILLE;48.769706572, 5.40036892505;MEUSE
POISEUL LA GRANGE;47.5770887187, 4.79359106349;COTE D OR
COUR ET BUIS;45.4403886535, 5.01870532467;ISERE
VIOLES;44.1767100202, 4.95138229619;VAUCLUSE
TEYRAN;43.6849602174, 3.92844546049;HERAULT
HARAUCOURT;48.6614357963, 6.36110636976;MEURTHE ET MOSELLE
ARDENTES;46.7359618133, 1.82403149268;INDRE
MAUZE SUR LE MIGNON;46.1920937817, -0.644355409155;DEUX SEVRES
TILLOLOY;49.6416492977, 2.74418919931;SOMME
MONTBERT;47.0679433931, -1.4701852733;LOIRE ATLANTIQUE
EVRECY;49.0940016709, -0.501372307136;CALVADOS
ANOR;49.9949415311, 4.11785622281;NORD
ST PANTALEON DE LAPLEAU;45.32011422, 2.20178736947;CORREZE
TURNY;48.0654471891, 3.73424677868;YONNE
AILLANT SUR MILLERON;47.7948800184, 2.93667863104;LOIRET
MAGNY EN BESSIN;49.311643762, -0.666479750788;CALVADOS
LA VILLEDIEU;46.0652942658, -0.322967627263;CHARENTE MARITIME
ARCONNAY;48.3954879492, 0.0811301798508;SARTHE
BEAUCHENE;47.9427844885, 0.971276009612;LOIR ET CHER
LES GRANDES VENTES;49.7714742554, 1.2346289662;SEINE MARITIME
BOLLEZEELE;50.8652273621, 2.34136933381;NORD
LIAS D ARMAGNAC;43.8629702424, -0.0620305105879;GERS
BERGBIETEN;48.5771244719, 7.4507261973;BAS RHIN
GAZOST;43.0007012116, 0.0235191133565;HAUTES PYRENEES
LIGUEUX;44.7917917064, 0.262913013471;GIRONDE
DESSELING;48.7853183275, 6.84475115273;MOSELLE
BELLAC;46.1049122554, 1.04116467219;HAUTE VIENNE
SCEAUX SUR HUISNE;48.1011260781, 0.580759685853;SARTHE
DEMI QUARTIER;45.8739226707, 6.6331062739;HAUTE SAVOIE
MONTAUT;43.1325527294, -0.181058529507;PYRENEES ATLANTIQUES
MOUCHIN;50.5168601993, 3.28629185123;NORD
STE MARIE AUX CHENES;49.1914264698, 6.0072170748;MOSELLE
LABASTIDE ROUAIROUX;43.4826602247, 2.63557921234;TARN
MONTOUSSIN;43.2800737238, 1.01115822318;HAUTE GARONNE
VAUCHELLES LES DOMART;50.0565678591, 2.05807152774;SOMME
LA PANOUSE;44.7368256595, 3.58794717174;LOZERE
MEILHAC;45.7117307166, 1.15756175442;HAUTE VIENNE
POITIERS;46.5839207726, 0.359947653003;VIENNE
LYON 03;45.7533552486, 4.86918522013;RHONE
MEILLERS;46.5132615599, 3.10267194059;ALLIER
SERRES;42.9445748833, 2.32874834613;AUDE
MOLEZON;44.2188601955, 3.69509468816;LOZERE
CHATEAUROUX;46.8029617828, 1.69399812001;INDRE
BUISSONCOURT;48.6826232641, 6.34150058691;MEURTHE ET MOSELLE
ST ANDRE DE VEZINES;44.1476911332, 3.27124677006;AVEYRON
ST PREUIL;45.6007267045, -0.172169004384;CHARENTE
ACQUEVILLE;49.6112667941, -1.74961794435;MANCHE
DRAP;43.7582432488, 7.33724090222;ALPES MARITIMES
BAIROLS;43.9870510207, 7.11969473058;ALPES MARITIMES
LA GROISE;50.0763719216, 3.6815589114;NORD
NOUSSE;43.7218796772, -0.822154069593;LANDES
ASPREMONT;44.4929345499, 5.72022682239;HAUTES ALPES
MILLERY;45.6304862126, 4.77973349891;RHONE
AINHOA;43.2973870708, -1.48514354363;PYRENEES ATLANTIQUES
DEVILLAC;44.6084613514, 0.808010274791;LOT ET GARONNE
ST POL SUR TERNOISE;50.3883542632, 2.35010590037;PAS DE CALAIS
DUNEAU;48.0674633869, 0.534877628952;SARTHE
ST MARTIN LE PIN;45.552556707, 0.625868911507;DORDOGNE
GONDREVILLE;48.0527905601, 2.65050023399;LOIRET
CAMPAGNE LES GUINES;50.8407555351, 1.89853626716;PAS DE CALAIS
ST FELIX DE REILLAC ET MORTEMART;45.0147855996, 0.89152600187;DORDOGNE
AUVE;49.0286926359, 4.68669645123;MARNE
MERY ES BOIS;47.3086144324, 2.37874179175;CHER
CHATEAU ROUGE;49.283778795, 6.59645792981;MOSELLE
PENDE;50.1611960507, 1.58412882815;SOMME
THORIGNY SUR MARNE;48.8918979999, 2.7123703432;SEINE ET MARNE
ST GEORGES DE REX;46.2672848492, -0.659095506677;DEUX SEVRES
PONTOISE;49.0513737853, 2.09487928948;VAL D OISE
QUINCAY;46.6055316956, 0.218304769968;VIENNE
SAVOLLES;47.3778180325, 5.27546231852;COTE D OR
NOALHAT;45.918505761, 3.46291211176;PUY DE DOME
AUZAT LA COMBELLE;45.4508101492, 3.32589518501;PUY DE DOME
FOURQUES;42.5851203665, 2.77662110647;PYRENEES ORIENTALES
HARDINVAST;49.5766905204, -1.64595103605;MANCHE
AUBERIVES SUR VAREZE;45.4264263459, 4.81869609163;ISERE
MARANGE SILVANGE;49.215755032, 6.11238062036;MOSELLE
LACAPELLE SEGALAR;44.1174207039, 1.99686305545;TARN
BOVIOLLES;48.6452890077, 5.41584931677;MEUSE
SAINS LES FRESSIN;50.4721168643, 2.04894753008;PAS DE CALAIS
LEZAT SUR LEZE;43.280210332, 1.34476803133;ARIEGE
NEUVY SUR LOIRE;47.5317453883, 2.89007280988;NIEVRE
CAVARC;44.6820226706, 0.641513510032;LOT ET GARONNE
LOUTZVILLER;49.144497827, 7.38445498027;MOSELLE
HAISNES;50.500965786, 2.79702254759;PAS DE CALAIS
NERONDES;47.0040801539, 2.83841274012;CHER
UGINE;45.7718876928, 6.43266345275;SAVOIE
BERELLES;50.2136798325, 4.10541703727;NORD
LINAZAY;46.1672922184, 0.192422386232;VIENNE
ALIX;45.9168253291, 4.65500393132;RHONE
CHAMBOURG SUR INDRE;47.1721202579, 0.968767881944;INDRE ET LOIR
AYEN;45.2543308546, 1.32442831194;CORREZE
STE SOULINE;45.3774799244, -0.0211237715554;CHARENTE
DIEUE SUR MEUSE;49.0797403582, 5.42963036302;MEUSE
LA VILLENEUVE;45.8965825577, 2.41574071294;CREUSE
BANNANS;46.899147439, 6.23727233424;DOUBS
VICQ SUR MER;49.6915085353, -1.4000999278;MANCHE
PARGNY LA DHUYS;48.9545509576, 3.56357370593;AISNE
TAINTRUX;48.2503150047, 6.88300452991;VOSGES
COUZE ET ST FRONT;44.8255934988, 0.722166655982;DORDOGNE
BESSINS;45.2046121407, 5.2638406103;ISERE
ST JEAN SOLEYMIEUX;45.500965191, 4.01116096667;LOIRE
CONZIEU;45.7253102173, 5.60442351043;AIN
VEZILLON;49.2217888937, 1.3986752654;EURE
ST SEBASTIEN SUR LOIRE;47.2031024794, -1.4992042742;LOIRE ATLANTIQUE
VIC LA GARDIOLE;43.4862693496, 3.80342869911;HERAULT
CUDOT;47.9826568926, 3.17485666428;YONNE
VOINEMONT;48.5170735039, 6.17416267478;MEURTHE ET MOSELLE
BLIGNICOURT;48.453428637, 4.54117489655;AUBE
LAUTENBACH;47.9527349295, 7.16433010313;HAUT RHIN
CAMIAC ET ST DENIS;44.7961983028, -0.292259095735;GIRONDE
VER LES CHARTRES;48.3780916809, 1.48044063443;EURE ET LOIR
CONTRES;46.8574614784, 2.49599485968;CHER
LONGCHAMPS;49.3579667199, 1.62115051175;EURE
VIEUX PORT;49.4269809388, 0.6083368192;EURE
SAULNY;49.1602800907, 6.09502895041;MOSELLE
DOMBASLE EN ARGONNE;49.1446409597, 5.19544889955;MEUSE
NOUANS;48.2378930532, 0.22830907332;SARTHE
MAROLLES;47.652671241, 1.31004193193;LOIR ET CHER
BEOST;42.9800031396, -0.329944029272;PYRENEES ATLANTIQUES
MONGUILHEM;43.8535441916, -0.189101888026;GERS
CRISSE;48.1802737725, -0.0645153355055;SARTHE
LACAVE;44.8404498298, 1.55849192483;LOT
BIGNICOURT SUR MARNE;48.6813049833, 4.60875139762;MARNE
SCHAFFHOUSE PRES SELTZ;48.9121321004, 8.08967677055;BAS RHIN
MEZIERES EN GATINAIS;48.024673349, 2.48281736581;LOIRET
LE BEUGNON;46.5842111668, -0.498009521622;DEUX SEVRES
LA SAUVETAT;43.8493406268, 0.533837296503;GERS
BALOT;47.8198079163, 4.44334432169;COTE D OR
NEVERS;46.9881194908, 3.15689130958;NIEVRE
JOUARS PONTCHARTRAIN;48.7904544648, 1.90784227893;YVELINES
CHATEAU CHINON CAMPAGNE;47.056080506, 3.9410750203;NIEVRE
ZETTING;49.073370472, 7.12604029604;MOSELLE
ROZIERES SUR CRISE;49.3227443516, 3.37101592804;AISNE
ST SEBASTIEN;44.8487244503, 5.80401345281;ISERE
LE FRESTOY VAUX;49.5962921933, 2.60833323074;OISE
VOUSSAC;46.3256833709, 3.07336455653;ALLIER
BELLEMAGNY;47.6903963579, 7.05935022603;HAUT RHIN
ST YBARS;43.2421519244, 1.39839166457;ARIEGE
CAHUS;44.9631975501, 1.91432329808;LOT
MONTAGNAT;46.1686969123, 5.27962107938;AIN
SEPMES;47.0806987926, 0.684349143477;INDRE ET LOIR
SEUX;49.8768298923, 2.1056017445;SOMME
CHARNAY;47.128142281, 5.95023128953;DOUBS
THEZAC;44.4336390624, 1.01578855539;LOT ET GARONNE
ST PIERRE DU CHAMP;45.2465337146, 3.88792807023;HAUTE LOIRE
THAUVENAY;47.3006910629, 2.87323352744;CHER
SOYE;47.4521143455, 6.50365970066;DOUBS
COURTHIEZY;49.0472061076, 3.60014193409;MARNE
LA VILLE AUX DAMES;47.3918448824, 0.77454986041;INDRE ET LOIR
STE LIVRADE SUR LOT;44.4058755457, 0.599870593015;LOT ET GARONNE
NEFIACH;42.6961258361, 2.65843590263;PYRENEES ORIENTALES
CORNILLE;48.0822592123, -1.31389594614;ILE ET VILAINE
ST ROCH SUR EGRENNE;48.5760363897, -0.744740516087;ORNE
LUZAY;46.9273390043, -0.2074214162;DEUX SEVRES
DONNAY;48.9469344961, -0.41732907803;CALVADOS
MONTNER;42.7408986624, 2.68850770885;PYRENEES ORIENTALES
SCHILTIGHEIM;48.6118660258, 7.74408199334;BAS RHIN
COURCELLES LE COMTE;50.1574659714, 2.77662394023;PAS DE CALAIS
LE TORPT;49.3369627726, 0.380725864104;EURE
VILLEBOIS LAVALETTE;45.4787469231, 0.282759824793;CHARENTE
LE TILLEUL;49.6856822888, 0.204465863098;SEINE MARITIME
CERENCES;48.9111679831, -1.43836257164;MANCHE
BEY;46.2191748844, 4.84642690241;AIN
BRINGOLO;48.5771136363, -3.00615550724;COTES D ARMOR
LOMPNAS;45.8105943351, 5.52320457866;AIN
MOUTERHOUSE;48.9903559218, 7.43839841263;MOSELLE
GRAND CHARMONT;47.5338572805, 6.82318700398;DOUBS
BOUJAN SUR LIBRON;43.3803202017, 3.26313194789;HERAULT
EUGENIE LES BAINS;43.6942772667, -0.382600517074;LANDES
ST MARTIN L ARS;46.2123889925, 0.556851383529;VIENNE
MOLIERES;44.7900404678, 1.94025068217;LOT
ARGILLY;47.0685552309, 5.02486486976;COTE D OR
SUAUX;45.8479006288, 0.513524239877;CHARENTE
ST ANDRE DE BAGE;46.298541568, 4.91411565769;AIN
PLOUIGNEAU;48.5736126699, -3.7040741716;FINISTERE
VIGNES;43.5230729966, -0.410534963551;PYRENEES ATLANTIQUES
ST IGEST;44.4455113511, 2.09133013053;AVEYRON
PARENT;45.6233589577, 3.22638862151;PUY DE DOME
ASPRES LES CORPS;44.8128831432, 6.00076834757;HAUTES ALPES
ST JANS CAPPEL;50.7684241988, 2.72184821596;NORD
OIGNY;48.0640326764, 0.911161000483;LOIR ET CHER
TREPOT;47.1693297526, 6.16989385238;DOUBS
LOUDET;43.1399868523, 0.576361768273;HAUTE GARONNE
LE SAPPEY EN CHARTREUSE;45.26521241, 5.78391032229;ISERE
FORTSCHWIHR;48.0854227132, 7.4520020595;HAUT RHIN
CARTIGNY;49.9086884167, 3.0172741613;SOMME
COLMARS;44.1724272821, 6.6615406144;ALPES DE HAUTE PROVENCE
ST PIERRE DE JUILLERS;45.9459752445, -0.384995955573;CHARENTE MARITIME
MONTIGNY;47.2282072534, 2.68756376755;CHER
VILLERS SUR LE ROULE;49.1911682593, 1.3195023232;EURE
CAMBURAT;44.6443373032, 1.99856962596;LOT
LIXING LES ST AVOLD;49.0343991815, 6.74031521371;MOSELLE
LA FERTE LOUPIERE;47.8869741845, 3.23991180374;YONNE
LES AULNEAUX;48.4382484523, 0.343168192936;SARTHE
LES BORDES AUMONT;48.1880650067, 4.11899705959;AUBE
DADONVILLE;48.1525880159, 2.26941914573;LOIRET
AUGE;49.8571900309, 4.26843508085;ARDENNES
SIECQ;45.839849714, -0.190558367177;CHARENTE MARITIME
FORCE;48.0292171678, -0.704215110969;MAYENNE
VERGT;45.0414204199, 0.710309790886;DORDOGNE
HENENCOURT;50.0036646587, 2.56232754708;SOMME
FLEUREY LES LAVONCOURT;47.6622890389, 5.78508054344;HAUTE SAONE
BAGAT EN QUERCY;44.3844144129, 1.22801974152;LOT
SAIGNES;44.7891039927, 1.82108642363;LOT
ST EUPHRAISE ET CLAIRIZET;49.2126052966, 3.88386348503;MARNE
PUISEUX EN BRAY;49.4107616918, 1.77846343904;OISE
ST MARTIN LA SAUVETE;45.8366527059, 3.92057216059;LOIRE
MAISDON SUR SEVRE;47.116363643, -1.38887040907;LOIRE ATLANTIQUE
AIRVAULT;46.8329725103, -0.135880248296;DEUX SEVRES
MAUREPAS;48.7698393561, 1.92404037065;YVELINES
ST MAURICE LES CHATEAUNEUF;46.2267056236, 4.25094648512;SAONE ET LOIRE
VERCLAUSE;44.3954497171, 5.40735314381;DROME
LE FRESNE CAMILLY;49.2562338542, -0.487666830521;CALVADOS
CARCASSONNE;43.2093798444, 2.34398855385;AUDE
FROHMUHL;48.9113095227, 7.27923351719;BAS RHIN
LE CERGNE;46.1207669259, 4.30390743723;LOIRE
CAMPANDRE VALCONGRAIN;48.98135248, -0.58496345565;CALVADOS
SENGOUAGNET;42.9551995435, 0.784279293966;HAUTE GARONNE
ST MARCAN;48.5849299477, -1.627947289;ILE ET VILAINE
LESPUGUE;43.229615539, 0.666919835845;HAUTE GARONNE
MARCHELEPOT;49.8310377933, 2.86663557413;SOMME
ROSAY;48.9113105941, 1.68395914645;YVELINES
AUDINCTHUN;50.5786952858, 2.12673374535;PAS DE CALAIS
POMAREDE;44.5585100329, 1.17344386369;LOT
LIMEUX;47.0765880688, 2.12482425358;CHER
BELMONT SUR BUTTANT;48.2215096552, 6.76849283806;VOSGES
LE FRETY;49.734490847, 4.26196353021;ARDENNES
ST GERMAIN NUELLES;45.8643153659, 4.6129807389;RHONE
PRUNIERES;44.8984790286, 5.75662171369;ISERE
GEU;43.0400523893, -0.0525256694523;HAUTES PYRENEES
LE LOUVEROT;46.7328180633, 5.58174416388;JURA
MERAS;43.1823470835, 1.3078528703;ARIEGE
CHECY;47.9024535913, 2.02294070962;LOIRET
MONTGAILLARD SUR SAVE;43.2545847834, 0.717487034111;HAUTE GARONNE
ST TROPEZ;43.262314383, 6.66343039908;VAR
MAIMBEVILLE;49.4147776174, 2.522051381;OISE
LIMEY REMENAUVILLE;48.8942281864, 5.90234476562;MEURTHE ET MOSELLE
DRANCY;48.9234246259, 2.44492688692;SEINE SAINT DENIS
FOZIERES;43.7508754164, 3.35595982822;HERAULT
FALKWILLER;47.6808376844, 7.1296631306;HAUT RHIN
VASSELAY;47.1606916636, 2.3864256936;CHER
ROSNAY L HOPITAL;48.4577724478, 4.50578895388;AUBE
ST HIPPOLYTE LE GRAVEYRON;44.1203739984, 5.07610929797;VAUCLUSE
PONT CROIX;48.0467363685, -4.49625193041;FINISTERE
VILLONS LES BUISSONS;49.2361922294, -0.411267584761;CALVADOS
FOURQUEUX;48.8853336012, 2.05562938511;YVELINES
BEAUMONT SARDOLLES;46.9351521565, 3.39695451595;NIEVRE
VIEILLE EGLISE;50.9332624726, 2.07653957537;PAS DE CALAIS
MONTMANCON;47.355013072, 5.37495539638;COTE D OR
BOIS NORMAND PRES LYRE;48.9005939883, 0.693720098144;EURE
QUINCY SOUS LE MONT;49.3082323924, 3.55906421912;AISNE
SEPTVAUX;49.5697880929, 3.38679579518;AISNE
ROZIERS ST GEORGES;45.7432695076, 1.56065453243;HAUTE VIENNE
ESTIPOUY;43.5489973187, 0.387102294766;GERS
SANGHEN;50.7731524304, 1.89264979524;PAS DE CALAIS
ECUVILLY;49.6473710219, 2.91673971975;OISE
LA PENNE SUR L OUVEZE;44.2503681815, 5.23252395755;DROME
GAURE;43.6176900589, 1.63698361771;HAUTE GARONNE
BANTHEVILLE;49.3529299482, 5.07368538821;MEUSE
AUBERGENVILLE;48.9626916321, 1.84870251915;YVELINES
BARBONVILLE;48.5504061988, 6.35579001053;MEURTHE ET MOSELLE
SELLES;50.6959428486, 1.88964347847;PAS DE CALAIS
BARRE;43.7432621915, 2.81599308412;TARN
HERMONVILLE;49.3318496346, 3.9143354087;MARNE
AUBOUS;43.5761449327, -0.141071694882;PYRENEES ATLANTIQUES
LA RUE ST PIERRE;49.5669983752, 1.25404333908;SEINE MARITIME
COURTIES;43.5734871735, 0.153733826312;GERS
ERCHING;49.1145150394, 7.26539475747;MOSELLE
SEVRY;47.1381447281, 2.82322289822;CHER
ST LON LES MINES;43.6208174786, -1.13368115341;LANDES
GRIESBACH AU VAL;48.0293037675, 7.1719566301;HAUT RHIN
CANOHES;42.6518506927, 2.83475138204;PYRENEES ORIENTALES
VIENNE EN VAL;47.7825716269, 2.12412852097;LOIRET
LINXE;43.9292438732, -1.21865314425;LANDES
DAMMARTIN EN GOELE;49.0541690491, 2.67926104225;SEINE ET MARNE
BELVAL;49.7730174963, 4.63758771996;ARDENNES
VALEYRAC;45.3906041453, -0.901076272339;GIRONDE
NOGENT LE ROI;48.6300718767, 1.52405693927;EURE ET LOIR
GAGNAC SUR CERE;44.9387966672, 1.88455364485;LOT
ST THIBERY;43.3927611076, 3.4008093198;HERAULT
NAIVES ROSIERES;48.8002647073, 5.2290200392;MEUSE
DESCARTES;46.9943964229, 0.696948012849;INDRE ET LOIR
ST MARTIN LACAUSSADE;45.142779014, -0.642629661548;GIRONDE
AMBRUS;44.2306453539, 0.246322512881;LOT ET GARONNE
LASSEUBE PROPRE;43.5727715292, 0.575516716894;GERS
MIONNAY;45.8955939299, 4.92416967439;AIN
DROUILLY;48.7699720491, 4.51233011677;MARNE
LACEPEDE;44.3190367578, 0.481134942394;LOT ET GARONNE
DOLMAYRAC;44.3565526064, 0.591606081403;LOT ET GARONNE
MORLEY;48.5749796805, 5.22473568305;MEUSE
LAGORCE;44.4449016448, 4.43141639823;ARDECHE
GRANDCHAMP;48.3069428443, 0.181392823725;SARTHE
VILLIERS LE PRE;48.5328566587, -1.38845596888;MANCHE
SANS VALLOIS;48.1617644637, 6.1030177625;VOSGES
BESAIN;46.7859315795, 5.79619936745;JURA
LOISY;48.8672070236, 6.09844235852;MEURTHE ET MOSELLE
BERNIERES;49.6223112672, 0.4774389585;SEINE MARITIME
ST SYMPHORIEN DES BRUYERES;48.7864528297, 0.557396047758;ORNE
BELFORT;47.6471539414, 6.84541206237;TERRITOIRE DE BELFORT
MALBOSC;44.349514949, 4.07246027808;ARDECHE
CHAZELLES;45.0219434462, 3.48997094743;HAUTE LOIRE
VOUILLERS;48.6857312327, 4.8445322469;MARNE
ST LAURENT DE CERDANS;42.3968213012, 2.62129986859;PYRENEES ORIENTALES
DAROIS;47.3938381056, 4.9323709651;COTE D OR
THIBERVILLE;49.1322455831, 0.440825641328;EURE
EPINEU LE CHEVREUIL;48.0405286412, -0.132212278832;SARTHE
VIALER;43.508736032, -0.178980532106;PYRENEES ATLANTIQUES
DARDEZ;49.0839988552, 1.20732659473;EURE
CHAPEAU;46.4922208672, 3.51548779612;ALLIER
CONFLANS EN JARNISY;49.1684203113, 5.8479719726;MEURTHE ET MOSELLE
SABLE SUR SARTHE;47.8378265007, -0.354705885665;SARTHE
BRIDORE;47.0367101954, 1.079173286;INDRE ET LOIR
LACQUY;43.9565859062, -0.285182615294;LANDES
ARGIESANS;47.6049743564, 6.82328122613;TERRITOIRE DE BELFORT
COBRIEUX;50.5391896198, 3.24034953595;NORD
MYON;47.0100095777, 5.94019899271;DOUBS
LE GAULT PERCHE;48.0992829662, 0.989927474604;LOIR ET CHER
SERIGNAC;43.9244393445, 1.02486200605;TARN ET GARONNE
CHAMPNETERY;45.8270852921, 1.57880125346;HAUTE VIENNE
AMETTES;50.5270054766, 2.39396099687;PAS DE CALAIS
JOINVILLE;48.4337759431, 5.12296134696;HAUTE MARNE
COURTEMPIERRE;48.0948306091, 2.63504660906;LOIRET
ST PARDOUX ISAAC;44.6122576161, 0.378163344287;LOT ET GARONNE
LE GRAND SERRE;45.2625506689, 5.10224795583;DROME
NAY;43.1761249342, -0.263143755533;PYRENEES ATLANTIQUES
NOYEN SUR SEINE;48.4518691045, 3.34226623535;SEINE ET MARNE
CHAZEUIL;47.2780823598, 3.40392511236;NIEVRE
BONNEUIL EN FRANCE;48.9651461518, 2.43492885419;VAL D OISE
NOZEROY;46.7701820347, 6.03611938375;JURA
BRINON SUR SAULDRE;47.5685456102, 2.2264194575;CHER
BELMONT;47.2190028003, 6.36198595062;DOUBS
ST AUBIN D APPENAI;48.5420210884, 0.33805985698;ORNE
BELHADE;44.3726485881, -0.685242323003;LANDES
CHALON;45.4519499171, 4.9379744903;ISERE
ST FRION;45.8644020911, 2.22307984483;CREUSE
CAYEUX SUR MER;50.1760397062, 1.51571510783;SOMME
ERCHES;49.7243449482, 2.67246538039;SOMME
BLOTZHEIM;47.6041661694, 7.49467481081;HAUT RHIN
GRIVES;44.762997809, 1.07763758967;DORDOGNE
LA FORET SUR SEVRE;46.7587446345, -0.648000879918;DEUX SEVRES
VISMES;50.0029271112, 1.6708655212;SOMME
APREMONT;49.2286452463, 2.5135789889;OISE
PEREYRES;44.7797076255, 4.26098772626;ARDECHE
SAVIGNY SUR CLAIRIS;48.0762765897, 3.08345438352;YONNE
MAREIL SUR MAULDRE;48.8886067884, 1.87528129432;YVELINES
LABRUGUIERE;43.5090050313, 2.26662007488;TARN
LES MONTS D ANDAINE;48.6127467342, -0.435491688539;ORNE
ST BIHY;48.3758879251, -2.96669144631;COTES D ARMOR
MEILLAC;48.4207786657, -1.82223857468;ILE ET VILAINE
UZES;44.0136590402, 4.41600031556;GARD
ENCHASTRAYES;44.3640085405, 6.71028980662;ALPES DE HAUTE PROVENCE
ST HILAIRE;46.1055031441, 2.61988914983;PUY DE DOME
ASTE;43.0169757045, 0.216169122937;HAUTES PYRENEES
LAVAL;48.0608565468, -0.766005687142;MAYENNE
PLOUNEVEZ LOCHRIST;48.6198454528, -4.19874644192;FINISTERE
MONTIGNY LES CONDE;48.9830055534, 3.56635546224;AISNE
BACHY;50.5435916608, 3.26883958433;NORD
COURTILS;48.6281130246, -1.42282016647;MANCHE
TARNES;44.9760038738, -0.355091111216;GIRONDE
VILLARD BONNOT;45.2446205727, 5.88906725424;ISERE
AUTIGNAC;43.4997194171, 3.16767512449;HERAULT
AUMAGNE;45.880093124, -0.411702053139;CHARENTE MARITIME
CHAMEANE;45.5198014002, 3.43838921924;PUY DE DOME
ST AMANT DE MONTMOREAU;45.4047927115, 0.171291549718;CHARENTE
REUVES;48.7982990232, 3.80208051062;MARNE
BOUDY DE BEAUREGARD;44.5438485414, 0.67747020369;LOT ET GARONNE
THENISY;48.4916945564, 3.17799318925;SEINE ET MARNE
COURTAVON;47.4694045712, 7.20007884538;HAUT RHIN
MORLHON LE HAUT;44.3218697288, 2.08182819744;AVEYRON
MONISTROL D ALLIER;44.9763403351, 3.63605677462;HAUTE LOIRE
CHAMELET;45.9847097998, 4.4986606687;RHONE
MONTHOU SUR BIEVRE;47.4622240218, 1.27087030683;LOIR ET CHER
MARSANGY;48.1141834081, 3.24562152715;YONNE
FRAISNES EN SAINTOIS;48.3742055671, 6.06091955537;MEURTHE ET MOSELLE
LA BASTIDE DE SEROU;43.0242795037, 1.42677885373;ARIEGE
NERVIEUX;45.8118000128, 4.14151199652;LOIRE
CHALLES;47.9342773547, 0.428982036509;SARTHE
LES RICEYS;47.9874878792, 4.36950096332;AUBE
ST SULPICE DE MAREUIL;45.4663985969, 0.521742525814;DORDOGNE
SOUVIGNE SUR SARTHE;47.8249718183, -0.411523601476;SARTHE
CARVIN;50.4895185959, 2.94858062937;PAS DE CALAIS
ST LYE;48.3442113534, 3.9810222993;AUBE
LES MOLIERES;48.671525, 2.07284691795;ESSONNE
MOLIERES CAVAILLAC;43.9707308268, 3.571824012;GARD
BARESIA SUR L AIN;46.5423863314, 5.70324307586;JURA
MACAYE;43.3223278424, -1.32403472047;PYRENEES ATLANTIQUES
ST ORADOUX PRES CROCQ;45.8887496199, 2.37555654665;CREUSE
MORVILLE SUR NIED;48.9493034431, 6.42925654166;MOSELLE
CUPERLY;49.0645166138, 4.44810543218;MARNE
CLION;46.9379936712, 1.22161991718;INDRE
BOURG ST BERNARD;43.6062435509, 1.69878224324;HAUTE GARONNE
RIGNAC;44.8065259652, 1.70450822621;LOT
DOUCHY;49.7940905147, 3.13035849025;AISNE
STE COLOMBE;47.8955543395, -1.45748423621;ILE ET VILAINE
ORSAY;48.7004093953, 2.18737051177;ESSONNE
CIRY SALSOGNE;49.3674868367, 3.46778299062;AISNE
AUGERES;46.0799619042, 1.72763541074;CREUSE
BAR;45.3421541864, 1.81469639235;CORREZE
ITXASSOU;43.3100742796, -1.40531371043;PYRENEES ATLANTIQUES
SERVILLE;48.7695206769, 1.48740784688;EURE ET LOIR
FONTENELLE;50.0309452362, 3.84625365761;AISNE
MANTILLY;48.5113113918, -0.813623687288;ORNE
BILHAC;44.9419839173, 1.77725937607;CORREZE
ORIVAL;45.2829609263, 0.0692144911966;CHARENTE
ST FRONT SUR LEMANCE;44.5647070591, 0.998320383054;LOT ET GARONNE
ANSTAING;50.603523536, 3.18920215192;NORD
OUILLON;43.326993012, -0.227554610182;PYRENEES ATLANTIQUES
BONNAY;46.5495831057, 4.62537710045;SAONE ET LOIRE
MARSANNE;44.640273082, 4.88311372596;DROME
ITEUIL;46.484768544, 0.291606821215;VIENNE
POUPRY;48.0996466123, 1.83298152372;EURE ET LOIR
CHABRILLAN;44.713669067, 4.96072243187;DROME
MARIGNY;46.6807912321, 4.46979546252;SAONE ET LOIRE
DANCOURT;49.900965616, 1.53871070384;SEINE MARITIME
ST MICHEL DE MAURIENNE;45.2382472621, 6.49342053727;SAVOIE
BELUS;43.5927734459, -1.11715221654;LANDES
OUZOUER SOUS BELLEGARDE;47.9891839789, 2.4796703966;LOIRET
LUC EN DIOIS;44.6107770597, 5.45872622815;DROME
BONNESVALYN;49.1264049496, 3.32541661771;AISNE
BASTANES;43.3528261826, -0.752484725384;PYRENEES ATLANTIQUES
AILLY SUR SOMME;49.9134876579, 2.18609222746;SOMME
RAILLEU;42.5900683086, 2.15898183392;PYRENEES ORIENTALES
CRIQUEBEUF LA CAMPAGNE;49.1985839238, 0.997594751714;EURE
CUSE ET ADRISANS;47.4833066926, 6.38838690365;DOUBS
BENOUVILLE;49.2437018681, -0.287859699989;CALVADOS
ETIGNY;48.1368850036, 3.27571313001;YONNE
RAMONVILLE ST AGNE;43.5441837911, 1.47782372823;HAUTE GARONNE
PECHBONNIEU;43.7112584886, 1.45879137829;HAUTE GARONNE
DOMMARTIN LE ST PERE;48.4011786255, 4.91405367965;HAUTE MARNE
VEHO;48.6033575468, 6.70883858627;MEURTHE ET MOSELLE
MESBRECOURT RICHECOURT;49.710385665, 3.53739733076;AISNE
TOEUFLES;50.0624444273, 1.71192475287;SOMME
LE FRASNOIS;46.6361110907, 5.89061826384;JURA
CHATELRAOULD ST LOUVENT;48.6623062215, 4.51571278495;MARNE
VILORY;47.7301466997, 6.22337661531;HAUTE SAONE
DIGNAC;45.5542534164, 0.283491007595;CHARENTE
SAZE;43.9447000008, 4.69826538851;GARD
LE FOUSSERET;43.2863317906, 1.06495178565;HAUTE GARONNE
ST TRIMOEL;48.3933041985, -2.5412449971;COTES D ARMOR
PRECHACQ LES BAINS;43.7563106359, -0.919468711064;LANDES
MONTIGNY ST BARTHELEMY;47.4200644388, 4.26152648889;COTE D OR
HERISSART;50.0286046388, 2.41696809789;SOMME
RIGNOVELLE;47.7652483587, 6.47533743202;HAUTE SAONE
ST CLEMENT DES LEVEES;47.3443059131, -0.182503440633;MAINE ET LOIRE
LES CORVEES LES YYS;48.3652575039, 1.14754318067;EURE ET LOIR
ARNAGE;47.9292220095, 0.191344248929;SARTHE
ST FELICIEN;45.0768793363, 4.60975134284;ARDECHE
CUVES;48.7292658425, -1.09806431434;MANCHE
COGNAC;45.6962326551, -0.33507941815;CHARENTE
SEILLAC;47.5491979348, 1.16402336964;LOIR ET CHER
PASSY SUR MARNE;49.0663377762, 3.57438808256;AISNE
LE MESNIL ROGUES;48.8595053152, -1.37785747364;MANCHE
LUSSAN ADEILHAC;43.2961912719, 0.951967921196;HAUTE GARONNE
PIBLANGE;49.2458851209, 6.41209982643;MOSELLE
CLAIREFONTAINE EN YVELINES;48.6167741818, 1.90638035997;YVELINES
CHANDAI;48.7419330141, 0.744469274566;ORNE
GUIGNEN;47.9235807621, -1.8619758657;ILE ET VILAINE
NOIRON;47.3828510502, 5.62597938451;HAUTE SAONE
BROUALAN;48.4755754459, -1.66143618132;ILE ET VILAINE
ARREST;50.1288264007, 1.61923803705;SOMME
COURPALAY;48.6431647905, 2.95363659912;SEINE ET MARNE
PAU;43.3200189773, -0.350337918181;PYRENEES ATLANTIQUES
FISLIS;47.5137490196, 7.38210815031;HAUT RHIN
CHERISAY;48.3503181778, 0.114525077823;SARTHE
PAGNY SUR MEUSE;48.6892208397, 5.73298818244;MEUSE
MARMEAUX;47.5909987533, 4.10578750687;YONNE
MAIGNE;47.9388716442, -0.0547288929729;SARTHE
QUILLAN;42.8757498926, 2.19080612724;AUDE
AMBLIE;49.2848897685, -0.501466969459;CALVADOS
MAGLAND;46.0010482843, 6.63346275001;HAUTE SAVOIE
TRESCHENU CREYERS;44.7365015053, 5.54201158842;DROME
ETRIGNY;46.5892768003, 4.79160201098;SAONE ET LOIRE
FONCEGRIVE;47.6173922862, 5.14245423253;COTE D OR
LACOURT;42.9330702659, 1.17065014177;ARIEGE
MAIZEROY;49.0861603474, 6.38860795137;MOSELLE
EVE;49.087549811, 2.70898194051;OISE
ST AUBIN SUR MER;49.8888204893, 0.875914099002;SEINE MARITIME
GONNEVILLE LA MALLET;49.6315125266, 0.213546027187;SEINE MARITIME
ST PATERNE;48.4136370812, 0.114907308448;SARTHE
VENDEUVRE DU POITOU;46.7257294261, 0.312684454169;VIENNE
ST MARTIN DU TERTRE;49.1039330244, 2.33445740142;VAL D OISE
ST SAULVE;50.3750172475, 3.56642418912;NORD
ZUDAUSQUES;50.7526605163, 2.16024730203;PAS DE CALAIS
LE GRAU DU ROI;43.5072810882, 4.16622948662;GARD
VILLY EN AUXOIS;47.4144498577, 4.62905226658;COTE D OR
ST MICHEL DE LANES;43.3265442555, 1.75090038228;AUDE
TRANQUEVILLE GRAUX;48.4392316325, 5.8449609523;VOSGES
LOUVIGNY;48.3361679656, 0.200765770002;SARTHE
CONDE SUR MARNE;49.0465594364, 4.18039266936;MARNE
LA CELLE;45.8497369275, 2.47438590969;PUY DE DOME
GUEHENNO;47.8922430084, -2.65141544204;MORBIHAN
OPPEDETTE;43.9306604764, 5.59274330363;ALPES DE HAUTE PROVENCE
FAUX VESIGNEUL;48.7824659739, 4.37941197112;MARNE
FEYZIN;45.6730630785, 4.85725794932;RHONE
SILLY LA POTERIE;49.1959898805, 3.15010276155;AISNE
ST PAULIEN;45.135004008, 3.82064144653;HAUTE LOIRE
AXIAT;42.7997046069, 1.76100321573;ARIEGE
BEFFES;47.0930093416, 3.00110748775;CHER
ECOTAY L OLME;45.5867257895, 4.04549513063;LOIRE
LAHOURCADE;43.351780818, -0.630355750104;PYRENEES ATLANTIQUES
ST AUBIN;46.861488808, 2.03208809042;INDRE
ASPREMONT;43.7750731742, 7.24475771199;ALPES MARITIMES
NEUVILLE VITASSE;50.2476254863, 2.81958872203;PAS DE CALAIS
CURGY;46.9886049961, 4.38277730487;SAONE ET LOIRE
CHATENAY EN FRANCE;49.0649154148, 2.46274737647;VAL D OISE
BOUILLE LORETZ;47.0837533753, -0.281260023968;DEUX SEVRES
SELESTAT;48.2481136279, 7.46224896454;BAS RHIN
LOUVIGNIES QUESNOY;50.2165903097, 3.64008191069;NORD
ST JACUT DE LA MER;48.5879964752, -2.1932468359;COTES D ARMOR
LE CHEYLARD;44.9076391858, 4.42108479359;ARDECHE
LOURDES;43.1074297344, -0.0768069387932;HAUTES PYRENEES
LAVALDENS;44.9921098746, 5.90329398345;ISERE
CHIGNE;47.5762354871, 0.111148577918;MAINE ET LOIRE
ST SYMPHORIEN DE LAY;45.9435843496, 4.21665537628;LOIRE
THIEULOY ST ANTOINE;49.6347803075, 1.94612857854;OISE
LONGUEVILLE;50.7288500512, 1.88045163542;PAS DE CALAIS
NEOULES;43.2945310996, 6.02592739077;VAR
CHOISEUL;48.0528969056, 5.57184637406;HAUTE MARNE
INGOLSHEIM;48.9708439784, 7.92975610012;BAS RHIN
HAUT LIEU;50.1031693794, 3.90753338648;NORD
CIREY SUR VEZOUZE;48.5858686466, 6.9448900006;MEURTHE ET MOSELLE
BIMONT;50.540978292, 1.90966011141;PAS DE CALAIS
MORIONVILLIERS;48.374977788, 5.4107346516;HAUTE MARNE
VAUX SUR EURE;49.0358655826, 1.33388811683;EURE
ENGWILLER;48.8817152403, 7.61563175479;BAS RHIN
LA BARRE;47.4076616681, 6.17035977753;HAUTE SAONE
BRATTE;48.8164658679, 6.21836030059;MEURTHE ET MOSELLE
GAEL;48.1184219135, -2.22847304876;ILE ET VILAINE
TRELEVERN;48.801785558, -3.36967789456;COTES D ARMOR
ST PIERRE DES LOGES;48.7431643088, 0.466256113036;ORNE
COLOMBIERS SUR SEULLES;49.2992378071, -0.506001365428;CALVADOS
BRUVILLE;49.1230005819, 5.92560093898;MEURTHE ET MOSELLE
BEAUVOIR;49.605809976, 2.33019531687;OISE
TELLANCOURT;49.5089556847, 5.6298875124;MEURTHE ET MOSELLE
ST VIDAL;45.0748772285, 3.79903420873;HAUTE LOIRE
PEYRIAC MINERVOIS;43.2937181047, 2.56669298957;AUDE
ST JEAN DE THURAC;44.1570353521, 0.740266774824;LOT ET GARONNE
BONNEVILLE APTOT;49.2595144093, 0.751526070144;EURE
LANHOUARNEAU;48.5756574548, -4.20447791215;FINISTERE
VITRY LACHE;47.1914761708, 3.56906711354;NIEVRE
CHATIN;47.1029949815, 3.88309542741;NIEVRE
ST MARCELIN DE CRAY;46.5652558244, 4.52248882344;SAONE ET LOIRE
NANTEUIL LES MEAUX;48.9285877665, 2.8991405174;SEINE ET MARNE
REILHANETTE;44.1712233115, 5.40493973585;DROME
MAISONS;48.4036829881, 1.84481413865;EURE ET LOIR
LA CHAPELLE REANVILLE;49.0946165655, 1.38085267285;EURE
CRUSCADES;43.200032094, 2.81675386265;AUDE
FLAUX;44.0133314652, 4.51091483883;GARD
ST YRIEIX LES BOIS;46.0936669043, 1.95720229248;CREUSE
BEAUPREAU EN MAUGES;47.2125984545, -0.983619028639;MAINE ET LOIRE
VILLIERS EN DESOEUVRE;48.9578709877, 1.48073443882;EURE
PUGET;43.7695336639, 5.2569973443;VAUCLUSE
CREMAREST;50.7007092157, 1.78896697788;PAS DE CALAIS
GUEUDECOURT;50.0600984326, 2.84338835573;SOMME
AMPUS;43.628363684, 6.3718765021;VAR
CUSY;45.7584929074, 6.0333103006;HAUTE SAVOIE
GALAMETZ;50.3258571911, 2.13007564683;PAS DE CALAIS
LES HOGUES;49.4202530059, 1.40791828171;EURE
VALDEROURE;43.7942044466, 6.71003568639;ALPES MARITIMES
ST LOTHAIN;46.8280842983, 5.63947643961;JURA
HAUCOURT EN CAMBRESIS;50.1068286942, 3.34360726309;NORD
ORNAISONS;43.1784619561, 2.83659066279;AUDE
LA GODIVELLE;45.389984353, 2.91731415419;PUY DE DOME
HOSTUN;45.0322321943, 5.20271143898;DROME
ST JEAN DE VEDAS;43.5716282319, 3.83221847952;HERAULT
BRAYE EN LAONNOIS;49.4375773374, 3.60977976284;AISNE
NOIRVAL;49.4583795403, 4.79434525791;ARDENNES
GIBRET;43.6815268209, -0.82247563225;LANDES
PORTES LES VALENCE;44.8757833249, 4.88408311324;DROME
MAISONTIERS;46.7784936839, -0.263054037852;DEUX SEVRES
CANETTEMONT;50.2798293137, 2.36334823406;PAS DE CALAIS
MOUSSY;49.0150808698, 3.92356301559;MARNE
BLOSSEVILLE;49.8517136322, 0.801917356304;SEINE MARITIME
VALLENTIGNY;48.442454066, 4.61489587199;AUBE
NOVES;43.8584523466, 4.89952194493;BOUCHES DU RHONE
LA MERLATIERE;46.7557703112, -1.29794577;VENDEE
ST MENGES;49.759865829, 4.93156116451;ARDENNES
GROUGIS;49.9508110437, 3.53098081744;AISNE
LEOVILLE;45.3778692779, -0.333027025612;CHARENTE MARITIME
ST MICHEL DE MONTAIGNE;44.8790451767, 0.0249387583377;DORDOGNE
ST DONAN;48.4657753573, -2.8865935093;COTES D ARMOR
AICIRITS CAMOU SUHAST;43.3536564293, -1.01649248098;PYRENEES ATLANTIQUES
MERY SUR SEINE;48.5090415373, 3.89883069261;AUBE
VALMASCLE;43.6001846206, 3.2999967216;HERAULT
METZERAL;47.9978920505, 7.02528063902;HAUT RHIN
BENOITVILLE;49.5288698875, -1.77573720806;MANCHE
AUVET ET LA CHAPELOTTE;47.5070865924, 5.52591428297;HAUTE SAONE
LIGNY THILLOY;50.0798753739, 2.82498264917;PAS DE CALAIS
PIRAJOUX;46.385801285, 5.27417594024;AIN
COIGNIERES;48.7497670046, 1.91381870273;YVELINES
ST BARTHELEMY D AGENAIS;44.5242838812, 0.370593568879;LOT ET GARONNE
ST HILLIERS;48.6289146411, 3.25823552684;SEINE ET MARNE
PEYRIAC DE MER;43.0903004686, 2.9485053119;AUDE
NEUVILLE;45.75084815, 3.44292731359;PUY DE DOME
DANESTAL;49.2435804635, 0.0329636078608;CALVADOS
FEUSINES;46.5123371526, 2.10013659358;INDRE
LES MOLLETTES;45.4665131852, 6.05865523761;SAVOIE
GEZIER ET FONTENELAY;47.3622765884, 5.89137487583;HAUTE SAONE
LORTET;43.0398593753, 0.374062084533;HAUTES PYRENEES
OHERVILLE;49.7271197121, 0.689847919572;SEINE MARITIME
LE TREVOUX;47.8886988261, -3.65660819595;FINISTERE
VRIGNY;49.2382231686, 3.91662114924;MARNE
ARCHIAC;45.5228923637, -0.301856482703;CHARENTE MARITIME
FRESNAY LE LONG;49.6507422703, 1.09305102633;SEINE MARITIME
CLAMECY;49.4281077825, 3.36378754787;AISNE
PLEINE FOUGERES;48.5311376904, -1.57392395573;ILE ET VILAINE
FONTJONCOUSE;43.0447254649, 2.79293722382;AUDE
ALLIERES;43.0385438599, 1.36390734959;ARIEGE
BUCHERES;48.2364830009, 4.11414103262;AUBE
RILHAC LASTOURS;45.6589406753, 1.11379948125;HAUTE VIENNE
CERTINES;46.1337950959, 5.26239539372;AIN
PINEUILH;44.8236972399, 0.233443926253;GIRONDE
ST MAULVIS;49.9023922509, 1.82631005356;SOMME
LACHAMP;44.608308126, 3.37038501649;LOZERE
MONTCEL;45.7093447772, 5.9904850832;SAVOIE
HYDS;46.273205648, 2.8280145759;ALLIER
PARDAILHAN;43.4450155578, 2.83724812939;HERAULT
LAPAN;46.9209106861, 2.29549352585;CHER
GOUDELANCOURT LES PIERREPONT;49.6783296824, 3.85162740345;AISNE
LE MENIL VICOMTE;48.7454400632, 0.293574610527;ORNE
LA ROCHENARD;46.2012204653, -0.574638181441;DEUX SEVRES
NISTOS;42.9901954674, 0.462879990115;HAUTES PYRENEES
CANVILLE LA ROCQUE;49.3468037124, -1.63643708504;MANCHE
MATHONVILLE;49.6233003429, 1.38237435878;SEINE MARITIME
L HORME;45.4920272407, 4.54055415513;LOIRE
GORDES;43.909019241, 5.19801978618;VAUCLUSE
ST PARIZE LE CHATEL;46.8507546576, 3.18416300393;NIEVRE
LAVAU SUR LOIRE;47.320865437, -1.95839196459;LOIRE ATLANTIQUE
LAPANOUSE DE CERNON;44.0062686145, 3.09638242965;AVEYRON
TREMEHEUC;48.4389203583, -1.69745222978;ILE ET VILAINE
LA ROCHE RIGAULT;46.9698026391, 0.170597990866;VIENNE
BEAUCAIRE;43.7797429509, 4.59380296865;GARD
VILLING;49.2816215974, 6.63107602679;MOSELLE
CHAMPS SUR YONNE;47.7506618668, 3.60173279363;YONNE
PISCOP;49.0165874672, 2.34203473029;VAL D OISE
BREUVERY SUR COOLE;48.8543161427, 4.29872818849;MARNE
LE SAULCY;48.4235362189, 7.06550788795;VOSGES
URSCHENHEIM;48.0805859963, 7.49120640493;HAUT RHIN
SAND;48.3775481773, 7.61937437402;BAS RHIN
THOIRAS;44.0651729545, 3.92069060431;GARD
CARENTOIR;47.8204086772, -2.14646724944;MORBIHAN
CLERON;47.0815649921, 6.07062488637;DOUBS
ROISEL;49.9450495593, 3.09614374784;SOMME
LE FRECHE;43.92543698, -0.244737215406;LANDES
PRIZY;46.3515033821, 4.21820421458;SAONE ET LOIRE
LUC;43.1490471894, 0.1822289415;HAUTES PYRENEES
SALONNES;48.7893695962, 6.49332298181;MOSELLE
LA BOURGONCE;48.3025993945, 6.81104954686;VOSGES
DOUSSARD;45.7709274033, 6.22183215069;HAUTE SAVOIE
CONGRIER;47.802801926, -1.12483688372;MAYENNE
CANENX ET REAUT;43.9990336487, -0.464721878442;LANDES
MANDUEL;43.8056903138, 4.48826183061;GARD
LOUVIERES;49.3716484594, -0.92252269792;CALVADOS
ST MARCEL EN MARCILLAT;46.1532804539, 2.58075381141;ALLIER
LA MOLE;43.2159206327, 6.47656643864;VAR
MERICOURT;49.0370419554, 1.62393586388;YVELINES
LA CHAPELLE AUX CHASSES;46.6598285232, 3.53021703178;ALLIER
TOUGET;43.6868075437, 0.918063549202;GERS
FRANCOURVILLE;48.4018212449, 1.66249055604;EURE ET LOIR
QUERCAMPS;50.7521632, 2.04535296753;PAS DE CALAIS
SELONGEY;47.5949698633, 5.19951068819;COTE D OR
BREUX SUR AVRE;48.767360989, 1.07169620391;EURE
DAVEJEAN;42.9586371128, 2.60630831881;AUDE
CHARPEY;44.9434242792, 5.07948371958;DROME
TERSANNES;46.2907796223, 1.12756743403;HAUTE VIENNE
ST ROCH;47.4460052887, 0.574049173114;INDRE ET LOIR
MAREIL SUR LOIR;47.7201675683, 0.00780177902929;SARTHE
CHARMOY;46.7692538445, 4.31625377039;SAONE ET LOIRE
LA MARCHE;47.148869332, 3.04010611601;NIEVRE
BURTONCOURT;49.2239102035, 6.40735123793;MOSELLE
ST DENIS LE GAST;48.9438664581, -1.32723799683;MANCHE
CHICHE;46.7954609677, -0.351768054404;DEUX SEVRES
ST BAULD;47.1748289396, 0.839355106635;INDRE ET LOIR
BEAUMONT;46.7432070332, 0.436999990753;VIENNE
LOMPRET;50.6631680443, 2.99516100327;NORD
MOULIN NEUF;45.0000110213, 0.0583950714149;DORDOGNE
ST LAURENT DE CHAMOUSSET;45.7378229671, 4.46479069472;RHONE
VERGISSON;46.3095589166, 4.71007119393;SAONE ET LOIRE
GENEUILLE;47.3201113238, 5.97104762863;DOUBS
ONCY SUR ECOLE;48.3819349973, 2.45686876187;ESSONNE
AVERDOINGT;50.3453037362, 2.44499865437;PAS DE CALAIS
ST PRIEST SOUS AIXE;45.8204298381, 1.08391374375;HAUTE VIENNE
TORCY;48.8532553496, 2.65123227423;SEINE ET MARNE
LIMOURS;48.6465432324, 2.08125663662;ESSONNE
SUSSAC;45.6580687959, 1.65195994088;HAUTE VIENNE
SOULAUCOURT SUR MOUZON;48.1954396501, 5.69449914292;HAUTE MARNE
ST MARTIN LA PLAINE;45.5522879045, 4.59128489318;LOIRE
CHAPONNAY;45.6282287453, 4.95028014638;RHONE
WITTISHEIM;48.2630616091, 7.59069438607;BAS RHIN
VILLEJUST;48.6777382383, 2.22294283132;ESSONNE
JANS;47.6241270257, -1.60441413686;LOIRE ATLANTIQUE
QUINSON;43.7080624854, 6.02269492276;ALPES DE HAUTE PROVENCE
CRECY SUR SERRE;49.698624191, 3.62256564798;AISNE
GLATENS;43.8944756908, 0.919896857009;TARN ET GARONNE
MONCORNEIL GRAZAN;43.4518395248, 0.649860096402;GERS
ST PRIVAT;45.136566968, 2.07738034635;CORREZE
CHEVREUSE;48.707150143, 2.03714431459;YVELINES
CUGAND;47.0602388146, -1.25289811103;VENDEE
LE BAR SUR LOUP;43.6992943088, 6.96272779051;ALPES MARITIMES
LA BOUILLADISSE;43.397192269, 5.61980749093;BOUCHES DU RHONE
BUCEY LES TRAVES;47.6291367702, 5.98525127967;HAUTE SAONE
ST JULIEN SUR VEYLE;46.2014862081, 4.959356342;AIN
THIL;49.3181688565, 3.96508523039;MARNE
THOARD;44.1473006003, 6.12401298333;ALPES DE HAUTE PROVENCE
PREURES;50.573370398, 1.88208837787;PAS DE CALAIS
DOUY;48.0366150829, 1.27967684752;EURE ET LOIR
CANAVEILLES;42.5344206968, 2.2238422292;PYRENEES ORIENTALES
MESSEME;47.0106163687, 0.16882423682;VIENNE
ORBIGNY AU MONT;47.8851114034, 5.46238446053;HAUTE MARNE
GOUGENHEIM;48.704527352, 7.57535025275;BAS RHIN
LE PIAN SUR GARONNE;44.5821324623, -0.216934173908;GIRONDE
CHEMIRE EN CHARNIE;48.0532260742, -0.202932424744;SARTHE
QUINT FONSEGRIVES;43.5815682751, 1.54212357917;HAUTE GARONNE
HAEGEN;48.7056354976, 7.29766137398;BAS RHIN
DOMPIERRE SUR MER;46.1840946232, -1.06784317719;CHARENTE MARITIME
HUGIER;47.3119515767, 5.70658705993;HAUTE SAONE
ST ETIENNE LA CIGOGNE;46.1147582638, -0.495376532777;DEUX SEVRES
LABBEVILLE;49.1338305724, 2.13502924194;VAL D OISE
LESQUIELLES ST GERMAIN;49.931687068, 3.62808644318;AISNE
ESTREES;50.2977355864, 3.07513052042;NORD
ST CHERON;48.6302468013, 4.54637424501;MARNE
CASTELSARRASIN;44.0490326525, 1.12348123121;TARN ET GARONNE
EMBREVILLE;50.0329608641, 1.55242775238;SOMME
MAUREMONT;43.4559384154, 1.68152366041;HAUTE GARONNE
VERNEUIL L ETANG;48.6370893938, 2.8323243324;SEINE ET MARNE
MONTRABOT;49.1078812835, -0.896591935347;MANCHE
MOUILLERON ST GERMAIN;46.6612700667, -0.846784201071;VENDEE
GRANDVILLARS;47.5377831374, 6.97050338546;TERRITOIRE DE BELFORT
MONTREDON DES CORBIERES;43.1813624756, 2.92455318608;AUDE
RETHEUIL;49.318909114, 3.00378064988;AISNE
FARGES LES CHALON;46.8336764432, 4.80644535224;SAONE ET LOIRE
MOUSTIER EN FAGNE;50.0917864543, 4.19598971428;NORD
LAIGNES;47.8261016815, 4.36829803111;COTE D OR
VAL AU PERCHE;48.2676940084, 0.650909010002;ORNE
ILLFURTH;47.6759898554, 7.26634202969;HAUT RHIN
OIGNY EN VALOIS;49.2137237953, 3.1302728623;AISNE
SENTILLY;48.7670202732, -0.12073239352;ORNE
BERGUES;50.9691920635, 2.43268784817;NORD
LE PLESSIS DORIN;48.0884605817, 0.861585224185;LOIR ET CHER
DIENNE;45.1652515543, 2.8073654716;CANTAL
CHAMPGENETEUX;48.2936006558, -0.376248680161;MAYENNE
NURIEUX VOLOGNAT;46.1830720992, 5.51435812316;AIN
VEILLEINS;47.4276616233, 1.6882174614;LOIR ET CHER
STE MARIE;47.6935116851, -2.01321068932;ILE ET VILAINE
MISON;44.2624329752, 5.86562678758;ALPES DE HAUTE PROVENCE
LABARTHE BLEYS;44.0838134122, 1.89558851535;TARN
ST GERMAIN DE CLAIREFEUILLE;48.7256386551, 0.24088318968;ORNE
GRANDVILLIERS;49.666016357, 1.9349239261;OISE
ST SYMPHORIEN;49.3103896124, 0.455835904436;EURE
LANEUVELLE;47.9338547424, 5.66780967773;HAUTE MARNE
NEUVY LE BARROIS;46.8597953067, 3.01962993984;CHER
GERMENAY;47.2891665195, 3.60058784085;NIEVRE
MELLE;46.2309583731, -0.147888712984;DEUX SEVRES
PRIMELLES;46.9066203258, 2.21272434941;CHER
VERIN;45.4600485183, 4.74079429125;LOIRE
MAIRY SUR MARNE;48.8677969763, 4.39336523723;MARNE
LE NOYER EN OUCHE;49.0060440557, 0.761580792819;EURE
ALGANS;43.6001082724, 1.89151438957;TARN
ST AGNAN;43.6956511222, 1.74062164664;TARN
LA GENEYTOUSE;45.7872366834, 1.45422781567;HAUTE VIENNE
MOESLAINS;48.6169452822, 4.88678829658;HAUTE MARNE
HESTRUS;50.4493020094, 2.32930818602;PAS DE CALAIS
CHAMPLAN;48.7083599746, 2.27815398132;ESSONNE
ITTEVILLE;48.5145241389, 2.34431579636;ESSONNE
NEUVEGLISE;44.9309902257, 2.97942663368;CANTAL
KAUFFENHEIM;48.854005833, 8.03199767746;BAS RHIN
VIX;47.9073526426, 4.53670759724;COTE D OR
SEICH;42.9964233845, 0.500255289157;HAUTES PYRENEES
BERGERES LES VERTUS;48.8730736689, 4.00812828777;MARNE
PLOUGASTEL DAOULAS;48.3601932144, -4.38292105021;FINISTERE
HAUTEVILLE SUR MER;48.9741132204, -1.54436628419;MANCHE
DARAZAC;45.1741698919, 2.0813262625;CORREZE
VELENNES;49.4733673509, 2.18849314931;OISE
VANXAINS;45.2121494971, 0.28978883887;DORDOGNE
MEURCHIN;50.4942234674, 2.89430512766;PAS DE CALAIS
WECKOLSHEIM;48.0035606232, 7.49800748783;HAUT RHIN
COURCELLES LES SEMUR;47.4487720046, 4.29278256716;COTE D OR
CHENOMMET;45.9343002402, 0.252955501308;CHARENTE
ST VAAST LA HOUGUE;49.5993508281, -1.27306891683;MANCHE
DANNEMARIE SUR CRETE;47.2062426754, 5.86495393288;DOUBS
ST JOSEPH;45.5552073766, 4.61943614225;LOIRE
GENAT;42.828781368, 1.56589342437;ARIEGE
NORMANDEL;48.6507246602, 0.7216861032;ORNE
RADDON ET CHAPENDU;47.8553521671, 6.4533442174;HAUTE SAONE
VILLESEQUE;44.3978080627, 1.31439035193;LOT
MEUZAC;45.553088918, 1.4167411148;HAUTE VIENNE
VILLERS AUX NOEUDS;49.1914885586, 3.99330476767;MARNE
SYLVAINS LES MOULINS;48.9028184134, 1.10269659898;EURE
CROUY EN THELLE;49.2099385814, 2.32007698271;OISE
LE PUY STE REPARADE;43.6518285649, 5.43958389565;BOUCHES DU RHONE
STE CONSORCE;45.7744360761, 4.69352659139;RHONE
THILLEUX;48.4342468946, 4.79056251456;HAUTE MARNE
BILLY LE GRAND;49.1079745411, 4.23300588875;MARNE
COLINCAMPS;50.1015546044, 2.60960193283;SOMME
MONT ET MARRE;47.0889728299, 3.64523773772;NIEVRE
LOOS EN GOHELLE;50.4567931082, 2.78572759998;PAS DE CALAIS
ST JEAN D ETREUX;46.4055764257, 5.36106967349;JURA
L ISLE BOUZON;43.9244519386, 0.735445599943;GERS
VERZE;46.3779055015, 4.73671320238;SAONE ET LOIRE
LE MARAIS LA CHAPELLE;48.8820216125, -0.0225019105224;CALVADOS
EPENSE;48.9742892722, 4.83231337792;MARNE
THIL MANNEVILLE;49.8398223371, 0.995926540193;SEINE MARITIME
LA CHAPELLE;45.8307508643, 0.0517878633867;CHARENTE
MORTEFONTAINE;49.1222609821, 2.60876023484;OISE
QUINCIE EN BEAUJOLAIS;46.1132737898, 4.60801374116;RHONE
TUCQUEGNIEUX;49.3071016735, 5.89392083172;MEURTHE ET MOSELLE
LOUBRESSAC;44.8660989972, 1.79065883803;LOT
STE HELENE;48.2911473664, 6.65955609502;VOSGES
RIMAUCOURT;48.2480091505, 5.34969223549;HAUTE MARNE
FRANCS;44.942978361, -0.00064276030543;GIRONDE
BRAUX;47.4108469631, 4.41872277915;COTE D OR
SENARENS;43.3519005165, 0.97595832154;HAUTE GARONNE
ST ANDRE LES ALPES;43.9713301406, 6.50149712225;ALPES DE HAUTE PROVENCE
PISY;47.5639786066, 4.14212075944;YONNE
ST HILAIRE DE CLISSON;47.0595826465, -1.3165732334;LOIRE ATLANTIQUE
GRANDCOURT;49.916822702, 1.48528084939;SEINE MARITIME
ANDUZE;44.0507893674, 3.97484165309;GARD
ALBARET LE COMTAL;44.8676627998, 3.14383678125;LOZERE
GONNEHEM;50.5645138274, 2.56749470477;PAS DE CALAIS
VAULT DE LUGNY;47.5025414674, 3.84177784703;YONNE
MONTHOIS;49.3091411656, 4.70416534611;ARDENNES
ST BAUSSANT;48.8919040892, 5.79727902455;MEURTHE ET MOSELLE
PEZENS;43.2548914724, 2.24772297673;AUDE
LES VEYS;49.3200894315, -1.14460882334;MANCHE
LANCHY;49.8292105187, 3.07415428089;AISNE
LA CHAPELLE ST SAUVEUR;46.8468026106, 5.26448829043;SAONE ET LOIRE
MAYOT;49.7090117255, 3.39804766077;AISNE
OSSERAIN RIVAREYTE;43.3723824956, -0.953308055466;PYRENEES ATLANTIQUES
CHAMESSON;47.7827583784, 4.54118131867;COTE D OR
BOVES;49.8416983547, 2.38329938431;SOMME
MARIGNY;46.579557675, 3.20989648546;ALLIER
AULAN;44.2300209805, 5.42219540267;DROME
ARLEUX EN GOHELLE;50.3643664042, 2.86961289041;PAS DE CALAIS
PIERREFICHE;44.685286546, 3.73234366061;LOZERE
AVRICOURT;48.6556287459, 6.8054734595;MOSELLE
SALLES SOUS BOIS;44.4707924508, 4.94008224904;DROME
CADEILHAN;43.8300563676, 0.768446720469;GERS
LOUPMONT;48.8661005424, 5.67917505776;MEUSE
OVILLERS LA BOISSELLE;50.0291342676, 2.69870692069;SOMME
BRICON;48.0857699601, 4.98565524852;HAUTE MARNE
TRESSE;48.48091901, -1.87572379132;ILE ET VILAINE
MORIZES;44.6140049596, -0.0976758090404;GIRONDE
SAMEON;50.4772545596, 3.33248163784;NORD
MADIERE;43.1091748089, 1.51121426863;ARIEGE
TERRON SUR AISNE;49.4555446057, 4.7079258597;ARDENNES
LENTIGNY;45.9921445608, 3.97528031163;LOIRE
VERDELOT;48.8785255196, 3.36521259688;SEINE ET MARNE
HAILLICOURT;50.4758957511, 2.57933383024;PAS DE CALAIS
VADANS;47.3519943594, 5.57942602132;HAUTE SAONE
BETETE;46.3616170895, 2.06970642299;CREUSE
VAYRAC;44.9450597014, 1.69320675098;LOT
TURGON;45.9523992009, 0.410917379931;CHARENTE
SENDETS;44.4268508366, -0.0945303098396;GIRONDE
LASSEUBETAT;43.1830063532, -0.448422921821;PYRENEES ATLANTIQUES
LA CROIX SUR OURCQ;49.1598010602, 3.35048905306;AISNE
ANNAY;50.4616640055, 2.88243603583;PAS DE CALAIS
BOURGET EN HUILE;45.4820997208, 6.21172718237;SAVOIE
BELLEGARDE MARSAL;43.9045721736, 2.27727320222;TARN
MAUBEUGE;50.283630719, 3.96328053037;NORD
WISMES;50.6613559583, 2.07972084711;PAS DE CALAIS
CAMPARAN;42.8322238965, 0.357816058989;HAUTES PYRENEES
BUANES;43.7151108086, -0.422669583311;LANDES
PONTGIBAUD;45.8268408954, 2.85360398183;PUY DE DOME
SAVIGNY;47.7178107179, 5.64399328349;HAUTE MARNE
PERTHEVILLE NERS;48.8758297587, -0.109353634654;CALVADOS
LE PETIT QUEVILLY;49.4238134718, 1.06033289032;SEINE MARITIME
CHATEAUNEUF DU FAOU;48.1889732859, -3.82126129764;FINISTERE
ST MARTIN EN HAUT;45.658238601, 4.55827258271;RHONE
NOYELLES SUR MER;50.1869678717, 1.72060860177;SOMME
MEROBERT;48.4157801741, 1.99629785985;ESSONNE
LAITRE SOUS AMANCE;48.7392097523, 6.27378806825;MEURTHE ET MOSELLE
ST PAIR SUR MER;48.8023738223, -1.54696599127;MANCHE
FLACEY EN BRESSE;46.5949707867, 5.38150826754;SAONE ET LOIRE
NATZWILLER;48.4477521389, 7.25122799667;BAS RHIN
PONTENX LES FORGES;44.2548041372, -1.08797105865;LANDES
LES ARDILLATS;46.1887475632, 4.53644652924;RHONE
GARS;43.8605226685, 6.81676294521;ALPES MARITIMES
LA CHAPELLE MONTLIGEON;48.4854312725, 0.659562933284;ORNE
LE CHARMEL;49.1121866037, 3.54125960951;AISNE
LE COUDRAY MACOUARD;47.1825767187, -0.129426451927;MAINE ET LOIRE
ANJOUIN;47.2008943989, 1.80745396051;INDRE
PASSY;46.5408746813, 4.53540370263;SAONE ET LOIRE
CLERMONT CREANS;47.732640164, -0.0240763113793;SARTHE
ST AME;48.0241085703, 6.65165040514;VOSGES
PALAU DEL VIDRE;42.5687032771, 2.95809890817;PYRENEES ORIENTALES
CASTANET;44.2930906891, 2.30836294143;AVEYRON
DAMBRON;48.1163250641, 1.87193508112;EURE ET LOIR
HAUTE ISLE;49.0827306409, 1.66281760836;VAL D OISE
ST GERMAIN LE GAILLARD;48.4242025077, 1.25461736967;EURE ET LOIR
SINGLES;45.5600798415, 2.55206331215;PUY DE DOME
PRANLES;44.7808511718, 4.57520431156;ARDECHE
DRUDAS;43.7622728422, 1.09790048233;HAUTE GARONNE
BADECON LE PIN;46.532036139, 1.60190321862;INDRE
ST PIERRE LE CHASTEL;45.7937961523, 2.83603887701;PUY DE DOME
BEAUMONTOIS EN PERIGORD;44.773801258, 0.75409629331;DORDOGNE
RENNES LES BAINS;42.9243873687, 2.34144050489;AUDE
ST CLEMENT LES PLACES;45.756189691, 4.42060424905;RHONE
GERMAY;48.4076524839, 5.37142403643;HAUTE MARNE
MONTREUIL EN AUGE;49.1674447526, 0.0706436457965;CALVADOS
FECHE L EGLISE;47.5021767416, 6.95588031238;TERRITOIRE DE BELFORT
NEUILLY LE BISSON;48.5043524254, 0.219675874132;ORNE
CHAMBREY;48.7961903159, 6.45461384881;MOSELLE
LAIROUX;46.4496842668, -1.27114022202;VENDEE
MOULIN SOUS TOUVENT;49.4655313245, 3.0666237868;OISE
MEZIERES SUR OISE;49.7918999939, 3.38740833653;AISNE
ST JULIEN LES RUSSEY;47.2167228369, 6.72957115326;DOUBS
BERTAUCOURT EPOURDON;49.6276056573, 3.39748988886;AISNE
TUZIE;45.9714100031, 0.15018986941;CHARENTE
MAISONS;49.3161871346, -0.752920161833;CALVADOS
SOYE EN SEPTAINE;47.0306784477, 2.48782583308;CHER
GATTEVILLE LE PHARE;49.6796510681, -1.29047452696;MANCHE
BOUQUELON;49.3995142843, 0.49146423829;EURE
STE COLOMBE;45.5250030617, 4.85931457938;RHONE
ORBEY;48.1149528963, 7.13503444718;HAUT RHIN
LA ROCHE SUR YON;46.6675261644, -1.4077954093;VENDEE
MEHUN SUR YEVRE;47.1356637883, 2.22043045347;CHER
ST FLORENTIN;47.0986279649, 1.77918217074;INDRE
HODENC EN BRAY;49.4723304928, 1.91021767615;OISE
LE MOULINET SUR SOLIN;47.817291457, 2.61111743107;LOIRET
CHANTELOUP LES BOIS;47.084888395, -0.691577840535;MAINE ET LOIRE
PLOUARET;48.6193915255, -3.48297540773;COTES D ARMOR
FLETY;46.798653723, 3.9063939213;NIEVRE
GENSAC;43.4335645933, 0.0908531453962;HAUTES PYRENEES
CANLY;49.389080292, 2.69965926929;OISE
MONESTIER;44.7765593236, 0.315283463531;DORDOGNE
SARCENAS;45.2847568738, 5.75992972544;ISERE
VACOGNES NEUILLY;49.085434169, -0.534237961822;CALVADOS
AUBIGNY;49.887570915, 2.47173096758;SOMME
ANTOGNY LE TILLAC;46.9684491062, 0.55478841999;INDRE ET LOIR
AUZEVILLE TOLOSANE;43.5286122552, 1.48721978973;HAUTE GARONNE
BOUSSAC;44.5955239384, 1.91907377788;LOT
ST LEGER LES PARAY;46.4848826059, 4.1163312741;SAONE ET LOIRE
MAIDIERES;48.8958716119, 6.03587896317;MEURTHE ET MOSELLE
LA CROIX AVRANCHIN;48.5502684433, -1.38007913992;MANCHE
TORTEVAL QUESNAY;49.1498130853, -0.730039004181;CALVADOS
GASNY;49.1020218463, 1.59975187173;EURE
ST GOURSON;45.9521446438, 0.312520807637;CHARENTE
ST JOUVENT;45.9566184003, 1.20981236101;HAUTE VIENNE
ST ETIENNE SUR SUIPPE;49.3844633848, 4.10121019242;MARNE
VEDENE;43.9708612885, 4.90327834789;VAUCLUSE
GIBERVILLE;49.1781576948, -0.285160708636;CALVADOS
GONDREVILLE;49.2201415565, 2.94864804292;OISE
AUBIGNY SUR NERE;47.4861718263, 2.42121788452;CHER
RAYSSAC;43.8037266652, 2.42461409466;TARN
BUICOURT;49.5341980923, 1.81531179837;OISE
CERELLES;47.5032297847, 0.684878284494;INDRE ET LOIR
PEYRUN;43.3304439427, 0.191795849008;HAUTES PYRENEES
COUBLANC;46.1713810264, 4.27380729464;SAONE ET LOIRE
SAUZET;44.5897268038, 4.82526007849;DROME
LA CROIX AUX BOIS;49.4054523521, 4.78917859814;ARDENNES
LA RABATELIERE;46.8584147661, -1.2569733759;VENDEE
SOLLIERES SARDIERES;45.24940562, 6.81522776187;SAVOIE
ST FELIX DE PALLIERES;44.0231873129, 3.92590252525;GARD
BOUQUETOT;49.3610544538, 0.770400982625;EURE
SALLES D ARMAGNAC;43.8113198455, -0.0432929443572;GERS
ST MARTIN DE VALGALGUES;44.1658828602, 4.0750003608;GARD
ST GERMAIN LA VILLE;48.8918610464, 4.46169066024;MARNE
L ESTRECHURE;44.0974192863, 3.78792074378;GARD
ST REMIMONT;48.2415839774, 5.91269544307;VOSGES
ST VENERAND;44.8753908292, 3.67498479809;HAUTE LOIRE
PERRIERS EN BEAUFICEL;48.7361688634, -0.999617410349;MANCHE
AMANTY;48.5151526576, 5.60410565546;MEUSE
VAL BUECH MEOUGE;44.2207910151, 5.84342231314;HAUTES ALPES
SAULCHERY;48.9756405479, 3.31260850509;AISNE
AUSSAC VADALLE;45.8215780288, 0.215598559823;CHARENTE
SOISY SUR ECOLE;48.4786667096, 2.48222153936;ESSONNE
CHALANCEY;47.6766614444, 5.13613711539;HAUTE MARNE
ANDERNOS LES BAINS;44.754520164, -1.08109347037;GIRONDE
MONTHERIES;48.1797188872, 4.90288673895;HAUTE MARNE
ECHENANS;47.527383331, 6.69266176707;DOUBS
THIERS SUR THEVE;49.1536648574, 2.57819751248;OISE
AMBILLOU;47.4520562833, 0.446595189261;INDRE ET LOIR
BAROVILLE;48.1827443847, 4.74092531324;AUBE
CASTERA LOUBIX;43.4059390869, -0.034605507142;PYRENEES ATLANTIQUES
NEUVILLE AU PLAIN;49.4241715154, -1.33468334659;MANCHE
BLANDIN;45.4796488543, 5.44663594679;ISERE
WANNEHAIN;50.5709754745, 3.27007498669;NORD
VILLE EN SELVE;49.1225957296, 4.0791891129;MARNE
ALTECKENDORF;48.7944549979, 7.59641028848;BAS RHIN
ST LEGER PRES TROYES;48.2395381009, 4.07306377461;AUBE
VALLIERES LES GRANDES;47.4108790791, 1.14756502799;LOIR ET CHER
MIERY;46.8065984707, 5.66613178867;JURA
NOGARO;43.7612028008, -0.0306381303587;GERS
COLLIGNY;49.0966398426, 6.33612392553;MOSELLE
MAREUIL;45.4407517575, 0.447904772653;DORDOGNE
COMBLES;50.0100855412, 2.87396008715;SOMME
ESPRELS;47.5427842228, 6.35948828395;HAUTE SAONE
CHAVANAC;45.6193925333, 2.09923298827;CORREZE
PLUVIGNER;47.7824013121, -3.01608916771;MORBIHAN
PUIVERT;42.9088493046, 2.05940105724;AUDE
CHALAUX;47.3330120045, 3.91270768034;NIEVRE
ST MICHEL SUR TERNOISE;50.375190709, 2.36052687199;PAS DE CALAIS
VEZAC;44.8405623629, 1.17297806576;DORDOGNE
DAMPIERRE EN BURLY;47.76127445, 2.54303804345;LOIRET
THANVILLE;48.3253039558, 7.34853223079;BAS RHIN
DOMPAIRE;48.2260970826, 6.20804680456;VOSGES
MONTFAUCON;47.2418571296, 6.08660837587;DOUBS
BELLEGARDE SUR VALSERINE;46.1067901755, 5.83202736464;AIN
VERT TOULON;48.8477595772, 3.90655337825;MARNE
NEUILLE PONT PIERRE;47.5504384264, 0.550024622575;INDRE ET LOIR
LA CHAPELLE SOUS UCHON;46.8348259179, 4.24313052371;SAONE ET LOIRE
MANSLE;45.8790882664, 0.173859970412;CHARENTE
ST JEAN LA VETRE;45.7746461063, 3.79161072319;LOIRE
LARIVIERE ARNONCOURT;48.0240430841, 5.7182829587;HAUTE MARNE
PIERLAS;44.0346760802, 7.01697586732;ALPES MARITIMES
BRIE;47.9511752369, -1.55057030783;ILE ET VILAINE
VOLMERANGE LES MINES;49.4457659624, 6.06722602054;MOSELLE
MONTFORT LE GESNOIS;48.0577881474, 0.402183285649;SARTHE
JUSSY LE CHAUDRIER;47.1213846381, 2.94318254275;CHER
ST MARCEL DE CAREIRET;44.1419755663, 4.4845481491;GARD
BRAUD ET ST LOUIS;45.2544518508, -0.646204430347;GIRONDE
LA CHAPELLE ST LAUD;47.6139328972, -0.298192588523;MAINE ET LOIRE
BOURDIC;43.978017691, 4.33488113527;GARD
TRESBOEUF;47.8809229293, -1.55314201505;ILE ET VILAINE
ST MARTIN D ESTREAUX;46.2089488528, 3.81781028236;LOIRE
AUGNAT;45.4140216179, 3.17930900469;PUY DE DOME
LE PLESSIER HULEU;49.2388752756, 3.34814266149;AISNE
SERVIN;47.3054149371, 6.47182127802;DOUBS
AUPS;43.6246326968, 6.22132785585;VAR
STE SABINE;47.1875125214, 4.62169164492;COTE D OR
ST PANCRACE;45.2661323144, 6.30078779644;SAVOIE
MOOSLARGUE;47.5112217629, 7.21307892037;HAUT RHIN
LESCHELLE;49.9605709227, 3.77740709683;AISNE
ST MARCEAU;48.1828234191, 0.122196005127;SARTHE
LARRAU;43.0098151548, -0.97252443116;PYRENEES ATLANTIQUES
ST GEORGES DE MONS;45.9425789981, 2.86525806155;PUY DE DOME
BRIZAMBOURG;45.8065841077, -0.476018876791;CHARENTE MARITIME
BOFFRES;44.919020401, 4.69606511142;ARDECHE
ST MARTIN DE LA BRASQUE;43.7640135964, 5.53975821596;VAUCLUSE
CHARTRETTES;48.4942666127, 2.71362181584;SEINE ET MARNE
QUET EN BEAUMONT;44.8366691536, 5.87794751381;ISERE
GISCARO;43.6065164877, 0.93402419559;GERS
VAUGINES;43.7786185321, 5.40667854286;VAUCLUSE
PETIT FAILLY;49.439659769, 5.50119376994;MEURTHE ET MOSELLE
ST GERMAIN LES SENAILLY;47.5980519223, 4.28133138948;COTE D OR
PARNANS;45.1132787214, 5.15915280668;DROME
SEYCHALLES;45.8064341619, 3.33651456543;PUY DE DOME
AGNY;50.2529566088, 2.76055250016;PAS DE CALAIS
FLANGEBOUCHE;47.1212999202, 6.47198800405;DOUBS
BROGNON;49.9327420219, 4.28047046988;ARDENNES
LAXOU;48.6822062614, 6.11358630152;MEURTHE ET MOSELLE
CELLETTES;47.5283508082, 1.38123647264;LOIR ET CHER
SACQUENAY;47.5842099756, 5.32132637871;COTE D OR
LANVELLEC;48.6072769742, -3.52795086821;COTES D ARMOR
ST ETIENNE DE MAURS;44.7216425562, 2.22943690133;CANTAL
MEYLAN;45.2123567232, 5.78354910277;ISERE
VIEILLE BRIOUDE;45.2509891916, 3.40398248919;HAUTE LOIRE
ST PAUL;45.7524342928, 1.44281385346;HAUTE VIENNE
DARVAULT;48.277038883, 2.72843016047;SEINE ET MARNE
CELLES SUR AISNE;49.4159264546, 3.47446927431;AISNE
LE GIVRE;46.4729146043, -1.40256149118;VENDEE
SACEY;48.4995771205, -1.4595082329;MANCHE
SERE EN LAVEDAN;43.0198406053, -0.128367115293;HAUTES PYRENEES
ROCHE LEZ BEAUPRE;47.2817555255, 6.10801938836;DOUBS
BURNHAUPT LE BAS;47.7164544837, 7.15440584349;HAUT RHIN
MONCHEL SUR CANCHE;50.3037937856, 2.21852869181;PAS DE CALAIS
ST REMY;44.3952055876, 2.04173574254;AVEYRON
LA CHAPELLE TAILLEFERT;46.1137729071, 1.8336197788;CREUSE
ST JULIEN PUY LAVEZE;45.6620496707, 2.67963503526;PUY DE DOME
THOIRE SUR DINAN;47.7646608356, 0.462066578914;SARTHE
ST CLEMENT;46.0577534847, 3.7219179861;ALLIER
HERMERAY;48.653842919, 1.68849471188;YVELINES
MONTBEL;42.9784689513, 1.96705977285;ARIEGE
FRONTIGNAN DE COMMINGES;42.9631400152, 0.665864279596;HAUTE GARONNE
ST ETIENNE DE TINEE;44.2491492809, 6.92452445063;ALPES MARITIMES
RIESPACH;47.5364456332, 7.28849736143;HAUT RHIN
ST SAUVEUR DE MEILHAN;44.4853614152, -0.00584375673838;LOT ET GARONNE
ST BARTHELEMY DE VALS;45.1624784084, 4.87594608232;DROME
RUGLES;48.8157669223, 0.691368655422;EURE
ONDRES;43.5663586756, -1.45381098217;LANDES
CORNEILLA DE CONFLENT;42.5760974122, 2.38267562909;PYRENEES ORIENTALES
CROSVILLE SUR DOUVE;49.3854792404, -1.47607183277;MANCHE
JURANVILLE;48.0610597586, 2.48280852307;LOIRET
MANTOCHE;47.4262852629, 5.52118852315;HAUTE SAONE
JUIGNE DES MOUTIERS;47.689317272, -1.21237889264;LOIRE ATLANTIQUE
ST THOMAS;49.5014100438, 3.81925378492;AISNE
LELLING;49.0419434651, 6.71058338549;MOSELLE
ROUJAN;43.5109460252, 3.30936586252;HERAULT
MOUSTIERS STE MARIE;43.8383278559, 6.22818909628;ALPES DE HAUTE PROVENCE
DANIZY;49.6665738585, 3.40089557013;AISNE
MANCE;49.2743132888, 5.91941137591;MEURTHE ET MOSELLE
GIVRAND;46.6822701061, -1.8787272243;VENDEE
ORNY;49.0303467553, 6.24889661293;MOSELLE
THUREY LE MONT;47.3753171699, 6.13573809341;DOUBS
BESSONCOURT;47.6448119375, 6.9429284708;TERRITOIRE DE BELFORT
TRIORS;45.0951576073, 5.11184336958;DROME
CHARCE ST ELLIER SUR AUBANCE;47.3522114874, -0.403200268067;MAINE ET LOIRE
BRUSSON;48.7415318428, 4.7060593864;MARNE
PEZILLA LA RIVIERE;42.7052766962, 2.76420559832;PYRENEES ORIENTALES
LAISSAC SEVERAC L EGLISE;44.3644570513, 2.81804424075;AVEYRON
PAREAC;43.1149928821, 0.0195991686393;HAUTES PYRENEES
LOUROUX DE BOUBLE;46.2297197928, 2.97309854454;ALLIER
FEL;48.7933103841, 0.111944335524;ORNE
BELFLOU;43.3189976269, 1.798174168;AUDE
HAUTE AVESNES;50.3298562005, 2.63592929368;PAS DE CALAIS
LES MAGES;44.2281290306, 4.17436325066;GARD
ROSIERS D EGLETONS;45.3879504108, 2.01084744458;CORREZE
ST VINCENT DU LOROUER;47.8210184227, 0.480742705963;SARTHE
BUISSARD;44.6575269333, 6.14755068818;HAUTES ALPES
TETHIEU;43.746664517, -0.959617745338;LANDES
FAGNON;49.7325267992, 4.61914614937;ARDENNES
MOGEVILLE;49.2438999043, 5.53947409518;MEUSE
MAISON ROLAND;50.1283581508, 2.02616048057;SOMME
MUR DE BRETAGNE;48.1957524474, -2.9837108711;COTES D ARMOR
ST ETIENNE DE FONTBELLON;44.5985890529, 4.37388980251;ARDECHE
VILLERS LES MOIVRONS;48.8144465735, 6.25119600136;MEURTHE ET MOSELLE
PALUEL;49.8443584396, 0.630759269257;SEINE MARITIME
ST LOUP DU DORAT;47.8857485976, -0.423854225277;MAYENNE
MONTLAUX;44.0407923753, 5.85016627036;ALPES DE HAUTE PROVENCE
LE VIBAL;44.3214095463, 2.74143536761;AVEYRON
CASSIS;43.2230470065, 5.55117810991;BOUCHES DU RHONE
HANNOCOURT;48.9143175086, 6.45203653587;MOSELLE
ST CLEMENT;45.3308184051, 1.68701999554;CORREZE
ST MARTIN DES CHAMPS;48.6668233534, -1.3367884355;MANCHE
BUSQUE;43.7853547999, 1.94837679226;TARN
LES AGEUX;49.3183042237, 2.5890180969;OISE
AUBERCHICOURT;50.3299785774, 3.22782402703;NORD
RABAT LES TROIS SEIGNEURS;42.8457065317, 1.49314286744;ARIEGE
ST BONNET EN BRESSE;46.8588763872, 5.17827286067;SAONE ET LOIRE
ST VALERY;49.7249107248, 1.72911335468;OISE
STE RAMEE;45.419274916, -0.664112168706;CHARENTE MARITIME
OBERHOFFEN SUR MODER;48.7801040272, 7.88738513222;BAS RHIN
ST SYMPHORIEN D ANCELLES;46.1956267392, 4.77196064471;SAONE ET LOIRE
OBERMODERN ZUTZENDORF;48.8479068198, 7.54015464948;BAS RHIN
VITRE;48.1140815063, -1.19370720718;ILE ET VILAINE
FRANSECHES;46.0285507814, 2.03995506962;CREUSE
GLENAC;47.737831269, -2.14280393723;MORBIHAN
SURRAIN;49.32844781, -0.854850589431;CALVADOS
REVIERS;49.2984627336, -0.465691637716;CALVADOS
BONNEBOSQ;49.2183141516, 0.0906070280253;CALVADOS
ST MICHEL;49.9259700696, 4.15288229364;AISNE
BREZE;47.1659198942, -0.0543045916422;MAINE ET LOIRE
MESLAY DU MAINE;47.9469156243, -0.558693863131;MAYENNE
CONFRACOURT;47.6738636873, 5.88867029246;HAUTE SAONE
RICHEMONT;49.2844440368, 6.16265276093;MOSELLE
STAPLE;50.7522593819, 2.44870670166;NORD
LE BU SUR ROUVRES;49.0324526222, -0.176721251591;CALVADOS
CHAMPCELLA;44.7175774929, 6.53138042905;HAUTES ALPES
SILLEY AMANCEY;47.0325022535, 6.13704551483;DOUBS
MONTASTRUC SAVES;43.3616344154, 1.01900079597;HAUTE GARONNE
PONCINS;45.7272583786, 4.15060346621;LOIRE
VITRY EN PERTHOIS;48.7482473925, 4.61966323951;MARNE
LAPENTY;48.5689340564, -1.02322797383;MANCHE
CASTRES;43.6156511237, 2.23787231587;TARN
HANNOGNE ST REMY;49.6062120313, 4.14321052174;ARDENNES
GARDONNE;44.831194856, 0.330972182621;DORDOGNE
BUSSY LES POIX;49.8174206612, 2.01371818079;SOMME
PIERRERUE;43.4408898427, 2.96353265776;HERAULT
DONZY LE NATIONAL;46.4494789467, 4.56487665856;SAONE ET LOIRE
CANALS;43.8610543748, 1.29934658197;TARN ET GARONNE
TIGNECOURT;48.0453029268, 5.89454897704;VOSGES
CHAUMOUX MARCILLY;47.142667178, 2.77994573074;CHER
ASPET;43.0114092218, 0.805918611708;HAUTE GARONNE
LES ESSARDS;45.7949558042, -0.770156195099;CHARENTE MARITIME
LAVEISSIERE;45.1035229375, 2.78285034579;CANTAL
AVIREY LINGEY;48.028003129, 4.29702645691;AUBE
ERR;42.4101855099, 2.06608273686;PYRENEES ORIENTALES
LA CELLE ST CLOUD;48.8469487124, 2.13519126228;YVELINES
GRUISSAN;43.1040163547, 3.08229513652;AUDE
UROU ET CRENNES;48.757281999, 0.0121282857365;ORNE
LE SAP ANDRE;48.8285699503, 0.390076945635;ORNE
AVEIZIEUX;45.5692764354, 4.37903111201;LOIRE
SANTENY;48.7356177142, 2.57637480242;VAL DE MARNE
ALFORTVILLE;48.7960843864, 2.42124593241;VAL DE MARNE
GUCHEN;42.8574363144, 0.322355278083;HAUTES PYRENEES
VAUCHRETIEN;47.3384739558, -0.485141925888;MAINE ET LOIRE
CHANTELOUVE;44.9859421745, 5.97635547463;ISERE
ST JEAN DU DOIGT;48.6703251838, -3.76283111411;FINISTERE
BONSMOULINS;48.6583186822, 0.541666162724;ORNE
LA BRULATTE;48.0896249185, -0.973295963828;MAYENNE
TAURIGNAN VIEUX;43.0434128319, 1.11433094449;ARIEGE
TRAITIEFONTAINE;47.4214104613, 6.09590296552;HAUTE SAONE
SOMMIERES;43.7756118498, 4.08232743857;GARD
BOUSSIERES EN CAMBRESIS;50.1638275467, 3.37224279409;NORD
CHATEL GUYON;45.9206993185, 3.0632143777;PUY DE DOME
SEVIS;49.7118820005, 1.17834673118;SEINE MARITIME
GOHORY;48.1653685282, 1.22366989339;EURE ET LOIR
BARCELONNE DU GERS;43.69328997, -0.212928744956;GERS
ST CLAIR;44.1524310269, 0.942322871268;TARN ET GARONNE
DAMAZAN;44.2886728778, 0.275113045329;LOT ET GARONNE
CORNIMONT;47.9685491752, 6.8653046202;VOSGES
EPECAMPS;50.1109041034, 2.15406528883;SOMME
GOURDON;46.6403109594, 4.4421869118;SAONE ET LOIRE
LABROYE;50.2935984532, 1.98515419117;PAS DE CALAIS
PULNOY;48.7016421917, 6.26610027665;MEURTHE ET MOSELLE
SAUVIAC;43.4094830661, 0.45725685306;GERS
BARBUISE;48.5509217232, 3.562035391;AUBE
TREUX;49.9513815906, 2.59162319356;SOMME
CURZAY SUR VONNE;46.4906519992, 0.0413718312202;VIENNE
FAVEROLLES;48.6691172577, -0.289200935258;ORNE
ST MARTIN DU VAR;43.8166172421, 7.19929220425;ALPES MARITIMES
LABARTHETE;43.6283080545, -0.164158807539;GERS
OUZOUER SUR LOIRE;47.7843937, 2.47737458282;LOIRET
LA CHAPELLE CRAONNAISE;47.9020169468, -0.908547347571;MAYENNE
YSSAC LA TOURETTE;45.9344003582, 3.09229073701;PUY DE DOME
SCIECQ;46.3703981885, -0.474635693538;DEUX SEVRES
JEUX LES BARD;47.5318872622, 4.25532260801;COTE D OR
BRIZEAUX;49.0062286296, 5.05620625699;MEUSE
MIREBEAU;46.7891930308, 0.198457182701;VIENNE
ROURE;44.1189138677, 7.06680296507;ALPES MARITIMES
LES VILLARDS SUR THONES;45.9132702752, 6.37458702668;HAUTE SAVOIE
CERAN;43.8154019755, 0.698929197336;GERS
ST JACUT LES PINS;47.6776522748, -2.21229939133;MORBIHAN
GOTTENHOUSE;48.7180135851, 7.35834197528;BAS RHIN
SARS POTERIES;50.1616514836, 4.04379435649;NORD
NORROY LE SEC;49.2766316915, 5.80939284962;MEURTHE ET MOSELLE
JUIGNETTES;48.8472706788, 0.64345379282;EURE
CUIRY LES IVIERS;49.7661751176, 4.10397751712;AISNE
ST LAURENT DE BREVEDENT;49.5325966653, 0.269281714398;SEINE MARITIME
ST PIERRE EN PORT;49.8072086102, 0.500314301045;SEINE MARITIME
JURVIELLE;42.8293252731, 0.475016792399;HAUTE GARONNE
NEUVILLE ST AMAND;49.8206477091, 3.33360991741;AISNE
ST OURS;45.7555682291, 5.98099167623;SAVOIE
OLWISHEIM;48.6977790108, 7.67388730631;BAS RHIN
CORCONDRAY;47.2259805171, 5.8274819544;DOUBS
DOULEVANT LE CHATEAU;48.3711804366, 4.91706385243;HAUTE MARNE
FETERNES;46.3490789194, 6.5652955969;HAUTE SAVOIE
OUVEILLAN;43.2931875374, 2.96999154918;AUDE
LESSY;49.1272207543, 6.09954585779;MOSELLE
CRUZILLES LES MEPILLAT;46.2220588715, 4.8752193513;AIN
PONT ST ESPRIT;44.2526637065, 4.63901945786;GARD
VIEUX CHATEAU;47.4716319276, 4.13565741481;COTE D OR
LIMONS;45.9761150757, 3.44572241084;PUY DE DOME
HOUSSEN;48.1315690762, 7.37459864544;HAUT RHIN
LOOZE;47.9974732281, 3.44023544311;YONNE
ARAGNOUET;42.784224156, 0.178165691036;HAUTES PYRENEES
LA RAVOIRE;45.5561328197, 5.9602608047;SAVOIE
MONTREAL;44.5182302311, 4.29420556332;ARDECHE
HELLIMER;48.9953314454, 6.82557922684;MOSELLE
ST PARDOUX CORBIER;45.4428777879, 1.45525591811;CORREZE
SENONCOURT LES MAUJOUY;49.0585412777, 5.34394200098;MEUSE
AUDRUICQ;50.8846450982, 2.08156931946;PAS DE CALAIS
ST QUENTIN SUR NOHAIN;47.3245431361, 3.02155254017;NIEVRE
HOUSSAY;47.7446954686, 0.947069193008;LOIR ET CHER
CONFRANCON;46.270304175, 5.05775217893;AIN
SAINTINES;49.3020445014, 2.76780194989;OISE
BULLION;48.6245810321, 1.98307952001;YVELINES
MAISONS LAFFITTE;48.9523369002, 2.15161594901;YVELINES
AMBRINES;50.3081142295, 2.46698289083;PAS DE CALAIS
MIMBASTE;43.646688515, -0.958884857354;LANDES
MOULINS LA MARCHE;48.6502807278, 0.47464312921;ORNE
VOLESVRES;46.4730942856, 4.16777937135;SAONE ET LOIRE
ALLOUE;46.0204552645, 0.5258351895;CHARENTE
VILLERS AU FLOS;50.0787621287, 2.90542012766;PAS DE CALAIS
LE VILLEY;46.8482451972, 5.507416249;JURA
COUPVRAY;48.8855498316, 2.79349218664;SEINE ET MARNE
ST JUST IBARRE;43.1685351428, -1.04795747058;PYRENEES ATLANTIQUES
CLARBEC;49.2411702401, 0.134575376763;CALVADOS
STILL;48.5666223105, 7.36640588547;BAS RHIN
ROCHEFORT SAMSON;44.975050381, 5.16619542188;DROME
EPAGNE;48.3975318023, 4.4698095219;AUBE
ST DIDIER SOUS RIVERIE;45.5926758452, 4.60545378337;RHONE
SOMME BIONNE;49.0883022983, 4.71735582412;MARNE
ST JULIEN DE PEYROLAS;44.2832227467, 4.56872809849;GARD
BRETEUIL;49.6340425257, 2.29183403499;OISE
LA CELLETTE;46.4013328197, 2.00952314466;CREUSE
CONDE SUR IFS;49.0365024572, -0.139687850488;CALVADOS
LAFAGE SUR SOMBRE;45.2926824126, 2.07691880797;CORREZE
LE BREUIL BERNARD;46.7138106631, -0.556791561272;DEUX SEVRES
VILLENEUVE LES CERFS;46.0188653048, 3.3291939424;PUY DE DOME
EPINAY SUR ODON;49.0688314523, -0.619078817289;CALVADOS
ST PIERRE DE L ISLE;46.0285452845, -0.444536284605;CHARENTE MARITIME
CALONGES;44.373357824, 0.225583969332;LOT ET GARONNE
GEMOZAC;45.5615748972, -0.684082033771;CHARENTE MARITIME
LA CLISSE;45.7320429784, -0.75493581331;CHARENTE MARITIME
BATILLY;49.1770727995, 5.9696995649;MEURTHE ET MOSELLE
ST OUEN LES PAREY;48.1737856169, 5.77907312316;VOSGES
CONTEVILLE;49.4174960871, 0.391276015721;EURE
EECKE;50.7800648549, 2.59723080781;NORD
PARIS 16;48.8603987604, 2.2620995594;PARIS
BREVILLY;49.6589910342, 5.07963407809;ARDENNES
IGE;46.4053982627, 4.73487976051;SAONE ET LOIRE
LA FRAMBOISIERE;48.597334686, 1.01588556317;EURE ET LOIR
ST LAURENT EN GRANDVAUX;46.5694227071, 5.96258087921;JURA
HINGES;50.5707161285, 2.62942563762;PAS DE CALAIS
LEYRAT;46.3583997455, 2.29375289146;CREUSE
ESPINCHAL;45.3946444984, 2.87909484661;PUY DE DOME
BREUCHES;47.7994742775, 6.32850280633;HAUTE SAONE
BREVILLE SUR MER;48.8696459716, -1.55887910392;MANCHE
VERDUN;49.1454831903, 5.36141821261;MEUSE
MONTCHEVRIER;46.4789542772, 1.75403274632;INDRE
BERNAY EN CHAMPAGNE;48.0717941945, -0.0566010405247;SARTHE
ST DIZIER EN DIOIS;44.5106852385, 5.4869564348;DROME
MORESTEL;45.6800024667, 5.47063929574;ISERE
HOULETTE;45.7564757122, -0.210601025302;CHARENTE
EUVY;48.7176600126, 4.01995122819;MARNE
ST LAURENT LA VERNEDE;44.1117248991, 4.4613624707;GARD
ST SIXTE;44.1281007992, 0.783277975172;LOT ET GARONNE
CRESPIN;50.4217331557, 3.65237979993;NORD
GENNES VAL DE LOIRE;47.3145776087, -0.253486023918;MAINE ET LOIRE
BOUX SOUS SALMAISE;47.4731727042, 4.64424292231;COTE D OR
SUILLY LA TOUR;47.3335127052, 3.07213356568;NIEVRE
BENY SUR MER;49.2906537032, -0.436236066881;CALVADOS
BEAUMENIL;48.1718555594, 6.72212832026;VOSGES
PORT SUR SEILLE;48.8997308507, 6.15976934112;MEURTHE ET MOSELLE
VALENCE;44.1068332095, 0.897921093494;TARN ET GARONNE
MONTFERRAND;43.368751028, 1.82823175156;AUDE
COGLES;48.4546950908, -1.36403299793;ILE ET VILAINE
ST CYR MONTMALIN;46.959233635, 5.72305044676;JURA
SERE LANSO;43.0673096557, 0.0151038377966;HAUTES PYRENEES
JOSSELIN;47.9544411983, -2.54877600621;MORBIHAN
CENAC ET ST JULIEN;44.7868370138, 1.20346249044;DORDOGNE
SEMALENS;43.598998518, 2.10929167449;TARN
ST PIERRE DES BOIS;47.9414864633, -0.135650706918;SARTHE
VILLENEUVE SUR FERE;49.1706936984, 3.47593842959;AISNE
BOUSSAIS;46.8185496547, -0.263669046618;DEUX SEVRES
LA CHATRE;46.5738617061, 1.99112468906;INDRE
PUBLY;46.6295899553, 5.65124745442;JURA
LA CHAPELLE BLANCHE ST MARTIN;47.0841623177, 0.784624904578;INDRE ET LOIR
DETTEY;46.7671010152, 4.1860690251;SAONE ET LOIRE
MENETREOL SOUS SANCERRE;47.3182695839, 2.86662649363;CHER
ST CIRQ SOUILLAGUET;44.7052928988, 1.44133375749;LOT
EPINAY SOUS SENART;48.6871527113, 2.51577225487;ESSONNE
GERMAGNY;46.6733437634, 4.59764029825;SAONE ET LOIRE
ST GONLAY;48.1132469608, -2.07658788542;ILE ET VILAINE
BARNAVE;44.6573608737, 5.3674248212;DROME
BEFFU ET LE MORTHOMME;49.372094938, 4.89223564312;ARDENNES
HERMAVILLE;50.325082478, 2.58386198522;PAS DE CALAIS
LEUDEVILLE;48.5707254105, 2.32774257442;ESSONNE
BOSSENDORF;48.781544071, 7.56733864822;BAS RHIN
JOURNET;46.469251343, 0.974156008064;VIENNE
ROUTOT;49.3851066473, 0.726281563291;EURE
PRADELLE;44.6207509256, 5.28093626176;DROME
BEAUVOISIN;44.3007007366, 5.2126241299;DROME
CHAMBELLAY;47.6887999605, -0.69354489611;MAINE ET LOIRE
BELLOC ST CLAMENS;43.4569328563, 0.436935279711;GERS
CAUDRY;50.1187185043, 3.4192394153;NORD
TRUNGY;49.1936866317, -0.722397448796;CALVADOS
MONTELIMAR;44.5540845734, 4.74869387765;DROME
PARTHENAY DE BRETAGNE;48.1884515911, -1.829797127;ILE ET VILAINE
ST NIZIER LE DESERT;46.052861561, 5.14246131764;AIN
ST PATHUS;49.0737570585, 2.78794221143;SEINE ET MARNE
FONTENAY PRES CHABLIS;47.8431550159, 3.81463603577;YONNE
ST MARTIN EN VERCORS;45.0160606703, 5.44906004178;DROME
VIGNOUX SUR BARANGEON;47.2080522932, 2.18031155899;CHER
ST SAUVEUR SUR ECOLE;48.4997072373, 2.53411876201;SEINE ET MARNE
COMPANS;48.9892298685, 2.6561103822;SEINE ET MARNE
CONCOULES;44.374273791, 3.94567245426;GARD
BOUZIN;43.1908302921, 0.883064615225;HAUTE GARONNE
DOULCON;49.3862415142, 5.15481342523;MEUSE
LE FERRE;48.4864153557, -1.29478720847;ILE ET VILAINE
TRAMECOURT;50.46970334, 2.15213924885;PAS DE CALAIS
LA NEUVILLE SUR ESSONNE;48.1799204528, 2.37951846195;LOIRET
LANOUAILLE;45.3777105918, 1.13200271217;DORDOGNE
CLARAFOND ARCINE;46.074723886, 5.89580535006;HAUTE SAVOIE
COISEVAUX;47.5880541275, 6.70710563724;HAUTE SAONE
LES CASSES;43.4266610754, 1.86444537803;AUDE
NOIZAY;47.4169793507, 0.897184990068;INDRE ET LOIR
ST MARTIN DES BOIS;47.7252568405, 0.824501862365;LOIR ET CHER
SILMONT;48.7392069249, 5.24642373048;MEUSE
RICAUD;43.3468605546, 1.89555306899;AUDE
CASTELNAU DE GUERS;43.4352029154, 3.47130498268;HERAULT
PARNOY EN BASSIGNY;48.0252868226, 5.6605141849;HAUTE MARNE
ROULANS;47.3176462512, 6.23539545398;DOUBS
AMEL SUR L ETANG;49.2572264224, 5.64725124448;MEUSE
ST MALO DES TROIS FONTAINES;48.0174200107, -2.46820100361;MORBIHAN
ST GERON;45.3353129399, 3.29409683606;HAUTE LOIRE
CHAUMONT;46.044949243, 5.94515955142;HAUTE SAVOIE
ST MAXENT;49.998092452, 1.73127217091;SOMME
AVILLERS STE CROIX;49.0338833425, 5.70380804793;MEUSE
PALAMINY;43.1942889645, 1.06030325813;HAUTE GARONNE
CHANGY;48.77967619, 4.67870882012;MARNE
LOUANS;47.1794670914, 0.739652182346;INDRE ET LOIR
SACHY;49.6698224813, 5.12802048203;ARDENNES
GUYANS VENNES;47.1669293709, 6.58340413101;DOUBS
ST MAURICE EN RIVIERE;46.8493063168, 5.02211527314;SAONE ET LOIRE
GARENTREVILLE;48.2339884396, 2.55980121131;SEINE ET MARNE
LA PELLERINE;47.459103434, 0.131469619906;MAINE ET LOIRE
IGNEY;48.276319758, 6.39000589897;VOSGES
VERGETOT;49.6115922738, 0.28186227301;SEINE MARITIME
EMBERMENIL;48.6376861214, 6.68261184638;MEURTHE ET MOSELLE
RAMBAUD;44.5468227894, 6.13166613475;HAUTES ALPES
STE CAMELLE;43.2710599599, 1.78451738107;AUDE
LES BOUCHOUX;46.2946998262, 5.80456188916;JURA
LOCUNOLE;47.9243454961, -3.48583985781;FINISTERE
HOHENGOEFT;48.6607527966, 7.46742297306;BAS RHIN
LE CAULE STE BEUVE;49.7755550599, 1.59259694221;SEINE MARITIME
RIEUX DE PELLEPORT;43.0579984327, 1.59934492972;ARIEGE
LEIGNE SUR USSEAU;46.9162063157, 0.475922952908;VIENNE
PUY ST VINCENT;44.8144250588, 6.4647473741;HAUTES ALPES
GRANDJEAN;45.8753248293, -0.602567687993;CHARENTE MARITIME
MIRBEL;48.2896692671, 5.04080217069;HAUTE MARNE
CHENIERS;46.3514072872, 1.8276144193;CREUSE
BRETENOUX;44.9142894383, 1.84254876727;LOT
STE COLOMBE;49.7963787198, 0.761815502519;SEINE MARITIME
NANTIAT;46.0110925335, 1.17367841667;HAUTE VIENNE
CHAUMONT SUR AIRE;48.9255521315, 5.26979694314;MEUSE
ARCHIGNY;46.6715864043, 0.681233798313;VIENNE
ROSNAY;46.7081092632, 1.20629298649;INDRE
MAATZ;47.7057969225, 5.43384462311;HAUTE MARNE
ST DIDIER DE LA TOUR;45.5479526483, 5.48734196729;ISERE
MANHEULLES;49.1211788426, 5.59472588936;MEUSE
WISSEMBOURG;49.0184562539, 7.96174575912;BAS RHIN
ST MARTIN AUX ARBRES;49.6507295015, 0.890163763501;SEINE MARITIME
LOUIT;43.3006855002, 0.16086842567;HAUTES PYRENEES
FONTEVRAUD L ABBAYE;47.1843477154, 0.03384269066;MAINE ET LOIRE
VILLERS SUR BAR;49.6817820293, 4.85514229057;ARDENNES
BRULAIN;46.2053327297, -0.314279915986;DEUX SEVRES
LA CHEZE;48.1346308811, -2.66260913976;COTES D ARMOR
MAUGUIO;43.5928279472, 4.00425693337;HERAULT
CAYRAC;44.1039406465, 1.47852315966;TARN ET GARONNE
CADENET;43.7304056282, 5.38354319666;VAUCLUSE
MONTAGNY LES SEURRE;47.0221158476, 5.25126130211;COTE D OR
CHATILLON SUR CHALARONNE;46.1232390685, 4.95810003714;AIN
AVRICOURT;49.6496055244, 2.86403233407;OISE
ST GERMAIN DES PRES;43.5628494713, 2.07801085173;TARN
MANOT;45.9343000992, 0.621390097085;CHARENTE
CHUFFILLY ROCHE;49.4510357652, 4.62193241864;ARDENNES
LA SALETTE FALLAVAUX;44.8433178683, 5.98498987593;ISERE
HATRIZE;49.1964808746, 5.89788853353;MEURTHE ET MOSELLE
DIRAC;45.5986667875, 0.241731538574;CHARENTE
DONNELAY;48.750185761, 6.68883715814;MOSELLE
VILLES SUR AUZON;44.0660605145, 5.25707803023;VAUCLUSE
AUBERCOURT;49.8378941809, 2.54731400317;SOMME
LARCAN;43.1712212106, 0.721733118542;HAUTE GARONNE
LE PONT DE CLAIX;45.1259127487, 5.70193593188;ISERE
ENTREVERNES;45.7764785792, 6.18131365622;HAUTE SAVOIE
BLANZAT;45.8274618701, 3.07331572461;PUY DE DOME
ST MELOIR DES ONDES;48.6387125438, -1.90517612803;ILE ET VILAINE
MARCQ;49.3140144117, 4.91977304358;ARDENNES
MUGRON;43.7412885635, -0.752690282166;LANDES
VILLERS LE SEC;48.8197755055, 4.85545727922;MARNE
GRANDECOURT;47.6362713068, 5.85990201791;HAUTE SAONE
ECOUCHE LES VALLEES;48.715236562, -0.11079364791;ORNE
LECHATELET;47.0530922759, 5.14157005423;COTE D OR
ARGUT DESSOUS;42.8924379244, 0.715516624447;HAUTE GARONNE
STE AUSTREBERTHE;49.6017062639, 0.972327447526;SEINE MARITIME
LA GUERCHE SUR L AUBOIS;46.9518824158, 2.94540320329;CHER
PRASVILLE;48.2738416281, 1.71166561057;EURE ET LOIR
POMPEJAC;44.3995823965, -0.298890658986;GIRONDE
BALHAM;49.4914098748, 4.15107633205;ARDENNES
PRISSE LA CHARRIERE;46.1506834964, -0.48413782937;DEUX SEVRES
ST MICHEL LOUBEJOU;44.8881827852, 1.85309104006;LOT
FREVENT;50.270911587, 2.29293491451;PAS DE CALAIS
MASSINGY;45.8267941245, 5.91585359049;HAUTE SAVOIE
FESTES ET ST ANDRE;42.9618144716, 2.11582079753;AUDE
ESWARS;50.2182439323, 3.26546336103;NORD
MAICHE;47.2397795382, 6.79879675226;DOUBS
ST GERMAIN DE CALBERTE;44.2216658847, 3.81002631474;LOZERE
MESCOULES;44.7414241256, 0.425737207718;DORDOGNE
TILLAY LE PENEUX;48.1589221633, 1.76370317108;EURE ET LOIR
CIVRAY;46.9738711356, 2.18516682907;CHER
HAMMEVILLE;48.498931189, 6.07133226205;MEURTHE ET MOSELLE
POUYASTRUC;43.2680458723, 0.171366694638;HAUTES PYRENEES
ST LUBIN DE LA HAYE;48.818368676, 1.56052234981;EURE ET LOIR
ST GAL;44.6677397831, 3.41592493596;LOZERE
VILLARD SALLET;45.4865020097, 6.13474545432;SAVOIE
TREMONT SUR SAULX;48.7435666584, 5.06993719945;MEUSE
L HOPITAL D ORION;43.441442284, -0.853283494968;PYRENEES ATLANTIQUES
TREFLAOUENAN;48.6266043642, -4.1001544022;FINISTERE
ST SAUVEUR LALANDE;44.9770754792, 0.252681840344;DORDOGNE
PRINTZHEIM;48.7920916691, 7.47697747581;BAS RHIN
MORNAY BERRY;47.0542272715, 2.86500900166;CHER
ST JUST;45.4584826405, 3.80945921845;PUY DE DOME
PONTACQ;43.1983211463, -0.103500734217;PYRENEES ATLANTIQUES
SAILLY AU BOIS;50.1213705437, 2.59867218191;PAS DE CALAIS
DROSAY;49.7921683779, 0.737326886541;SEINE MARITIME
MONTPEZAT;43.3888998554, 0.977281314352;GERS
STE MARIE AU BOSC;49.6652973868, 0.204761684966;SEINE MARITIME
CLASSUN;43.7152491166, -0.390818849951;LANDES
RIBAGNAC;44.7574541307, 0.485586188502;DORDOGNE
VILLENEUVE ST GERMAIN;49.3789013616, 3.36175815803;AISNE
COLOMBIERS;46.7001989151, 2.5566301229;CHER
ST ALBAN D HURTIERES;45.4684794014, 6.24910265774;SAVOIE
L ILE D OLONNE;46.570163703, -1.7737502368;VENDEE
MENIL VIN;48.8495621801, -0.319173633186;ORNE
TERSANNE;45.2159447789, 5.01614531458;DROME
LE BRIGNON;44.9156334152, 3.87741582593;HAUTE LOIRE
ST LEGER DU BOIS;47.0229494919, 4.43237550476;SAONE ET LOIRE
LOUPERSHOUSE;49.0806819852, 6.91513594257;MOSELLE
ST PIERREVILLE;44.819009873, 4.48134078114;ARDECHE
ST SAUD LACOUSSIERE;45.5365082688, 0.839648874583;DORDOGNE
LUPPE VIOLLES;43.7351599052, -0.143601198849;GERS
LE BOUCHET;45.8045733703, 6.38410878026;HAUTE SAVOIE
RECLESNE;47.0470566219, 4.2846413148;SAONE ET LOIRE
ROCHER;44.5805813909, 4.2790675943;ARDECHE
LAFARRE;44.8371506318, 3.98918688187;HAUTE LOIRE
MORNAC SUR SEUDRE;45.7079105893, -1.02132531485;CHARENTE MARITIME
COULONGES;45.6088801122, -0.428936735857;CHARENTE MARITIME
ST MARY LE PLAIN;45.1760315691, 3.14393366298;CANTAL
CHAVANATTE;47.5826458846, 7.07154687722;TERRITOIRE DE BELFORT
CEYZERIEU;45.8335530148, 5.71933090966;AIN
LA COLLANCELLE;47.1806919215, 3.64662117712;NIEVRE
METZ;49.1081133279, 6.1955245421;MOSELLE
PEYROUZET;43.2079044252, 0.832151962989;HAUTE GARONNE
ORMOY;47.9553960343, 3.57454289298;YONNE
ROCOURT;48.1076973635, 5.74509629224;VOSGES
CANS ET CEVENNES;44.301436191, 3.68067181243;LOZERE
ARFEUILLES;46.1431515084, 3.74329110559;ALLIER
ROUVRES SUR AUBE;47.8608869669, 4.98793387974;HAUTE MARNE
ST AMAND EN PUISAYE;47.548454274, 3.07830606651;NIEVRE
FEYTIAT;45.8054368217, 1.32945260238;HAUTE VIENNE
PIERRY;49.0190498467, 3.94930532069;MARNE
CHARMOILLE;47.2394562597, 6.66850732349;DOUBS
BONCOURT LE BOIS;47.1377542581, 4.99799682538;COTE D OR
POISAT;45.1541844702, 5.77015327234;ISERE
ST LIN;46.5326512584, -0.228519741295;DEUX SEVRES
MONTRIEUX EN SOLOGNE;47.5504272914, 1.71812517711;LOIR ET CHER
LIRY;49.3047517017, 4.6426157479;ARDENNES
ST SARDOS;44.3387503829, 0.489881579397;LOT ET GARONNE
ST LEGER;50.1836392129, 2.8515731694;PAS DE CALAIS
LE PONTHOU;48.557360122, -3.63959984291;FINISTERE
HANNONVILLE SUZEMONT;49.098891613, 5.83676444356;MEURTHE ET MOSELLE
LESBOEUFS;50.0441508716, 2.85744124696;SOMME
CINTREY;47.7535156501, 5.75205214351;HAUTE SAONE
ARBONNE LA FORET;48.4103383904, 2.5610975271;SEINE ET MARNE
LE MUNG;45.8721844676, -0.714571429678;CHARENTE MARITIME
BUC;48.7718338876, 2.12394286717;YVELINES
ST LEONARD;43.857899605, 0.769694095196;GERS
ST RIEUL;48.4428159884, -2.42162290786;COTES D ARMOR
VILLEDIEU LES BAILLEUL;48.7995766824, 0.0180312174989;ORNE
PLAISSAN;43.5590614886, 3.52978704961;HERAULT
RONQUEROLLES;49.1677039084, 2.21341666638;VAL D OISE
ST JULIEN DE LA LIEGUE;49.1401487215, 1.28700576113;EURE
AVRESSIEUX;45.5713044928, 5.69389635857;SAVOIE
CRESSIN ROCHEFORT;45.7826434885, 5.76546256637;AIN
LARTIGUE;44.252892627, -0.0912924578468;GIRONDE
LA CHEVALLERAIS;47.477183891, -1.66493224738;LOIRE ATLANTIQUE
VINEZAC;44.5464277181, 4.33294323997;ARDECHE
CORMEILLES;49.6424440702, 2.19661684856;OISE
LISORS;49.3579867554, 1.4732613577;EURE
PORCELETTE;49.1603232212, 6.66533625772;MOSELLE
LA GONTERIE BOULOUNEIX;45.381722826, 0.58447803795;DORDOGNE
JUZET D IZAUT;42.9699962027, 0.757388801207;HAUTE GARONNE
AUTINGUES;50.8422869707, 1.98640127698;PAS DE CALAIS
ST LEOMER;46.4160960603, 0.997218918187;VIENNE
POURU ST REMY;49.6809685609, 5.08867231139;ARDENNES
LANLOUP;48.7099285646, -2.96884384171;COTES D ARMOR
CASTELNAU PEGAYROLS;44.1404700763, 2.92770802784;AVEYRON
ST NICOLAS LES CITEAUX;47.1291027258, 5.08467105168;COTE D OR
BETHINCOURT;49.2503994373, 5.22447207758;MEUSE
CHALVIGNAC;45.2475912738, 2.26458985433;CANTAL
ST MAURICE PRES PIONSAT;46.0687545413, 2.59304544754;PUY DE DOME
RAYNANS;47.5368460098, 6.72116733981;DOUBS
ST SAUVY;43.6994537624, 0.811688166016;GERS
VILLERS EN CAUCHIES;50.2264212975, 3.39435479006;NORD
CIVRIEUX D AZERGUES;45.854953276, 4.71130995652;RHONE
BEAUCOURT EN SANTERRE;49.7964929568, 2.58623353641;SOMME
CHATEL CENSOIR;47.5231274585, 3.63789696158;YONNE
LE TREPORT;50.053376282, 1.372617602;SEINE MARITIME
PARNES;49.2000876864, 1.74905447896;OISE
LE MAZEAU;46.3298580373, -0.672957405035;VENDEE
STE ENIMIE;44.3777129567, 3.41934570392;LOZERE
VILLOTTE SUR AIRE;48.8575993984, 5.35419334822;MEUSE
BEAUFICEL;48.7422652249, -0.962075624861;MANCHE
ASLONNES;46.4452071575, 0.33420632298;VIENNE
STE COLOMBE DE PEYRE;44.6769208097, 3.23191868734;LOZERE
RENNES LE CHATEAU;42.9139113416, 2.27362239522;AUDE
LE BOUCHAGE;45.6694922312, 5.52270028125;ISERE
SEYCHES;44.5491210196, 0.292236597438;LOT ET GARONNE
VARZAY;45.7002243997, -0.743043174473;CHARENTE MARITIME
LESIGNAC DURAND;45.8150582723, 0.6446900761;CHARENTE
ARGENTENAY;47.822524019, 4.11478245867;YONNE
TORCIEU;45.92125055, 5.40400282244;AIN
DOMLOUP;48.0670688041, -1.54288380182;ILE ET VILAINE
LA FERRIERE DE FLEE;47.7365814493, -0.839728647757;MAINE ET LOIRE
ST LEGER LE PETIT;47.1148472744, 2.99914312574;CHER
MEHONCOURT;48.5123289166, 6.37994710945;MEURTHE ET MOSELLE
HEROUVILLE ST CLAIR;49.2073560619, -0.331022626025;CALVADOS
ROUZIERS DE TOURAINE;47.5311263676, 0.647449146554;INDRE ET LOIR
ENCOURTIECH;42.9635581924, 1.19263328033;ARIEGE
ST SATURNIN SUR LOIRE;47.3839004642, -0.429149450456;MAINE ET LOIRE
LA LONGINE;47.8992130151, 6.57732666046;HAUTE SAONE
ROUILLAC;48.3069863373, -2.36929726654;COTES D ARMOR
PUISEAUX;48.2093647379, 2.4665704993;LOIRET
ETROCHEY;47.8893912326, 4.51963624928;COTE D OR
TEYSSIERES;44.4574320364, 5.14299816408;DROME
CAMPAGNAC LES QUERCY;44.6954132053, 1.17519301119;DORDOGNE
MARTILLAC;44.7153672874, -0.556994506438;GIRONDE
ERNEMONT SUR BUCHY;49.5412192034, 1.36035800361;SEINE MARITIME
LA CHAPELLE DU BARD;45.4025988849, 6.13800529096;ISERE
ST HEAND;45.5305252119, 4.38203656297;LOIRE
BONNETAGE;47.1802952744, 6.73897461794;DOUBS
TOSNY;49.2233918119, 1.36348561262;EURE
BOIS D ARCY;47.5510372024, 3.72064912624;YONNE
SUNDHOUSE;48.2550723499, 7.63031906582;BAS RHIN
MARIMONT LES BENESTROFF;48.8895699015, 6.788940583;MOSELLE
POISSONS;48.4239473612, 5.21581768919;HAUTE MARNE
SEURRE;47.0074486166, 5.15220213947;COTE D OR
VAUX EN VERMANDOIS;49.8238668444, 3.13578987374;AISNE
FONTAINE FOURCHES;48.4120304455, 3.39431258442;SEINE ET MARNE
ST OUEN SUR MORIN;48.9068261671, 3.20190542412;SEINE ET MARNE
ROSSELANGE;49.2667090169, 6.06105180621;MOSELLE
BESSONIES;44.8085327316, 2.14444051482;LOT
APPELLE;43.5806834944, 1.95329824844;TARN
ST JULIEN EN GENEVOIS;46.139365545, 6.07881171095;HAUTE SAVOIE
ST CLEMENT;48.5424165222, 6.6233621308;MEURTHE ET MOSELLE
PUYVERT;43.7501902846, 5.33808223228;VAUCLUSE
TRESSON;47.9030368156, 0.556315449485;SARTHE
FOSSE;47.6307150923, 1.27701587955;LOIR ET CHER
NOGENT LES MONTBARD;47.6042846627, 4.36951243241;COTE D OR
FRESSAIN;50.2829594632, 3.19200167251;NORD
LA GUERCHE DE BRETAGNE;47.9442619164, -1.24421600669;ILE ET VILAINE
LES NOES;46.0347302948, 3.83628210331;LOIRE
LA FERTE MACE;48.581835018, -0.366879794994;ORNE
GIRONDE SUR DROPT;44.5911619768, -0.0876331035649;GIRONDE
LA FERTE GAUCHER;48.7881786696, 3.30423031275;SEINE ET MARNE
BOUFFRY;48.0100096651, 1.088414927;LOIR ET CHER
LE VAL DE GOUHENANS;47.6238998324, 6.48703960291;HAUTE SAONE
LAGRUERE;44.3978769193, 0.264943641793;LOT ET GARONNE
ST SAUVEUR;45.1455683904, 5.34488906233;ISERE
ST PIERRE LAVAL;46.1954561376, 3.77027031369;ALLIER
POMMIERS MOULONS;45.3278061357, -0.348630198728;CHARENTE MARITIME
GAUDENT;42.9975262511, 0.559482919265;HAUTES PYRENEES
AUGERANS;47.026326647, 5.5838585111;JURA
HAUTE EPINE;49.5828440784, 2.00667497625;OISE
SERQUIGNY;49.1148167511, 0.707564259681;EURE
LAFAT;46.3383631539, 1.6058357703;CREUSE
ST JOUAN DE L ISLE;48.266340555, -2.17849741496;COTES D ARMOR
URDOS;42.8354449559, -0.535288457262;PYRENEES ATLANTIQUES
CONTAMINE SUR ARVE;46.1334593706, 6.33869457098;HAUTE SAVOIE
SAUVERNY;46.3126908233, 6.11043836433;AIN
MOYDANS;44.4099745186, 5.50897346198;HAUTES ALPES
ST LAURENT DES MORTIERS;47.7703071745, -0.540190288651;MAYENNE
NIEUL SUR L AUTISE;46.424726987, -0.665995249042;VENDEE
URY;48.3408766133, 2.60035520757;SEINE ET MARNE
BESSAC;45.4311590741, -0.0136973551346;CHARENTE
DURSTEL;48.8910133304, 7.20487622199;BAS RHIN
NOIRMOUTIER EN L ILE;47.0086655085, -2.26243620205;VENDEE
NOTRE DAME D ALIERMONT;49.8452221098, 1.2979386234;SEINE MARITIME
TOUQUES;49.353602734, 0.112669944999;CALVADOS
FAUCON DU CAIRE;44.3959463913, 6.1036738865;ALPES DE HAUTE PROVENCE
ASPACH MICHELBACH;47.7791495008, 7.12888464942;HAUT RHIN
GLENIC;46.2297069592, 1.94120796612;CREUSE
CLEON D ANDRAN;44.6098641585, 4.93231560292;DROME
BEAUSSAULT;49.6894037709, 1.57537767873;SEINE MARITIME
ST ARCONS D ALLIER;45.0843286639, 3.56334774649;HAUTE LOIRE
BARRAUX;45.4360335449, 5.98047363076;ISERE
COUBLUCQ;43.5378290325, -0.363582850112;PYRENEES ATLANTIQUES
ST LEGER DE FOUGERET;47.0085324049, 3.90770959425;NIEVRE
BOUELLES;49.7223152226, 1.49218753372;SEINE MARITIME
LEBIEZ;50.4592668371, 1.97830860496;PAS DE CALAIS
WARGEMOULIN HURLUS;49.1602195185, 4.66277412786;MARNE
HOMBOURG;47.7566036089, 7.49041917296;HAUT RHIN
ST HILAIRE PETITVILLE;49.3035990702, -1.21788567702;MANCHE
LA TOUR DE SCAY;47.3825738249, 6.22493151895;DOUBS
ESTREE;50.4955374947, 1.80353730749;PAS DE CALAIS
LUGAGNAN;43.0634793076, -0.0388443963174;HAUTES PYRENEES
AGEY;47.2873713877, 4.76268467218;COTE D OR
LES RESSUINTES;48.5952891998, 0.926278842341;EURE ET LOIR
LA BASTIDE DES JOURDANS;43.7945397599, 5.64677782095;VAUCLUSE
VIGUERON;43.8937685951, 1.05623953646;TARN ET GARONNE
NOEUX LES MINES;50.4751015881, 2.66285501357;PAS DE CALAIS
PONTVALLAIN;47.7590113873, 0.199384022474;SARTHE
BEAULIEU SOUS LA ROCHE;46.6872087211, -1.62355064963;VENDEE
ST MARTIN LE REDON;44.5343809724, 1.03448043775;LOT
BEAUVAIS SUR TESCOU;43.8981519823, 1.57160347509;TARN
ANGIVILLERS;49.4889521261, 2.49971184199;OISE
LA LAIGNE;46.2156875435, -0.755573639604;CHARENTE MARITIME
VIEUVY;48.446058835, -0.877620263394;MAYENNE
ORX;43.6053566765, -1.37144651708;LANDES
PINTHEVILLE;49.1156179213, 5.66923029109;MEUSE
ST SAUVEUR LES BRAY;48.4379889484, 3.20463281198;SEINE ET MARNE
OMEY;48.8508163201, 4.5057348075;MARNE
HUMBERVILLE;48.2924560516, 5.3803496928;HAUTE MARNE
ORSINVAL;50.2718570583, 3.63293709102;NORD
BOISSY EN DROUAIS;48.7288229425, 1.25197353346;EURE ET LOIR
BROSSAY;47.1680323936, -0.216255821188;MAINE ET LOIRE
BERLOU;43.4985990248, 2.94998951427;HERAULT
ST RAMBERT EN BUGEY;45.9504631708, 5.44017084612;AIN
VILLERS LES GUISE;49.9255661982, 3.68241664598;AISNE
COMBEFA;44.0498006457, 2.09498362646;TARN
MONTGAZIN;43.3054212469, 1.30333898897;HAUTE GARONNE
CHASSEY LES MONTBOZON;47.5237818332, 6.32649306031;HAUTE SAONE
RONTALON;45.6566700054, 4.61833164833;RHONE
CERNON;48.8335946268, 4.34181763415;MARNE
ST GERMAIN SUR AY;49.2376498334, -1.60885612868;MANCHE
BLACE;46.0346971393, 4.63561700748;RHONE
ST PARDON DE CONQUES;44.5515180962, -0.188705431159;GIRONDE
BOSQUEL;49.737214267, 2.21306482831;SOMME
ESSISES;48.9666904843, 3.41396491705;AISNE
ANNEVILLE LA PRAIRIE;48.2007257864, 5.08748613699;HAUTE MARNE
ST MARTIN DES PRES;48.3055992864, -2.96456859759;COTES D ARMOR
TORSIAC;45.3520799718, 3.19806819425;HAUTE LOIRE
CHATEAU LARCHER;46.4163092918, 0.300807728817;VIENNE
VALDIEU LUTRAN;47.6265524313, 7.05577643274;HAUT RHIN
MAROLS;45.4747627904, 4.03920281904;LOIRE
VILLENEUVE LA GUYARD;48.3359583803, 3.05649125172;YONNE
SOULAGES;45.0897253064, 3.26165456011;CANTAL
BOUZEL;45.7801556099, 3.31866753421;PUY DE DOME
WARVILLERS;49.7798160362, 2.69111887108;SOMME
HAUTEFOND;46.4353617469, 4.17206207978;SAONE ET LOIRE
MONTGIVRAY;46.5962273498, 1.96629767733;INDRE
BOUTX;42.9153786194, 0.770355750474;HAUTE GARONNE
ST MICHEL;43.1325345547, 1.50200100913;ARIEGE
FREPILLON;49.0501306912, 2.20489899147;VAL D OISE
CITEY;47.4397388319, 5.78910667479;HAUTE SAONE
CHOISEY;47.0588384803, 5.45057837104;JURA
SEPT SAULX;49.1492543394, 4.26408117653;MARNE
VERNEUIL SUR AVRE;48.7377022151, 0.924765167388;EURE
AMBAX;43.3680277125, 0.937034657846;HAUTE GARONNE
VILLEFRANCHE DE PANAT;44.0971941681, 2.71527258024;AVEYRON
CHAPDEUIL;45.3426145124, 0.466888679679;DORDOGNE
VILLETHIERRY;48.2677766627, 3.07197353642;YONNE
CHAVANIAC LAFAYETTE;45.1574777226, 3.58519893756;HAUTE LOIRE
AGNICOURT ET SECHELLES;49.7166573626, 3.96043211816;AISNE
JOUY SUR MORIN;48.7955034518, 3.27252320756;SEINE ET MARNE
CLIOUSCLAT;44.7223033154, 4.83295265702;DROME
LE MESNIL AUBERT;48.9444549365, -1.41515417901;MANCHE
ST MARTIN SUR ARMANCON;47.8773671393, 4.06758883362;YONNE
FALICON;43.752536584, 7.26554536957;ALPES MARITIMES
LONGUEVAL;50.0304280859, 2.7989971298;SOMME
CHAIL;46.2032625224, -0.0778790591165;DEUX SEVRES
VOUTENAY SUR CURE;47.5577664247, 3.78586900239;YONNE
SAILLAT SUR VIENNE;45.8704899446, 0.834066842263;HAUTE VIENNE
SANCY;49.3519271584, 5.92745145012;MEURTHE ET MOSELLE
REGNY;49.8343070304, 3.42061400129;AISNE
ARANDAS;45.8908155275, 5.49870439091;AIN
ST PARDOUX DE DRONE;45.2231080483, 0.419036833254;DORDOGNE
XIVRAY ET MARVOISIN;48.8664911436, 5.73011450191;MEUSE
ORVILLE;50.1286097362, 2.41900637434;PAS DE CALAIS
ST FERREOL DE COMMINGES;43.3386598955, 0.736025268663;HAUTE GARONNE
OSSUN EZ ANGLES;43.0795108469, 0.0566869335969;HAUTES PYRENEES
LONGNY LES VILLAGES;48.5293923919, 0.757893185933;ORNE
VILLEFORT;44.4441033418, 3.93038185016;LOZERE
BOISSEY;49.0197538694, 0.0500632254083;CALVADOS
TOURRENQUETS;43.7491567368, 0.701313757709;GERS
GRIES;48.7513621625, 7.82473437694;BAS RHIN
SOREZE;43.4412492469, 2.08031337654;TARN
ST MARTIAL SUR NE;45.5781186105, -0.370718965842;CHARENTE MARITIME
NALLIERS;46.6098862089, 0.879990310678;VIENNE
ETREUX;49.9996010721, 3.65890491685;AISNE
SIREIX;42.9660849304, -0.15464025939;HAUTES PYRENEES
ARROUEDE;43.3599961769, 0.583155910425;GERS
SAUVAGNAT STE MARTHE;45.5897061355, 3.20853805822;PUY DE DOME
RAMERUPT;48.5223260562, 4.30433768781;AUBE
MARESCHE;48.2055808859, 0.149447281517;SARTHE
TOURVILLE SUR ODON;49.1370651902, -0.500682712982;CALVADOS
PLAGNE;46.1883038423, 5.71763811249;AIN
CESSET;46.2993847548, 3.19908944342;ALLIER
STE GEMME;43.7729198563, 0.793831939268;GERS
ST CIRGUES DE MALBERT;45.086472449, 2.37952207311;CANTAL
ST AVIT;43.5156735271, 2.11791103076;TARN
HENDECOURT LES RANSART;50.2083901157, 2.73142877157;PAS DE CALAIS
LA CHAPELLE PALLUAU;46.7873638997, -1.62492863273;VENDEE
BEGROLLES EN MAUGES;47.133273239, -0.931697835787;MAINE ET LOIRE
VAIR SUR LOIRE;47.4063801215, -1.11538134874;LOIRE ATLANTIQUE
CLAMEREY;47.3870569397, 4.42237212486;COTE D OR
ESCOBECQUES;50.6212631237, 2.93273720306;NORD
VILLENEUVE LA DONDAGRE;48.1413913646, 3.13840843831;YONNE
CUCHARMOY;48.5893108567, 3.17911860065;SEINE ET MARNE
MONCEL LES LUNEVILLE;48.5637047138, 6.56149374143;MEURTHE ET MOSELLE
LE BOUCHET ST NICOLAS;44.8870691928, 3.78767619023;HAUTE LOIRE
CHENOISE;48.6221074853, 3.19218767904;SEINE ET MARNE
BERMONVILLE;49.6414676577, 0.639221457048;SEINE MARITIME
FENIOUX;45.891354381, -0.588645378204;CHARENTE MARITIME
ENTRAIGUES;45.8842162628, 3.26384627263;PUY DE DOME
LA BOISSIERE DE MONTAIGU;46.9451858636, -1.1916392484;VENDEE
ECQUEDECQUES;50.5601376893, 2.44103713077;PAS DE CALAIS
VILLECLOYE;49.5110917403, 5.40412322951;MEUSE
CHAMALIERES SUR LOIRE;45.1874021192, 3.98106749222;HAUTE LOIRE
GIF SUR YVETTE;48.6988273634, 2.12788365005;ESSONNE
CARQUEIRANNE;43.0971940145, 6.0717379342;VAR
NARCY;47.2328455003, 3.10662279955;NIEVRE
BARAIGNE;43.3308772937, 1.82285483659;AUDE
MONTSOUE;43.7303405646, -0.506109191151;LANDES
LAPALUD;44.3065428944, 4.67951575962;VAUCLUSE
SERMENTIZON;45.7640786806, 3.48570267684;PUY DE DOME
VELYE;48.8921054834, 4.13831644909;MARNE
VILLERS SUR AUCHY;49.4762316159, 1.79239140234;OISE
GIGNAC LA NERTHE;43.3905074118, 5.22834752895;BOUCHES DU RHONE
MONTS EN BESSIN;49.121907033, -0.611431669802;CALVADOS
CAUVICOURT;49.0475103086, -0.259897379565;CALVADOS
CHOOZ;50.0907731291, 4.80080378655;ARDENNES
MARNAC;44.8296793291, 1.02879857641;DORDOGNE
LAHITERE;43.1417576866, 1.18566582893;HAUTE GARONNE
MONTECHEROUX;47.3486585895, 6.7984378999;DOUBS
ST HILAIRE BONNEVAL;45.7218835884, 1.3678917188;HAUTE VIENNE
ST MICHEL SUR MEURTHE;48.3116592875, 6.87608459111;VOSGES
VERNEUIL SUR INDRE;47.0358243641, 1.0338624118;INDRE ET LOIR
LEOBARD;44.7183844111, 1.30807324893;LOT
VERCEL VILLEDIEU LE CAMP;47.1891393068, 6.38184480034;DOUBS
ST ILLIDE;45.050570658, 2.32079424966;CANTAL
ST MARTIN D HARDINGHEM;50.6112309641, 2.10476829244;PAS DE CALAIS
FRENELLE LA PETITE;48.3497634431, 6.06246053491;VOSGES
TALMAY;47.3663925379, 5.46063337832;COTE D OR
CHAMPSEVRAINE;47.7640004218, 5.52713580414;HAUTE MARNE
REVILLE;49.6261392194, -1.25142117163;MANCHE
ST AGIL;48.0389452705, 0.934575958906;LOIR ET CHER
ALLINGES;46.333709028, 6.46512142751;HAUTE SAVOIE
MOISSY CRAMAYEL;48.6285851533, 2.5960231045;SEINE ET MARNE
LA BARONNIE;48.9496964914, 1.25678069483;EURE
LA BAULE ESCOUBLAC;47.2909720179, -2.3538291745;LOIRE ATLANTIQUE
WILDENSTEIN;47.9878413195, 6.96483383712;HAUT RHIN
POYANS;47.4443035685, 5.47650052222;HAUTE SAONE
AUTHIE;50.1184979132, 2.4915242737;SOMME
HAN SUR NIED;48.9905452209, 6.44473244817;MOSELLE
ST MARCET;43.1967853101, 0.745570888474;HAUTE GARONNE
LEPUIX;47.7806013604, 6.82197185625;TERRITOIRE DE BELFORT
LA JARRIE AUDOUIN;46.035099239, -0.480660269998;CHARENTE MARITIME
BARNEVILLE LA BERTRAN;49.3913668809, 0.182164681877;CALVADOS
DUN SUR MEUSE;49.3830660669, 5.19574111404;MEUSE
CARLA BAYLE;43.1575348436, 1.37254711167;ARIEGE
CASSAGNOLES;43.3973278254, 2.60178289175;HERAULT
MAYRES;45.3868702112, 3.69971432703;PUY DE DOME
ST VICTOR EN MARCHE;46.1180726796, 1.79785648439;CREUSE
ALLEUZE;44.9602873313, 3.09831933936;CANTAL
FONTRIEU;43.6578748652, 2.52758390349;TARN
SERAIN;50.0246912807, 3.36304349229;AISNE
ST LAURENT DE NESTE;43.0920150867, 0.480853074724;HAUTES PYRENEES
RUITZ;50.4661492425, 2.59073135345;PAS DE CALAIS
ANNEZIN;50.5396043649, 2.61906640484;PAS DE CALAIS
CHABLIS;47.8075995199, 3.79091424228;YONNE
VAUREAL;49.0295073382, 2.02446619061;VAL D OISE
MEZY MOULINS;49.0630074888, 3.5122782761;AISNE
ROUZEDE;45.7200534944, 0.562265132073;CHARENTE
ST MARS SUR COLMONT;48.3829153295, -0.708965390881;MAYENNE
LOURNAND;46.4645640534, 4.64914404204;SAONE ET LOIRE
MORGANX;43.6038610111, -0.572539507338;LANDES
ESTEVILLE;49.6091932343, 1.21578651465;SEINE MARITIME
CORNEILLA DEL VERCOL;42.6232156993, 2.95070116658;PYRENEES ORIENTALES
BUROS;43.3463641258, -0.315857247807;PYRENEES ATLANTIQUES
VAILLANT;47.7152758836, 5.15527857753;HAUTE MARNE
CUBNEZAIS;45.0728274718, -0.419591338026;GIRONDE
VASPERVILLER;48.6352577375, 7.07124711805;MOSELLE
BEAUPUY;44.5332209299, 0.144907707512;LOT ET GARONNE
GREZIEU LE MARCHE;45.6625017112, 4.42125665222;RHONE
MONNETAY;46.4576810006, 5.51067177235;JURA
YFFINIAC;48.4685015878, -2.68098120309;COTES D ARMOR
MONTAUT;43.3455690999, 1.31066640833;HAUTE GARONNE
MANINGHEM;50.5480187009, 1.9398392621;PAS DE CALAIS
VAUDELOGES;48.9463592003, 0.000650207338176;CALVADOS
ROY BOISSY;49.5802763443, 1.91999157455;OISE
POINSON LES NOGENT;47.9916180616, 5.37946091532;HAUTE MARNE
DEHERIES;50.0505594446, 3.34352939122;NORD
BERCHERES SUR VESGRE;48.8437900512, 1.55304230439;EURE ET LOIR
LINAS;48.6255061941, 2.25135348658;ESSONNE
FAUX MAZURAS;45.9224179922, 1.77972681023;CREUSE
ST FRAJOU;43.3310218183, 0.85024475987;HAUTE GARONNE
ST BRIS DES BOIS;45.7690651719, -0.472533882609;CHARENTE MARITIME
OUR;47.1073810087, 5.64890585265;JURA
LE VERDON SUR MER;45.5385656326, -1.07975440879;GIRONDE
PEPIEUX;43.2970451526, 2.6863317434;AUDE
NOUGAROULET;43.6899514871, 0.717872769956;GERS
CLERMONT SUR LAUQUET;43.0464846976, 2.4293167495;AUDE
SAHURS;49.3668117102, 0.948721197736;SEINE MARITIME
LA BAZOGE;48.1027362098, 0.14422733228;SARTHE
EPRETOT;49.5381322435, 0.313524869493;SEINE MARITIME
ST MARTIN D ARY;45.2182774762, -0.20120779956;CHARENTE MARITIME
VOREY;45.1929802448, 3.90530679663;HAUTE LOIRE
ESCAMPS;44.3645701478, 1.61954720229;LOT
CROISILLES;48.6907785003, 1.49908136395;EURE ET LOIR
THANN;47.8139111281, 7.09502457233;HAUT RHIN
BUSSEROLLES;45.6716660842, 0.646120502455;DORDOGNE
BUTRY SUR OISE;49.083906326, 2.19184448916;VAL D OISE
ASPERJOC;44.6950645443, 4.35089629456;ARDECHE
LE TREMBLAY OMONVILLE;49.1209729922, 0.91472011137;EURE
CHAZEAUX;44.5951061566, 4.2977955993;ARDECHE
ST LAURENT D ANDENAY;46.7305082565, 4.51202776715;SAONE ET LOIRE
VAUX;43.460564024, 1.82846809824;HAUTE GARONNE
LES GRANDES CHAPELLES;48.4684641557, 4.02789249999;AUBE
AUMONT AUBRAC;44.7233900467, 3.28132614741;LOZERE
LE PAILLY;47.7864627616, 5.41163164594;HAUTE MARNE
BEAUVOIS;50.3742414369, 2.23430985863;PAS DE CALAIS
VATILIEU;45.2609367341, 5.41140093645;ISERE
MIGRE;46.0822034021, -0.558494277058;CHARENTE MARITIME
PONT SUR SAMBRE;50.2317600389, 3.84512612151;NORD
VALLANS;46.2190224234, -0.545587322341;DEUX SEVRES
AUX MARAIS;49.4073687683, 2.04083080438;OISE
LA CHAUSSEE D IVRY;48.8886967439, 1.48819034746;EURE ET LOIR
ST REMY;47.8375769959, 6.10898257377;HAUTE SAONE
CHANTERELLE;45.3772414628, 2.83331975255;CANTAL
ADERVIELLE POUCHERGUES;42.8017280148, 0.389922766373;HAUTES PYRENEES
ROUSSAS;44.4429508183, 4.78702172828;DROME
MOULIDARS;45.6676169254, -0.0379131392099;CHARENTE
MORRE;47.2196069824, 6.07140212978;DOUBS
VILLIERS LE SEC;48.1017851333, 5.07195698997;HAUTE MARNE
LERY;49.2875848843, 1.19524982012;EURE
EPAGNY;47.4523461757, 5.04973678654;COTE D OR
VEUILLY LA POTERIE;49.0832976282, 3.2188650234;AISNE
LACHALADE;49.1756905147, 4.99292199348;MEUSE
FRESNES AU MONT;48.8991708733, 5.43476068255;MEUSE
LUSIGNY SUR BARSE;48.2629805812, 4.27634825277;AUBE
GILHOC SUR ORMEZE;44.9855282825, 4.67742067444;ARDECHE
TRIMER;48.3440055823, -1.89692594025;ILE ET VILAINE
ST VINCENT RIVE D OLT;44.4489621367, 1.3138253164;LOT
OYES;48.8105165952, 3.77122436918;MARNE
MURS;46.925404896, 1.16199898894;INDRE
BOUYON;43.8254399796, 7.12553872813;ALPES MARITIMES
ROUPERROUX;48.5486223106, -0.0783070425264;ORNE
SEQUEDIN;50.6248188486, 2.98254300781;NORD
MONTENEUF;47.8782281935, -2.1931404895;MORBIHAN
HERBLAY;49.0007002763, 2.14967680776;VAL D OISE
FRANCALMONT;47.8328090874, 6.27152718954;HAUTE SAONE
ASSE LE BOISNE;48.3216528559, -0.00324343366865;SARTHE
BAUVIN;50.5162714452, 2.89367809062;NORD
HULTEHOUSE;48.7180055538, 7.26302245691;MOSELLE
STE REINE;45.6071367127, 6.14343350447;SAVOIE
LA GRANDE FOSSE;48.3411124311, 7.07741300394;VOSGES
BRASLOU;46.9991365379, 0.407502661528;INDRE ET LOIR
MONTCLAR;43.1369169209, 2.24273890747;AUDE
LA VOULTE SUR RHONE;44.8015403943, 4.78018830634;ARDECHE
CORRENCON EN VERCORS;45.0115359906, 5.51775245188;ISERE
BAUDREVILLE;48.3260694084, 1.89005723992;EURE ET LOIR
LIERNOLLES;46.3986289465, 3.76799783799;ALLIER
CAUBOUS;42.8472592399, 0.521910394334;HAUTE GARONNE
PIERRE CHATEL;44.9565648579, 5.77432306035;ISERE
MOIRANS;45.3189486892, 5.56212081976;ISERE
CORSEPT;47.2600100383, -2.09386404628;LOIRE ATLANTIQUE
ROUHE;47.0820091949, 5.96566947588;DOUBS
LES ALBRES;44.5408024664, 2.18023147565;AVEYRON
MESMONT;47.3122266518, 4.74410039616;COTE D OR
AUTHOISON;47.491649936, 6.14448125556;HAUTE SAONE
MONT PRES CHAMBORD;47.5576074814, 1.44802815155;LOIR ET CHER
POMMEREUIL;50.1169693319, 3.58693750917;NORD
VILLARS LES BOIS;45.7969827822, -0.435523123575;CHARENTE MARITIME
VALLEROY AUX SAULES;48.2439694822, 6.13809039258;VOSGES
ST SULPICE DE ROYAN;45.6735457263, -1.00633243777;CHARENTE MARITIME
VILLERON;49.060842982, 2.5345109745;VAL D OISE
FAUQUEMBERGUES;50.5933148828, 2.09984616722;PAS DE CALAIS
GOUX SOUS LANDET;47.0782912931, 5.93334206195;DOUBS
ROU MARSON;47.2445767064, -0.151599974844;MAINE ET LOIRE
MONTCORNET;49.6890129328, 4.02915061151;AISNE
CASTILLY;49.2738212001, -1.01618091821;CALVADOS
LALOBBE;49.6690137375, 4.37030357977;ARDENNES
VILLIERS LE SEC;47.3770117779, 3.43752498324;NIEVRE
ST PRIEST LIGOURE;45.6262243469, 1.300363986;HAUTE VIENNE
BIEF DES MAISONS;46.7038559187, 6.04967687137;JURA
CROISILLES;50.1978734873, 2.88112932349;PAS DE CALAIS
STE FOY DE PEYROLIERES;43.4808986734, 1.13693209455;HAUTE GARONNE
SOLFERINO;44.1265617122, -0.900366369017;LANDES
BANON;44.0269448077, 5.64964715248;ALPES DE HAUTE PROVENCE
ST BARAING;46.9866522885, 5.43420518172;JURA
AYGUETINTE;43.8324278378, 0.418923178256;GERS
BEAUMONT;45.4239866507, 1.79091632858;CORREZE
LUDON MEDOC;44.9803239234, -0.590569121795;GIRONDE
ST MAURICE L EXIL;45.3920113826, 4.7770444785;ISERE
LA CHAPELLE LASSON;48.6337338747, 3.81745821088;MARNE
ST CLEMENT SUR VALSONNE;45.9245957818, 4.45989401825;RHONE
MALLEVILLE SUR LE BEC;49.2418789785, 0.745972299525;EURE
VERRIERES;49.061277732, 4.90108677036;MARNE
FLOYON;50.0412036226, 3.88418001471;NORD
SEVRES;48.821476509, 2.21052297438;HAUTS DE SEINE
ZEINHEIM;48.6785745127, 7.48842740498;BAS RHIN
TORTEBESSE;45.7273657826, 2.65962165368;PUY DE DOME
NADES;46.1542506646, 2.96861834904;ALLIER
LE MONTSAUGEONNAIS;47.6875295793, 5.2920187848;HAUTE MARNE
TOSSIAT;46.1384790158, 5.30400055922;AIN
LA BOISSIERE;47.7725380187, -0.978568477474;MAYENNE
MAS GRENIER;43.895387967, 1.18134234627;TARN ET GARONNE
SENAS;43.7446066018, 5.08687884411;BOUCHES DU RHONE
MAGNAC LAVAL;46.2285207281, 1.17281064947;HAUTE VIENNE
BEAUFORT;50.2183201415, 3.96567972154;NORD
TROYES;48.2967099637, 4.07827967525;AUBE
LA BARRE DE SEMILLY;49.1063271499, -1.01818230779;MANCHE
DARNETS;45.4241971768, 2.11309756046;CORREZE
ST MARTIN LE BOUILLANT;48.7800336062, -1.15914723791;MANCHE
ECQUES;50.6751011115, 2.28909761313;PAS DE CALAIS
ST GERMAIN DE VIBRAC;45.4214033132, -0.327825347194;CHARENTE MARITIME
VOEGTLINSHOFFEN;48.0241428176, 7.26224403842;HAUT RHIN
COUBEYRAC;44.7835191619, 0.0530247676718;GIRONDE
LA GARDE;45.0680531923, 6.05570708995;ISERE
ROULLENS;43.1658809134, 2.26951945766;AUDE
ROQUECOR;44.3164931425, 0.946500411768;TARN ET GARONNE
GANDRANGE;49.2734111238, 6.13350555493;MOSELLE
PLOUMILLIAU;48.6842832137, -3.51392982207;COTES D ARMOR
BLANZEE;49.1603955281, 5.53647182641;MEUSE
FRANOIS;47.2253616069, 5.92497161799;DOUBS
FLIZE;49.6952977524, 4.77517346922;ARDENNES
DRACHENBRONN BIRLENBACH;48.9809878964, 7.87807854084;BAS RHIN
FONTAINE RAOUL;47.9744723154, 1.13493872934;LOIR ET CHER
ST MARDS DE FRESNE;49.0805940442, 0.454584726238;EURE
PRESSAC;46.1182546564, 0.567316828463;VIENNE
LA SUZE SUR SARTHE;47.8772923207, 0.0251444644642;SARTHE
EGUELSHARDT;49.0242750772, 7.52002924724;MOSELLE
HAYNECOURT;50.2094536408, 3.15541640096;NORD
ST CREPIN;45.9970417081, -0.740341875161;CHARENTE MARITIME
CHEMILLE SUR DEME;47.6592186716, 0.668156723378;INDRE ET LOIR
CHATILLON LE DUC;47.3060186922, 6.00103214604;DOUBS
CLEURIE;48.0561974173, 6.6745100442;VOSGES
SALINDRES;44.1650140999, 4.16135836746;GARD
ST JUST LA PENDUE;45.8875493245, 4.24162884175;LOIRE
ST CIERS DE CANESSE;45.0873767558, -0.602217523862;GIRONDE
VIEUX BOURG;49.3128478491, 0.245450743611;CALVADOS
FERRIERE ET LAFOLIE;48.3990664695, 5.07542542698;HAUTE MARNE
LA NEUVILLE EN HEZ;49.3865132805, 2.32682912406;OISE
CROUTTES;48.9223848816, 0.136536392714;ORNE
COMUS;42.8284437871, 1.88864024045;AUDE
POURRIERES;43.4938863602, 5.74717711665;VAR
OUST;42.8601715616, 1.23475872502;ARIEGE
MONTREUIL LE GAST;48.2442583442, -1.72080742537;ILE ET VILAINE
CURBIGNY;46.3116932174, 4.31698207413;SAONE ET LOIRE
LES SOUHESMES RAMPONT;49.0880279879, 5.2363065868;MEUSE
VAL DE ROULANS;47.3602096754, 6.26791337918;DOUBS
LOUVRES;49.0422977702, 2.50358491408;VAL D OISE
NOINTEL;49.1288691946, 2.29434375998;VAL D OISE
ST JEAN DE BOEUF;47.2113480166, 4.76378552245;COTE D OR
BOSJEAN;46.7696786287, 5.34727924927;SAONE ET LOIRE
COUBISOU;44.5755974174, 2.73237270649;AVEYRON
LARREULE;43.4734148077, -0.470945656972;PYRENEES ATLANTIQUES
LAUNAY;49.1080587131, 0.737298458469;EURE
FRANCESCAS;44.0678806491, 0.428251345616;LOT ET GARONNE
THANNENKIRCH;48.2332519272, 7.29366733491;HAUT RHIN
AVON LA PEZE;48.3874423014, 3.65147515296;AUBE
LACROISILLE;43.58053089, 1.92863316637;TARN
ANNOUX;47.6235485388, 4.0510085082;YONNE
TOURVES;43.4088015642, 5.92715707141;VAR
NESLES LA MONTAGNE;48.9997837313, 3.44587892818;AISNE
FLERS;50.0506500725, 2.81773522664;SOMME
ST GERMAIN LE ROCHEUX;47.7561639307, 4.66343630237;COTE D OR
VILLEFRANCHE D ALBIGEOIS;43.8923990872, 2.32246933503;TARN
AMANCEY;47.0311972081, 6.07639327081;DOUBS
GRANDCAMP MAISY;49.3754390087, -1.04464900141;CALVADOS
TARGON;44.7345410468, -0.267821650496;GIRONDE
JUVIGNY SUR LOISON;49.4608506316, 5.33129815426;MEUSE
CHATEAUNEUF DU PAPE;44.0595884031, 4.82728435607;VAUCLUSE
NEUVILLE SUR TOUQUES;48.862323733, 0.280747613281;ORNE
LESCUN;42.9178479197, -0.677437388946;PYRENEES ATLANTIQUES
ST ANDRE DE MESSEI;48.6883800574, -0.521932078822;ORNE
VIGNACOURT;50.0085076196, 2.1867884288;SOMME
ST ADJUTORY;45.7687840494, 0.478102533662;CHARENTE
LE BROUILH MONBERT;43.6604118625, 0.395065055584;GERS
POURCHERES;44.7392683074, 4.50440952703;ARDECHE
BESAYES;44.9656211698, 5.08769941869;DROME
GOUILLONS;48.3421221995, 1.84393517435;EURE ET LOIR
ESTOUBLON;43.943168614, 6.19407821084;ALPES DE HAUTE PROVENCE
PLESDER;48.4180951281, -1.93003326564;ILE ET VILAINE
MONTEZIC;44.7168656794, 2.64085756114;AVEYRON
LES BRULAIS;47.8907025068, -2.05725373415;ILE ET VILAINE
MEDEYROLLES;45.407858055, 3.81792966619;PUY DE DOME
FOUZILHON;43.5057316875, 3.23717233184;HERAULT
LIGRON;47.7695105998, -0.0134011784189;SARTHE
BLACY;47.5817239595, 4.0408057451;YONNE
VAULX MILIEU;45.6155606962, 5.18598476312;ISERE
ARNAY SOUS VITTEAUX;47.4372947607, 4.49901520895;COTE D OR
BRICQUEVILLE LA BLOUETTE;49.0380343461, -1.47913007848;MANCHE
ST NICOLAS AUX BOIS;49.5970302282, 3.43898003392;AISNE
PLANCHER LES MINES;47.7857364865, 6.77321577931;HAUTE SAONE
MUSSY LA FOSSE;47.5214378007, 4.44456513;COTE D OR
ST LAURENT CHABREUGES;45.2768738182, 3.34696183552;HAUTE LOIRE
JUSSY;49.1008350599, 6.08012042749;MOSELLE
LY FONTAINE;49.732033107, 3.31099377857;AISNE
FIQUEFLEUR EQUAINVILLE;49.3985981569, 0.316862083899;EURE
LA CADIERE ET CAMBO;43.9631178166, 3.80678957516;GARD
HEIMERSDORF;47.563206505, 7.23667862006;HAUT RHIN
MESPLEDE;43.494020254, -0.652404668429;PYRENEES ATLANTIQUES
LAVACQUERIE;49.6799986377, 2.10079870289;OISE
BRIANCON;44.8994986041, 6.64947524018;HAUTES ALPES
VILLENEUVE TOLOSANE;43.5266707182, 1.34648807644;HAUTE GARONNE
MONTJOIE ST MARTIN;48.5257397216, -1.28858197079;MANCHE
BELLAFFAIRE;44.4043915253, 6.19420304469;ALPES DE HAUTE PROVENCE
BELEYMAS;44.9869120353, 0.491344255346;DORDOGNE
GABAT;43.3765147976, -1.03114679811;PYRENEES ATLANTIQUES
TREGOUREZ;48.1057268762, -3.87130739986;FINISTERE
CEAUX EN LOUDUN;47.0334327292, 0.229028665856;VIENNE
BOUCHEVILLIERS;49.3984802284, 1.71160727896;EURE
FLAVIGNEROT;47.2778682909, 4.91791708848;COTE D OR
BLASLAY;46.7296195469, 0.230518218918;VIENNE
HABARCQ;50.3112006109, 2.60710466393;PAS DE CALAIS
ST MARCEL;49.0915999954, 1.43925560775;EURE
VILLE SUR ARCE;48.1090387806, 4.4449720869;AUBE
VERTOLAYE;45.6538886313, 3.73749020485;PUY DE DOME
MENIL LEPINOIS;49.3745768771, 4.28760480612;ARDENNES
LAVAUR;43.6895628711, 1.79437213708;TARN
JONCHERY SUR VESLE;49.2860158121, 3.81843506219;MARNE
ARRADON;47.6335958588, -2.8220328139;MORBIHAN
LOUHOSSOA;43.3122720751, -1.34791351208;PYRENEES ATLANTIQUES
MAZERES SUR SALAT;43.1324112099, 0.963599428998;HAUTE GARONNE
GESNES EN ARGONNE;49.3059315656, 5.05548499562;MEUSE
CULMONT;47.8293464175, 5.44281148434;HAUTE MARNE
ALLUY;47.0338777551, 3.63261778008;NIEVRE
ST MARTIN L AIGUILLON;48.6028213138, -0.17990137206;ORNE
MONTLAUR EN DIOIS;44.6269804686, 5.41568808413;DROME
GRESSY;48.9650099729, 2.66440376724;SEINE ET MARNE
MOISSAC BELLEVUE;43.6471902756, 6.16702503297;VAR
MALLEVAL EN VERCORS;45.1534944618, 5.44421168332;ISERE
AVILLERS;49.3225310079, 5.73813667687;MEURTHE ET MOSELLE
CAUROY LES HERMONVILLE;49.3562446547, 3.92821331358;MARNE
LE VIEUX MARCHE;48.6138736839, -3.43816740638;COTES D ARMOR
BOUZONVILLE;49.2988626834, 6.54161019887;MOSELLE
ERNY ST JULIEN;50.5839233636, 2.25140626649;PAS DE CALAIS
ST GEORGES D ORQUES;43.6168353652, 3.77376629814;HERAULT
VIMONT;49.1416235427, -0.194706905612;CALVADOS
BOOS;43.8925332892, -0.99266705957;LANDES
MONTRICHER ALBANNE;45.2148500671, 6.40795019067;SAVOIE
GIBEL;43.3026504146, 1.67636064192;HAUTE GARONNE
HERBECOURT;49.9225053134, 2.83976171493;SOMME
LE MAISNIL;50.6182693489, 2.87754636769;NORD
BOISSY SOUS ST YON;48.5500395894, 2.21286982392;ESSONNE
SMARVES;46.5117860933, 0.35738527373;VIENNE
VILLAGE NEUF;47.6099200713, 7.56836021504;HAUT RHIN
FENETRANGE;48.850716262, 7.00987117365;MOSELLE
ST AMBROIX;46.935551772, 2.12401478057;CHER
CROZES HERMITAGE;45.0984942531, 4.844233369;DROME
VILLERS;46.1249923509, 4.22717855984;LOIRE
CASTILLON EN AUGE;49.0346382534, 0.0919325582529;CALVADOS
OMMEEL;48.8044111779, 0.15206518925;ORNE
COURMEMIN;47.4697320137, 1.6274781438;LOIR ET CHER
ST FLOUR DE MERCOIRE;44.6814106122, 3.82941959224;LOZERE
LA HAYE DE CALLEVILLE;49.187518982, 0.777866352437;EURE
LES EGLISOTTES ET CHALAURES;45.0928940224, -0.0328830508669;GIRONDE
ABBEVILLE LES CONFLANS;49.2002692912, 5.84406780319;MEURTHE ET MOSELLE
LAVERGNE;44.8015351339, 1.76588588621;LOT
LONGUEVILLE;48.8585636393, -1.5352864546;MANCHE
CURCAY SUR DIVE;47.012286666, -0.0577125676726;VIENNE
LES ALLIES;46.9491879536, 6.44757027908;DOUBS
FONTAINE LES RIBOUTS;48.6550452018, 1.24758940203;EURE ET LOIR
MARCELLOIS;47.3488163449, 4.61557807923;COTE D OR
ESTEVELLES;50.4792333773, 2.9072255969;PAS DE CALAIS
MOUZIEYS TEULET;43.8784071137, 2.27301087499;TARN
GIVENCHY LE NOBLE;50.2999577291, 2.4906551045;PAS DE CALAIS
AMAYE SUR SEULLES;49.0820646121, -0.717699539626;CALVADOS
BANNAY;48.8547181933, 3.72167783873;MARNE
MAXENT;47.9788328525, -2.01519596065;ILE ET VILAINE
PFAFFENHEIM;47.9957150402, 7.25987167223;HAUT RHIN
POPIAN;43.6241428585, 3.53329416559;HERAULT
VOUILLE;46.3162898992, -0.356117687455;DEUX SEVRES
ST SATURNIN;45.2334692107, 2.79417752257;CANTAL
LASSERRE;43.5124997921, -0.0798087284423;PYRENEES ATLANTIQUES
VOIGNY;48.2360883713, 4.76532474234;AUBE
STE EUPHEMIE;45.9669798317, 4.79478189169;AIN
LUTZELBOURG;48.7348913591, 7.25953062438;MOSELLE
LA LOGE POMBLIN;48.0675064407, 4.04451121185;AUBE
LIVET EN SAOSNOIS;48.3561318237, 0.211071803966;SARTHE
LAIZY;46.9108484487, 4.18328808367;SAONE ET LOIRE
SONGESON;46.6469389585, 5.83038429289;JURA
PRECHACQ NAVARRENX;43.2799895089, -0.705497036287;PYRENEES ATLANTIQUES
CHAMPVANS;47.1021842612, 5.42048711833;JURA
MOUTERRE SILLY;46.9862436522, 0.0369324238359;VIENNE
COULLONS;47.6179791467, 2.50615129884;LOIRET
CUNEGES;44.7797858613, 0.374061836484;DORDOGNE
BETHENIVILLE;49.2925253096, 4.36369457633;MARNE
PONTCIRQ;44.5453068327, 1.26488009495;LOT
TREGROM;48.5946464284, -3.40266097261;COTES D ARMOR
ST REMY DU VAL;48.3488699009, 0.251095298312;SARTHE
WILLIES;50.1212728931, 4.10501451158;NORD
ST NICOLAS DE PORT;48.6220684472, 6.29547921699;MEURTHE ET MOSELLE
ST PATERNE RACAN;47.5816905056, 0.466637692187;INDRE ET LOIR
FRANLEU;50.0996882726, 1.64455046591;SOMME
UHRWILLER;48.8809856779, 7.57978326718;BAS RHIN
PONCE SUR LE LOIR;47.7736203084, 0.657052556948;SARTHE
LETRA;45.9718911586, 4.52615651956;RHONE
ORGEDEUIL;45.698367411, 0.486392578455;CHARENTE
LUSSAS ET NONTRONNEAU;45.5207501374, 0.580509528779;DORDOGNE
DEYCIMONT;48.1738809469, 6.64106383013;VOSGES
VIGNEULLES;48.56937975, 6.34432277004;MEURTHE ET MOSELLE
BRUNSTATT DIDENHEIM;47.7151300366, 7.32654596124;HAUT RHIN
FOULIGNY;49.0960674446, 6.51361253656;MOSELLE
MONTAPAS;47.0809802706, 3.58450998335;NIEVRE
LE TOUVET;45.3514959567, 5.94615794112;ISERE
ST BABEL;45.6026972387, 3.30047875727;PUY DE DOME
MARCY L ETOILE;45.7852649435, 4.71250416429;RHONE
ISSIGEAC;44.7277197609, 0.605495408497;DORDOGNE
ST OUEN DES ALLEUX;48.3270441393, -1.42763675483;ILE ET VILAINE
BRIEUX;48.8334251501, -0.0791169679953;ORNE
JOGANVILLE;49.4715637056, -1.35154159176;MANCHE
ST DESIRE;46.5074397829, 2.44986211954;ALLIER
FROMONT;48.2535112843, 2.50835017332;SEINE ET MARNE
LE BOISLE;50.2683509282, 1.97366129203;SOMME
MANONVILLER;48.5910642375, 6.66259343648;MEURTHE ET MOSELLE
LA CHAPELLE ST OUEN;49.521909857, 1.42852895013;SEINE MARITIME
COCHEREN;49.1434616014, 6.8532637393;MOSELLE
ECROUVES;48.6801928361, 5.84268931795;MEURTHE ET MOSELLE
VALROS;43.419189427, 3.36141259687;HERAULT
ST MONTAN;44.4341193457, 4.63258472487;ARDECHE
CONTZ LES BAINS;49.4565196788, 6.35072229703;MOSELLE
BILLIERS;47.5234827047, -2.47972989397;MORBIHAN
GEVEZE;48.2133254705, -1.79930703575;ILE ET VILAINE
COARAZE;43.8664901786, 7.29913349222;ALPES MARITIMES
COMBLESSAC;47.872461539, -2.08792248915;ILE ET VILAINE
LA DIGNE D AVAL;43.045934192, 2.17910836448;AUDE
VAUX SUR BLAISE;48.4691630131, 4.96829847611;HAUTE MARNE
ST SULPICE DE COGNAC;45.7590478369, -0.409801090827;CHARENTE
GINCREY;49.2601835738, 5.56566816818;MEUSE
CHARCENNE;47.368580858, 5.777516428;HAUTE SAONE
LA FRETTE;45.387791522, 5.36332803893;ISERE
ESPIET;44.7957699657, -0.26502782545;GIRONDE
LA MOTTE CHALANCON;44.4953213004, 5.38478825225;DROME
SALLES;44.5414583126, -0.883819514854;GIRONDE
GENAY;45.8980767438, 4.83863435794;RHONE
POINSON LES GRANCEY;47.7081445805, 4.97920656681;HAUTE MARNE
COULAINES;48.0332041252, 0.211301706062;SARTHE
ACY EN MULTIEN;49.1087771245, 2.95509279724;OISE
RAVILLE;49.0903409058, 6.47750019939;MOSELLE
ARC SOUS CICON;47.052125982, 6.3997146018;DOUBS
BELPECH;43.2034214828, 1.76339036009;AUDE
COULMER;48.7666900667, 0.303236402861;ORNE
ST FERRIOL;42.8955156292, 2.22569769963;AUDE
VILLERS;48.3051053835, 6.1735092442;VOSGES
CRUVIERS LASCOURS;44.0122958419, 4.19264442539;GARD
STE CROIX VALLEE FRANCAISE;44.1863337479, 3.74222985458;LOZERE
NAVES PARMELAN;45.9320249832, 6.19716046431;HAUTE SAVOIE
MAREY LES FUSSEY;47.1216169151, 4.86215236749;COTE D OR
AUDRIX;44.8830682379, 0.948494393836;DORDOGNE
CHERAC;45.7130812452, -0.446891176255;CHARENTE MARITIME
CAGNONCLES;50.185423787, 3.31868765658;NORD
HEIPPES;48.9997698114, 5.27567605241;MEUSE
CHATILLON SUR MARNE;49.1032018844, 3.76590199588;MARNE
CAZALS;44.6457631404, 1.22061089675;LOT
VAILLY;48.3723387031, 4.12583904396;AUBE
MURAT;45.1111408605, 2.86065494152;CANTAL
ST GRATIEN;48.9689724948, 2.28518003438;VAL D OISE
COMPS SUR ARTUBY;43.7035520107, 6.50293185659;VAR
MONCEAU LE NEUF ET FAUCOUZY;49.7845792788, 3.63110860935;AISNE
ATTIGNY;48.0615234718, 6.02500764856;VOSGES
LA FORCLAZ;46.3179930768, 6.61587770566;HAUTE SAVOIE
NAUSSAC FONTANES;44.7573739721, 3.8000356543;LOZERE
BETHON;48.3652173718, 0.0923040851255;SARTHE
BEUGNIES;50.1628708508, 3.99516722908;NORD
ST GERMAIN SUR VIENNE;47.1805914468, 0.110524551892;INDRE ET LOIR
VILLEBAZY;43.0558531373, 2.33940629653;AUDE
ANVIN;50.4503901319, 2.25792059446;PAS DE CALAIS
ONVILLE;49.0218156654, 5.96851536679;MEURTHE ET MOSELLE
PITRES;49.3311910772, 1.21797145454;EURE
ASSWILLER;48.8805887917, 7.224373364;BAS RHIN
PREAUX;45.1362813279, 4.65371648034;ARDECHE
BOSMONT SUR SERRE;49.7390653213, 3.86733568391;AISNE
ARRONVILLE;49.1740736985, 2.1128755699;VAL D OISE
ATTENSCHWILLER;47.5678328744, 7.46912969155;HAUT RHIN
CALAN;47.8803732969, -3.31244277189;MORBIHAN
PONT LES MOULINS;47.325697924, 6.36650905984;DOUBS
LAUWIN PLANQUE;50.3929252275, 3.02930995162;NORD
CERILLY;48.1772376965, 3.62550195723;YONNE
MASSEUBE;43.4317876537, 0.586727332554;GERS
BALAGUIER D OLT;44.5189126443, 1.97719263772;AVEYRON
VILLAR LOUBIERE;44.8367273336, 6.13559761308;HAUTES ALPES
BELLEBAT;44.7382366196, -0.221985163561;GIRONDE
NEUVILLETTE;49.8554002239, 3.46831298648;AISNE
MONTCEAUX;46.0962893261, 4.80453564172;AIN
ST SAURY;44.8786965628, 2.12428515169;CANTAL
PUTTELANGE AUX LACS;49.0535036691, 6.918414517;MOSELLE
CLERMONT POUYGUILLES;43.4769070936, 0.524132562872;GERS
LES PETITES ARMOISES;49.500852413, 4.82851805787;ARDENNES
OTTROTT;48.4434374839, 7.36707935429;BAS RHIN
BESSAY;46.5397253861, -1.17028433093;VENDEE
VERNON;49.0879728821, 1.48501282787;EURE
LA BALME DE THUY;45.910029772, 6.28546229311;HAUTE SAVOIE
BROU;48.2174479455, 1.15740318839;EURE ET LOIR
DORNAS;44.8519150741, 4.35842422121;ARDECHE
LE BUIS;46.0341686702, 1.20438019379;HAUTE VIENNE
CLEVILLE;49.6224516672, 0.615947433679;SEINE MARITIME
PORT STE MARIE;44.2605042795, 0.374453245526;LOT ET GARONNE
CHAUX;47.7125374753, 6.83833170347;TERRITOIRE DE BELFORT
VOISINES;47.8566535707, 5.18061608381;HAUTE MARNE
GRAND FAILLY;49.4211588157, 5.52020012648;MEURTHE ET MOSELLE
FOURQUES SUR GARONNE;44.4554149219, 0.154536756798;LOT ET GARONNE
CROSVILLE LA VIEILLE;49.1515342749, 0.931538491399;EURE
THONNANCE LES MOULINS;48.4195754486, 5.31434602015;HAUTE MARNE
AYRON;46.6440797341, 0.0454968379213;VIENNE
SENS SUR SEILLE;46.7462083335, 5.30794162297;SAONE ET LOIRE
MONTPINIER;43.6789611247, 2.18996517245;TARN
ST OMER;48.9283510669, -0.443691657906;CALVADOS
RONNO;45.9873139302, 4.38989521253;RHONE
CORMARANCHE EN BUGEY;45.9442772826, 5.60860828487;AIN
LE MAS D AGENAIS;44.3991025317, 0.200249161005;LOT ET GARONNE
SADIRAC;44.7827506267, -0.38947986904;GIRONDE
SCHWERDORFF;49.3725901068, 6.57210977292;MOSELLE
PECH LUNA;43.2103140883, 1.83766149326;AUDE
BATHELEMONT;48.6931563796, 6.52703036369;MEURTHE ET MOSELLE
AGEN;44.2028139104, 0.625583928763;LOT ET GARONNE
MONNEREN;49.3493856385, 6.41198740634;MOSELLE
LES VERCHERS SUR LAYON;47.1469610454, -0.302089800221;MAINE ET LOIRE
ANGY;49.334468969, 2.32846218053;OISE
SERRIERES;45.313905067, 4.7629922758;ARDECHE
MAZERES;43.2305454388, 1.67905538155;ARIEGE
CITOU;43.3755029489, 2.53256904263;AUDE
AUXI LE CHATEAU;50.2310426213, 2.11720873928;PAS DE CALAIS
ST SEGLIN;47.8510645344, -2.02652054855;ILE ET VILAINE
ROPPENTZWILLER;47.5373715057, 7.32986002204;HAUT RHIN
BRESSON;45.1342682884, 5.7510667411;ISERE
HALLENNES LEZ HAUBOURDIN;50.6120409794, 2.95454404454;NORD
BARONVILLE;48.9385057671, 6.61439678254;MOSELLE
EYMOUTHIERS;45.6469383568, 0.549961973717;CHARENTE
ORSAN;44.1348287261, 4.66522827508;GARD
HAMBLAIN LES PRES;50.2910559245, 2.95821572161;PAS DE CALAIS
LA TERRASSE SUR DORLAY;45.4477648412, 4.5788900746;LOIRE
BESSENS;43.8878683292, 1.27054717739;TARN ET GARONNE
HERMIVAL LES VAUX;49.1662017057, 0.291278344411;CALVADOS
ARRANCOURT;48.3267041104, 2.15155534916;ESSONNE
FEILLENS;46.3365833672, 4.88507050971;AIN
ST REMY DE CHAUDES AIGUES;44.7672253376, 3.02660075086;CANTAL
PONT SUR MEUSE;48.8080941031, 5.55195590684;MEUSE
DENNEVILLE;49.3146923833, -1.6626564065;MANCHE
ROUVROY RIPONT;49.2227915324, 4.70463752908;MARNE
SAUVIGNY LE BEUREAL;47.4807022931, 4.10703113936;YONNE
BLAVOZY;45.0625246612, 3.97204508531;HAUTE LOIRE
BERNATRE;50.1942289185, 2.09783309423;SOMME
VIMENIL;48.2167970893, 6.63877220998;VOSGES
ST CAPRAIS DE BORDEAUX;44.7540788366, -0.427673567177;GIRONDE
LE RELECQ KERHUON;48.403174987, -4.40146737314;FINISTERE
ZEHNACKER;48.670402343, 7.45043435206;BAS RHIN
FLEE;47.7316026242, 0.457355528125;SARTHE
FLEURIEU SUR SAONE;45.8589780699, 4.85032398358;RHONE
ST SIMON;44.7006878199, 1.82811413555;LOT
LA TOUR DE SALVAGNY;45.8104377668, 4.7123892929;RHONE
PLEUVEZAIN;48.3765895082, 5.91518537556;VOSGES
SAVAS MEPIN;45.4968117369, 5.06174427992;ISERE
MESSANGES;43.811704392, -1.36380228548;LANDES
BEAUMONT LES NONAINS;49.3254912942, 2.00355965035;OISE
SANTES;50.5909879066, 2.96114421951;NORD
ENDOUFIELLE;43.5444326144, 1.02189690192;GERS
TEMPLEMARS;50.5706303055, 3.0593969462;NORD
ST CAPRAISE D EYMET;44.711179433, 0.51051059596;DORDOGNE
LITZ;49.4262725966, 2.32354551734;OISE
OFFEKERQUE;50.9314630388, 2.02026099219;PAS DE CALAIS
RUILLE FROID FONDS;47.9061787546, -0.625211049544;MAYENNE
MOULOTTE;49.1019942644, 5.75171537684;MEUSE
VIRICELLES;45.6550209584, 4.38155703358;LOIRE
LUBERSAC;45.454027392, 1.40027554352;CORREZE
ST BARTHELEMY DE BELLEGARDE;45.0801047856, 0.193152734323;DORDOGNE
SAUMOS;44.9121930542, -1.00529484975;GIRONDE
GUYANCOURT;48.7730783892, 2.07605207737;YVELINES
CROLLON;48.5824076496, -1.38068361185;MANCHE
LANDECOURT;48.5024280452, 6.42185405653;MEURTHE ET MOSELLE
ANGLARDS DE ST FLOUR;44.9887543021, 3.15851184449;CANTAL
BERGHOLTZZELL;47.9270613981, 7.22577933017;HAUT RHIN
SALT EN DONZY;45.7335095274, 4.28266323222;LOIRE
HULLUCH;50.4843039018, 2.81123592957;PAS DE CALAIS
LAMNAY;48.1056365774, 0.70953933987;SARTHE
PONTAVERT;49.4176198194, 3.82051815377;AISNE
MATIGNICOURT GONCOURT;48.6750657203, 4.67663431783;MARNE
ARMOY;46.3523619359, 6.51159949942;HAUTE SAVOIE
COURTERANGES;48.2683513867, 4.22551791779;AUBE
GOUMOIS;47.2664069171, 6.93962528255;DOUBS
SAUDRON;48.4947761197, 5.32100791464;HAUTE MARNE
FLAXIEU;45.8113298005, 5.74459048839;AIN
PIGNOLS;45.6495248205, 3.28545392206;PUY DE DOME
ANLHIAC;45.3214606994, 1.12082705606;DORDOGNE
AILLY LE HAUT CLOCHER;50.0813661279, 1.996040675;SOMME
LA VOIVRE;47.8185555868, 6.55480377432;HAUTE SAONE
FAUMONT;50.4531008477, 3.13526855992;NORD
ALVIMARE;49.6071633233, 0.63205346079;SEINE MARITIME
LE SAPPEY;46.0883274931, 6.16118965479;HAUTE SAVOIE
RAMASSE;46.1905550894, 5.35572056985;AIN
LA PLAGNE TARENTAISE;45.5224407762, 6.69359362189;SAVOIE
CHAMPAGNAC LE VIEUX;45.3545907565, 3.50450522586;HAUTE LOIRE
SEVIGNACQ;43.4525350572, -0.260345256329;PYRENEES ATLANTIQUES
LAROCHE PRES FEYT;45.7066868401, 2.4992746244;CORREZE
ST NIZIER DE FORNAS;45.4047039086, 4.0825460326;LOIRE
MARTIGNY LES BAINS;48.1103965406, 5.81812933203;VOSGES
ST GERMAIN DU BOIS;46.7400325151, 5.244824313;SAONE ET LOIRE
GARIGNY;47.0876281649, 2.88287839693;CHER
COUVILLE;49.5583745259, -1.68158460164;MANCHE
LES CRESNAYS;48.7090600064, -1.11382515634;MANCHE
BOISSEUILH;45.2814362613, 1.17805421579;DORDOGNE
GERMS SUR L OUSSOUET;43.0391620559, 0.0597615644896;HAUTES PYRENEES
CURLEY;47.2040051178, 4.91078289972;COTE D OR
AMBACOURT;48.3519571223, 6.13963930684;VOSGES
MARCIGNY SOUS THIL;47.3913107616, 4.38452242711;COTE D OR
VERGES;46.6591469123, 5.68477020801;JURA
VILLEMOUTIERS;47.9898633359, 2.55885928957;LOIRET
MONTOLIEU;43.3135618602, 2.21473143338;AUDE
ST JEAN DE NIOST;45.8405002569, 5.21167430462;AIN
CARNAC;47.608433163, -3.06973611145;MORBIHAN
BINSON ET ORQUIGNY;49.0964941609, 3.78995380367;MARNE
LAGRANGE;47.6840587684, 6.97706962401;TERRITOIRE DE BELFORT
TREILLIERES;47.3178218372, -1.62577302041;LOIRE ATLANTIQUE
SARRANCE;43.0446957599, -0.575631142614;PYRENEES ATLANTIQUES
DAUBENSAND;48.3518354847, 7.72863456174;BAS RHIN
FRESNES SUR APANCE;47.9402612111, 5.83368203758;HAUTE MARNE
VILLERS EN VEXIN;49.249845153, 1.59021278187;EURE
DHUIZON;47.5875471453, 1.67512625206;LOIR ET CHER
MOULINS;46.5624641056, 3.32662040221;ALLIER
EVRY GREGY SUR YERRE;48.6536042911, 2.63969411828;SEINE ET MARNE
CHANONAT;45.6953181074, 3.08324914721;PUY DE DOME
FAVEROLLES;47.9535166477, 5.22561749902;HAUTE MARNE
CHARMAUVILLERS;47.2312832249, 6.91715529579;DOUBS
FRAROZ;46.7287692147, 6.09880430783;JURA
ST ANTOINE DE FICALBA;44.3406134125, 0.720236260275;LOT ET GARONNE
ST PRIVAT;43.7510304618, 3.43193440263;HERAULT
BLAJAN;43.2538737528, 0.647870154984;HAUTE GARONNE
RIX;47.4284202802, 3.49827889196;NIEVRE
HONDOUVILLE;49.1448656783, 1.11623535424;EURE
LEAUPARTIE;49.1802281883, 0.0527677741155;CALVADOS
LABASTIDE CLERMONT;43.3495275482, 1.10615893654;HAUTE GARONNE
LE HOULME;49.5109862944, 1.03670151831;SEINE MARITIME
MAGNONCOURT;47.9040102383, 6.29020789289;HAUTE SAONE
RIANS;47.184837825, 2.6197112281;CHER
WOUSTVILLER;49.0785622468, 7.0055640876;MOSELLE
LA MESNIERE;48.5217923084, 0.434024036779;ORNE
LIESLE;47.0662026944, 5.8125818072;DOUBS
BESMONT;49.823361306, 4.11768907822;AISNE
BELMONT D AZERGUES;45.8674607353, 4.66814290336;RHONE
CHAMARANDE;48.5167739657, 2.21800082924;ESSONNE
BASSEVELLE;48.9228496694, 3.28206618815;SEINE ET MARNE
PRADIERS;45.2839972375, 2.92137599236;CANTAL
FOISSY LES VEZELAY;47.4373067665, 3.75900618123;YONNE
PELLAFOL;44.7819380023, 5.88025716303;ISERE
SERBONNES;48.3301048545, 3.20867774959;YONNE
COGOLIN;43.2464550515, 6.52192234084;VAR
QUERNES;50.602495211, 2.36795171734;PAS DE CALAIS
POUGNY;46.1450914685, 5.95100479291;AIN
NONSARD LAMARCHE;48.9387436314, 5.75541848294;MEUSE
ROUGEMONT LE CHATEAU;47.7460113941, 6.95212889734;TERRITOIRE DE BELFORT
LES ABRETS EN DAUPHINE;45.5418940561, 5.59342426222;ISERE
ST ETIENNE LA GENESTE;45.4506998857, 2.34906404541;CORREZE
MONTOULIEU ST BERNARD;43.2309082471, 0.906414880793;HAUTE GARONNE
MOURIEZ;50.3470493042, 1.95514283314;PAS DE CALAIS
LA ROCHE SUR FORON;46.0431484138, 6.30107653595;HAUTE SAVOIE
MAGNY EN VEXIN;49.158617564, 1.81039322129;VAL D OISE
GALLUIS;48.7975623096, 1.79110153574;YVELINES
STE THORETTE;47.0779345031, 2.2069818556;CHER
HARPONVILLE;50.0363058361, 2.50065859953;SOMME
SOUANCE AU PERCHE;48.2707984058, 0.834784803134;EURE ET LOIR
YVETOT BOCAGE;49.4960572995, -1.51043693291;MANCHE
LE PLESSIS BRION;49.4622196223, 2.9084704643;OISE
THIVERVAL GRIGNON;48.8442697487, 1.93387158899;YVELINES
ST JEAN PLA DE CORTS;42.515467363, 2.79428656792;PYRENEES ORIENTALES
GLANNES;48.7050593969, 4.50000704361;MARNE
CHICHEBOVILLE;49.1051343014, -0.219931014458;CALVADOS
CHATEAUBRIANT;47.7221583524, -1.38664809937;LOIRE ATLANTIQUE
ORVILLIERS ST JULIEN;48.4387695312, 3.82249131327;AUBE
BEGNECOURT;48.209918075, 6.16460965145;VOSGES
MARMANDE;44.5055176845, 0.172174280849;LOT ET GARONNE
PRESSIGNAC;45.8193617706, 0.739906904422;CHARENTE
RAGEADE;45.114689469, 3.26841308091;CANTAL
CHARBONNIER LES MINES;45.4181480729, 3.28199342923;PUY DE DOME
FRETERIVE;45.5925212338, 6.20927183971;SAVOIE
ST HILAIRE DE RIEZ;46.7432732188, -1.96439228965;VENDEE
ST BLAISE DU BUIS;45.3803941059, 5.51274680694;ISERE
CAUVILLE SUR MER;49.593844191, 0.144981167051;SEINE MARITIME
MOIDIEU DETOURBE;45.5125997972, 5.02180537959;ISERE
CROSMIERES;47.7361996092, -0.154731681464;SARTHE
VULBENS;46.1094500847, 5.9361888099;HAUTE SAVOIE
MONTAUT;43.3996449694, 0.421986128901;GERS
SUMENE;43.9885776737, 3.73217518553;GARD
LE PERCHAY;49.1164053302, 1.92739087092;VAL D OISE
CHAMPLITTE;47.6322292317, 5.51329036822;HAUTE SAONE
GUINCOURT;49.5563378123, 4.62813425759;ARDENNES
MANSAN;43.3413274684, 0.192744647375;HAUTES PYRENEES
BIVES;43.8298621138, 0.805981896154;GERS
CANGEY;47.4887286786, 1.06027361973;INDRE ET LOIR
TOURNAN EN BRIE;48.739865817, 2.77820566994;SEINE ET MARNE
CHEROY;48.2016247737, 3.00697319562;YONNE
CRONAT;46.7204911418, 3.7115602827;SAONE ET LOIRE
ISQUES;50.6822962991, 1.65634356393;PAS DE CALAIS
NASTRINGUES;44.8721088815, 0.15007807252;DORDOGNE
TURGY;48.0300363367, 4.05312999836;AUBE
CAGNES SUR MER;43.6715162078, 7.15275703379;ALPES MARITIMES
AZAY LE FERRON;46.8459784921, 1.08124698726;INDRE
EPINAY SUR DUCLAIR;49.5253630622, 0.835855173599;SEINE MARITIME
LA TESSOUALLE;47.0080969032, -0.83728849312;MAINE ET LOIRE
NEUREY EN VAUX;47.7425950552, 6.20223873056;HAUTE SAONE
CESNY AUX VIGNES;49.086293057, -0.120979196135;CALVADOS
FRENEUSE SUR RISLE;49.2462632726, 0.671497425624;EURE
OTTMARSHEIM;47.7858970322, 7.49270791037;HAUT RHIN
LAVAL MORENCY;49.8301398821, 4.49355605109;ARDENNES
AINCREVILLE;49.3697469375, 5.11617164649;MEUSE
LAFFITE TOUPIERE;43.1654323189, 0.913233525531;HAUTE GARONNE
ST GERMAIN SUR MORIN;48.8752580652, 2.84028985019;SEINE ET MARNE
BLIEUX;43.8746274845, 6.36279670798;ALPES DE HAUTE PROVENCE
CAYCHAX;42.8074176311, 1.72818525568;ARIEGE
MESLAND;47.5174737534, 1.10007537516;LOIR ET CHER
ARDILLEUX;46.0930299539, -0.0437628037734;DEUX SEVRES
LAVONCOURT;47.6226588338, 5.77603132497;HAUTE SAONE
SOMBACOUR;46.9502322879, 6.24102046225;DOUBS
MAROILLES;50.1319269189, 3.75814901282;NORD
HIRTZFELDEN;47.9099477204, 7.44697509823;HAUT RHIN
ST HILAIRE LE GRAND;49.1716852099, 4.44934319127;MARNE
PLUMERGAT;47.7279059531, -2.92323704418;MORBIHAN
ETRECHY;47.1597133509, 2.7158646405;CHER
BOUISSE;42.9841940805, 2.43400425918;AUDE
VAL DE BRIDE;48.8293499889, 6.69041214777;MOSELLE
COUVAINS;49.1619489869, -1.0082509146;MANCHE
SURAT;45.9402039693, 3.25933179692;PUY DE DOME
EYBURIE;45.4690737187, 1.64470023601;CORREZE
BADONVILLIERS GERAUVILLIERS;48.5444733383, 5.5777546612;MEUSE
MONT BONVILLERS;49.3268467637, 5.84287018832;MEURTHE ET MOSELLE
ARQUES LA BATAILLE;49.8821767195, 1.1367858461;SEINE MARITIME
PREAUX;47.0305164797, 1.30603010451;INDRE
ESPEYRAC;44.619095045, 2.51940471481;AVEYRON
VRELY;49.7966377319, 2.68672946995;SOMME
BOULIN;43.2540490794, 0.135324700722;HAUTES PYRENEES
CORBIE;49.9202042489, 2.49498506906;SOMME
ARNAS;46.018642208, 4.71055115549;RHONE
DAGNY LAMBERCY;49.7690562311, 4.04218248631;AISNE
PAREY SOUS MONTFORT;48.2508324084, 5.94558967092;VOSGES
VERLINCTHUN;50.6285938608, 1.69225464674;PAS DE CALAIS
LESPINOY;50.4276154192, 1.86447871866;PAS DE CALAIS
CHARMEIL;46.1598815241, 3.39334670689;ALLIER
VARS;44.5925220925, 6.71351456892;HAUTES ALPES
LOUARGAT;48.5612002546, -3.34101341684;COTES D ARMOR
BILLEZOIS;46.2094826701, 3.57688265252;ALLIER
GENOS;42.9989362033, 0.668863538548;HAUTE GARONNE
GREOLIERES;43.8070006506, 6.93196496167;ALPES MARITIMES
ST AGNAN SUR SARTHE;48.6219458943, 0.428936207107;ORNE
LACROST;46.5693107193, 4.93607004395;SAONE ET LOIRE
GREZIAN;42.8723925904, 0.352853993495;HAUTES PYRENEES
LABASTIDE DE VIRAC;44.3533257557, 4.41978848183;ARDECHE
BEGUES;46.1229614254, 3.14273582877;ALLIER
HAGUENAU;48.8417047695, 7.83010404968;BAS RHIN
CANNET;43.6145950269, -0.0561794206259;GERS
HOUVILLE EN VEXIN;49.2999641721, 1.35759066784;EURE
LORMAYE;48.6389252281, 1.54309712562;EURE ET LOIR
CHANIERS;45.7339723464, -0.551943475215;CHARENTE MARITIME
VILLERS SUR SAULNOT;47.5481669716, 6.64791604275;HAUTE SAONE
ST GERMAIN LANGOT;48.9223267272, -0.327291220475;CALVADOS
BONNEVAUX;46.2948424143, 6.66552754458;HAUTE SAVOIE
PLELAN LE GRAND;47.9968736139, -2.07990195207;ILE ET VILAINE
MARCHAUX;47.3224782465, 6.12169829591;DOUBS
LE SAIX;44.4638478254, 5.83381616664;HAUTES ALPES
CUVIER;46.8392780314, 6.06612873386;JURA
CERISIERS;48.1190156789, 3.49841417451;YONNE
ST REMY EN ROLLAT;46.1924635321, 3.38335990994;ALLIER
SAILLY;49.0430008047, 1.79368235837;YVELINES
MUESPACH;47.5496649857, 7.37287618717;HAUT RHIN
ST GERMIER;43.6735302735, 0.958403748596;GERS
LES PLANS;43.7561210421, 3.26564672986;HERAULT
FARBUS;50.3602196651, 2.82681103336;PAS DE CALAIS
FERRIERES;49.8848976333, 2.17848518817;SOMME
CUBIERES;44.475323724, 3.7868022391;LOZERE
NORMANVILLE;49.6911788807, 0.587022757237;SEINE MARITIME
PIOLENC;44.1774697051, 4.76585289056;VAUCLUSE
ST GERMAIN DE LA GRANGE;48.8330731847, 1.90235458205;YVELINES
LE TEMPLE DE BRETAGNE;47.3284386017, -1.79041386059;LOIRE ATLANTIQUE
CEIGNES;46.1256533435, 5.49457379202;AIN
RAUZAN;44.7824119957, -0.131058944697;GIRONDE
LA JAILLE YVON;47.7267173977, -0.687550991223;MAINE ET LOIRE
GOURBERA;43.8077905469, -1.04783992391;LANDES
ST PRIEST LA PLAINE;46.2038557137, 1.6315718964;CREUSE
DARNEY AUX CHENES;48.283062153, 5.81082852024;VOSGES
DOMPTAIL EN L AIR;48.5112118028, 6.33509789172;MEURTHE ET MOSELLE
ST JEAN TROLIMON;47.8682602746, -4.30993250083;FINISTERE
SAINS EN AMIENOIS;49.8147147037, 2.32407977472;SOMME
GINAI;48.7444923709, 0.209513017562;ORNE
LANTILLAC;47.9513185093, -2.66089059866;MORBIHAN
CERVIERES;45.8524253224, 3.75375770217;LOIRE
LAIFOUR;49.902088382, 4.69565397804;ARDENNES
DRUY PARIGNY;46.8810589814, 3.37180650361;NIEVRE
SAVIGNY SUR BRAYE;47.86966042, 0.831215929044;LOIR ET CHER
BERCHERES LES PIERRES;48.3738944765, 1.55553584326;EURE ET LOIR
REMILLY WIRQUIN;50.6699885591, 2.17457011207;PAS DE CALAIS
ST MARTIN LONGUEAU;49.3474706445, 2.59996403152;OISE
RIUPEYROUS;43.4007685011, -0.231595867903;PYRENEES ATLANTIQUES
LA CHAUSSEE SUR MARNE;48.8433156105, 4.54286173009;MARNE
VILLEFRANCOEUR;47.696504262, 1.20343836438;LOIR ET CHER
ST LOUIS EN L ISLE;45.0621473038, 0.388564917962;DORDOGNE
MAISON FEYNE;46.3472689397, 1.67021270506;CREUSE
ST PIERRE DE BAT;44.6700408345, -0.219919179937;GIRONDE
COGNAT LYONNE;46.1074095478, 3.29764762028;ALLIER
LECUMBERRY;43.0676995332, -1.1247200726;PYRENEES ATLANTIQUES
BONNAY;47.3292152038, 6.04469587885;DOUBS
BOULANCOURT;48.2614508893, 2.45112404829;SEINE ET MARNE
BASLY;49.2759084631, -0.426109621277;CALVADOS
KLEINGOEFT;48.6939893775, 7.44201331166;BAS RHIN
CHARIEZ;47.6196823197, 6.07911059403;HAUTE SAONE
AUMES;43.4638784757, 3.46993966613;HERAULT
MARAVAT;43.7604708957, 0.765120308835;GERS
CREYS MEPIEU;45.7442083563, 5.46517571315;ISERE
L ILE ST DENIS;48.9395693769, 2.32545252764;SEINE SAINT DENIS
CONFORT MEILARS;48.0555503715, -4.43487649608;FINISTERE
ST SULPICE LA POINTE;43.7589885163, 1.68659997767;TARN
VELINES;44.8569027334, 0.112194568411;DORDOGNE
MONGAILLARD;44.2096650364, 0.295708893452;LOT ET GARONNE
GUICHEN;47.9653877316, -1.79026270939;ILE ET VILAINE
COURCELLES LES MONTBELIARD;47.4947051288, 6.78554896767;DOUBS
VIRAC;44.0426130975, 2.05366411688;TARN
PLANCY L ABBAYE;48.5851575322, 3.98528853809;AUBE
BEAULIEU SUR SONNETTE;45.9272378764, 0.372798156825;CHARENTE
CALAMANE;44.5198122343, 1.41032272742;LOT
LANEUVEVILLE LES LORQUIN;48.6512962656, 7.00539649013;MOSELLE
CAUSSINIOJOULS;43.5484030335, 3.15563201931;HERAULT
FICHOUS RIUMAYOU;43.4864503765, -0.438799385567;PYRENEES ATLANTIQUES
CHAULHAC;44.9200127514, 3.26546644463;LOZERE
ABBARETZ;47.5560384833, -1.49327262094;LOIRE ATLANTIQUE
MONTREUIL SUR ILLE;48.3053148028, -1.6686934187;ILE ET VILAINE
LAVELINE DEVANT BRUYERES;48.1852298177, 6.75828843679;VOSGES
AUTY;44.1889226535, 1.4694372153;TARN ET GARONNE
ABANCOURT;49.6930546611, 1.76924374516;OISE
CANTELEU;49.4330992435, 1.01355208279;SEINE MARITIME
VENDAT;46.1618116569, 3.34727094186;ALLIER
ST CERGUES;46.2308494715, 6.32552147286;HAUTE SAVOIE
BEINHEIM;48.8543766678, 8.09164601373;BAS RHIN
CHAMBON STE CROIX;46.3528332177, 1.76950395174;CREUSE
CONNAC;44.0203997041, 2.59454534597;AVEYRON
NOYERS SUR CHER;47.2831417944, 1.41063801702;LOIR ET CHER
BAILLEUL LE SOC;49.4206214218, 2.58376325171;OISE
MARCELCAVE;49.8483821329, 2.57064959188;SOMME
BENNWIHR;48.1394469818, 7.33981544547;HAUT RHIN
LE MESNIL SIMON;48.8900734081, 1.53507885253;EURE ET LOIR
BOISSY LA RIVIERE;48.3824146625, 2.17005086721;ESSONNE
LARGILLAY MARSONNAY;46.5560198028, 5.66558400939;JURA
CASTELNAU CHALOSSE;43.6593581505, -0.852237101621;LANDES
CHAMBON SUR LAC;45.5602562882, 2.86880475585;PUY DE DOME
LA POUGE;45.9737443345, 1.9401973026;CREUSE
VAUMORT;48.1366578358, 3.44102523277;YONNE
CLAIRFAYTS;50.1564472386, 4.12464922424;NORD
LE QUESNEL AUBRY;49.5099695752, 2.31447331085;OISE
ST ANDEOL;44.8078998133, 5.26289331722;DROME
BOUVRON;48.7396311739, 5.88530993382;MEURTHE ET MOSELLE
TREVENEUC;48.6598480306, -2.87375934756;COTES D ARMOR
VIGOUX;46.517396736, 1.47441263851;INDRE
CORGNAC SUR L ISLE;45.3733273094, 0.944659017976;DORDOGNE
BOSSELSHAUSEN;48.8061717193, 7.50878423117;BAS RHIN
MACHY;50.2756243749, 1.80219554847;SOMME
LA TRANCHE SUR MER;46.3564601605, -1.43136322126;VENDEE
D HUISON LONGUEVILLE;48.4557191202, 2.32754055181;ESSONNE
BLENDECQUES;50.7159944346, 2.27536301448;PAS DE CALAIS
POTHIERES;47.917342261, 4.49676949979;COTE D OR
ST ETIENNE DU VIGAN;44.7892500054, 3.83546695032;HAUTE LOIRE
BERSAC SUR RIVALIER;46.077935885, 1.41763260464;HAUTE VIENNE
PRUINES;44.534819715, 2.4875783018;AVEYRON
ENTRE DEUX GUIERS;45.4156254861, 5.75636251084;ISERE
BAYE;48.8606173405, 3.75936134657;MARNE
HANTAY;50.5374677667, 2.86845922313;NORD
LA BOSSE;48.1635194155, 0.546593401051;SARTHE
DALLON;49.8240617542, 3.23031219742;AISNE
LA BALME LES GROTTES;45.8422873745, 5.32038841338;ISERE
ST BAUZILLE DE MONTMEL;43.776222742, 3.95036124695;HERAULT
LOEUILLY;49.7718632447, 2.19570627328;SOMME
MONTMELIAN;45.5084437218, 6.05560369254;SAVOIE
GUILLOS;44.5519470973, -0.518935394792;GIRONDE
CONDOM D AUBRAC;44.6054295973, 2.88073175235;AVEYRON
THOREY EN PLAINE;47.2150904574, 5.13836316838;COTE D OR
ANTERRIEUX;44.8313754887, 3.05707779467;CANTAL
OISSEAU;48.3617009398, -0.667360504455;MAYENNE
LA FLAMENGRIE;50.0002036206, 3.92466690244;AISNE
HAIMS;46.513121388, 0.927029519838;VIENNE
POISSY;48.9235359371, 2.02715552772;YVELINES
TERMIGNON;45.3441528771, 6.84789108583;SAVOIE
SIEST;43.650022681, -1.13330295872;LANDES
FLAUJAC GARE;44.707043004, 1.77185249529;LOT
OBERENTZEN;47.9380454434, 7.38091455268;HAUT RHIN
FRANS;45.9939065077, 4.78033196905;AIN
SAILLY LE SEC;49.927194423, 2.58905061259;SOMME
FEIGERES;46.1104409048, 6.07310572582;HAUTE SAVOIE
TOUSSON;48.3433486346, 2.45792608191;SEINE ET MARNE
EYMEUX;45.0663071333, 5.18254259284;DROME
ST CASTIN;43.3743065004, -0.309504991301;PYRENEES ATLANTIQUES
BRIEL SUR BARSE;48.2131293074, 4.35408912876;AUBE
LA FRANCHEVILLE;49.7255789105, 4.70732068022;ARDENNES
LANRIGAN;48.3912514208, -1.69125449269;ILE ET VILAINE
FREISSINIERES;44.7364921825, 6.45937704084;HAUTES ALPES
BREHEVILLE;49.3843029047, 5.33372175915;MEUSE
CONDAT SUR GANAVEIX;45.4824773803, 1.59889305142;CORREZE
BAZOCHES SUR HOENE;48.5510739399, 0.470361328466;ORNE
MACQUEVILLE;45.7959532794, -0.203637900401;CHARENTE MARITIME
ST GEIN;43.831513719, -0.306151041119;LANDES
TEILHEDE;45.9614924136, 3.05247762419;PUY DE DOME
NIEVROZ;45.8222941077, 5.05949629195;AIN
UHART MIXE;43.273744664, -1.0182798978;PYRENEES ATLANTIQUES
CORMONT;50.5639416071, 1.74295071169;PAS DE CALAIS
COUBLEVIE;45.3567707495, 5.61793464006;ISERE
TREBABU;48.3698825588, -4.73292975114;FINISTERE
FRESNAY LE SAMSON;48.872166928, 0.207025608696;ORNE
FAUGERES;44.4791202629, 4.13971608703;ARDECHE
PRUNET;44.5954398585, 4.25387564472;ARDECHE
STE LIVRADE;43.6486109155, 1.11198442378;HAUTE GARONNE
ST QUENTIN SUR SAUXILLANGES;45.5452461177, 3.41588566339;PUY DE DOME
POUANCAY;47.08788601, -0.0810916620199;VIENNE
HAGETAUBIN;43.5105619096, -0.612895161323;PYRENEES ATLANTIQUES
MONCHAUX SUR ECAILLON;50.2838656974, 3.4581039292;NORD
ST MAUDAN;48.1114125678, -2.76769637126;COTES D ARMOR
CASTELNAU SUR L AUVIGNON;43.9635207971, 0.471654890782;GERS
FRANCIN;45.4921246224, 6.03037399148;SAVOIE
ST JEAN DU CORAIL DES BOIS;48.7721392247, -1.20394577611;MANCHE
RIVERY;49.9106434149, 2.33962596148;SOMME
BOUTEILLES ST SEBASTIEN;45.3484141889, 0.289312148374;DORDOGNE
TANIS;48.5847136068, -1.44326167489;MANCHE
NOLAY;47.1179113926, 3.33180523455;NIEVRE
ST DENOEUX;50.4773305558, 1.90952236294;PAS DE CALAIS
LUPIAC;43.6880530746, 0.187356485668;GERS
CEAUX;48.6305274048, -1.38499101591;MANCHE
CANTENAC;45.0277700491, -0.674408400113;GIRONDE
DOMMARTIN SOUS HANS;49.12412458, 4.7940542532;MARNE
STEIGE;48.3628206219, 7.22974408388;BAS RHIN
FLETRE;50.758011537, 2.64096480956;NORD
ALBERTVILLE;45.6683987277, 6.40460338643;SAVOIE
LABRIT;44.1262391646, -0.564277292069;LANDES
BLASSAC;45.1611462033, 3.38427748233;HAUTE LOIRE
SAUTERNES;44.531082109, -0.341531541732;GIRONDE
STE COLOMBE;48.5343555436, 3.25919071204;SEINE ET MARNE
BEUVARDES;49.1308547007, 3.49165019107;AISNE
BREHEMONT;47.2893596195, 0.361536652473;INDRE ET LOIR
ST MAURICE CRILLAT;46.5680782643, 5.83386083988;JURA
DOUVILLE;45.0019813607, 0.595182446811;DORDOGNE
CHALEY;45.9533367734, 5.53682505273;AIN
LONGWE;49.3862720162, 4.80042380919;ARDENNES
LE MERZER;48.5816215935, -3.07507907802;COTES D ARMOR
USSAC;45.1901861032, 1.51268724107;CORREZE
SOLESMES;47.8443845125, -0.280679742039;SARTHE
DOMPIERRE SUR VEYLE;46.0667883703, 5.21665199666;AIN
ST PIERRE LE VIGER;49.8268946102, 0.849728214011;SEINE MARITIME
MOITRON;47.681789677, 4.80835298822;COTE D OR
TRONCENS;43.4545876376, 0.220355779744;GERS
TOURNON ST MARTIN;46.7300364978, 0.983181764115;INDRE
SERVIGNAT;46.4346497878, 5.05559973107;AIN
ST BERTHEVIN LA TANNIERE;48.4068199721, -0.947577369365;MAYENNE
LE QUESNE;49.8602001575, 1.79202557749;SOMME
ST PAUL SUR UBAYE;44.5588988433, 6.82078770145;ALPES DE HAUTE PROVENCE
HOYMILLE;50.9727799567, 2.45547219579;NORD
MONTREUIL BELLAY;47.1287547622, -0.125278817925;MAINE ET LOIRE
DONNEMENT;48.519771783, 4.42815499728;AUBE
ST CLEMENT;48.2247837392, 3.30677970985;YONNE
BAZELAT;46.3502358102, 1.53198134056;CREUSE
ST GILDAS DE RHUYS;47.5128140114, -2.83281521373;MORBIHAN
GRAMMOND;45.5739004046, 4.44195002454;LOIRE
FOVILLE;48.9185016444, 6.3250667958;MOSELLE
SOUCE;48.4670641596, -0.67042009651;MAYENNE
MOUAIS;47.7049782547, -1.66473754092;LOIRE ATLANTIQUE
CIADOUX;43.2542454661, 0.742080761345;HAUTE GARONNE
BARD LES EPOISSES;47.5282299954, 4.22511845186;COTE D OR
BAZIEN;48.4149166, 6.67611556388;VOSGES
BONVILLERS;49.5855067939, 2.35206121544;OISE
REMBERCOURT SOMMAISNE;48.9200891019, 5.17855123412;MEUSE
LAGNICOURT MARCEL;50.1560504506, 2.95664780211;PAS DE CALAIS
ROUVROY EN SANTERRE;49.7680945713, 2.71199955174;SOMME
MEREVILLE;48.3183780776, 2.07369929257;ESSONNE
MENAUCOURT;48.6555904423, 5.36214352258;MEUSE
PUYCALVEL;43.6838355288, 2.07099624199;TARN
MEAUZAC;44.0954617752, 1.23041071919;TARN ET GARONNE
RIMBACHZELL;47.8979516563, 7.17356848558;HAUT RHIN
COURCELLES SOUS CHATENOIS;48.3280700524, 5.81600954433;VOSGES
FIGANIERES;43.5672152549, 6.49870478854;VAR
ST GERMAIN VILLAGE;49.3448117228, 0.498708877957;EURE
LA CHAPELLE AU RIBOUL;48.3161643792, -0.432803278756;MAYENNE
BELMESNIL;49.7683532311, 1.05014790136;SEINE MARITIME
HENRIDORFF;48.7328010132, 7.21130656264;MOSELLE
BANDOL;43.1473544522, 5.74789358398;VAR
GROSTENQUIN;48.9811031676, 6.74027388511;MOSELLE
CLEMERY;48.8830969785, 6.18034249181;MEURTHE ET MOSELLE
TROUBAT;42.9751262869, 0.582135854208;HAUTES PYRENEES
ANCERVILLE;48.6399125992, 5.02373888302;MEUSE
ST CHRISTOPHE EN BOUCHERIE;46.6796859188, 2.11586073047;INDRE
EBERSVILLER;49.2801569466, 6.39992340407;MOSELLE
ROUSIES;50.2712617008, 3.99972723492;NORD
MORTIERS;49.6934508264, 3.66411841593;AISNE
BOIS ARNAULT;48.816398716, 0.748244384454;EURE
TOTES;49.6835299658, 1.04261362963;SEINE MARITIME
HATTSTATT;48.0147694216, 7.27362142833;HAUT RHIN
BUSSET;46.0568912652, 3.51533127883;ALLIER
LES EYZIES DE TAYAC SIREUIL;44.9350703851, 1.04035256381;DORDOGNE
MONTLAUR;43.8651798638, 2.83361605924;AVEYRON
ST CREPIN D AUBEROCHE;45.1177639491, 0.895951381831;DORDOGNE
OZERAILLES;49.2259087453, 5.84170990352;MEURTHE ET MOSELLE
CHAVENON;46.4219939323, 2.95170741295;ALLIER
LA CROIX EN BRIE;48.5944942615, 3.07093990033;SEINE ET MARNE
ASNOIS;46.1033058392, 0.408300889947;VIENNE
CHEVENOZ;46.3330385867, 6.64071625327;HAUTE SAVOIE
ST AGATHON;48.5628506514, -3.10081732497;COTES D ARMOR
BEAULIEU LES FONTAINES;49.6653459644, 2.91164661769;OISE
CASTELNOU;42.6193831125, 2.70904889838;PYRENEES ORIENTALES
TRONCHY;46.7273787924, 5.07374136167;SAONE ET LOIRE
MHERE;47.1949524122, 3.86024509237;NIEVRE
ST SAUVEUR DE PIERREPONT;49.3353264923, -1.60977461831;MANCHE
MANY;49.0008874067, 6.52779955702;MOSELLE
FRANSU;50.1129742666, 2.0902535968;SOMME
SAISY;46.9611534554, 4.55629886469;SAONE ET LOIRE
BELMONT BRETENOUX;44.8887906556, 1.88174957113;LOT
VILLENEUVE DU PAREAGE;43.1586748014, 1.64287363091;ARIEGE
BAYONVILLERS;49.8647263676, 2.62854322017;SOMME
GUENVILLER;49.1048014179, 6.80480680693;MOSELLE
BOUMOURT;43.4423096627, -0.514147087954;PYRENEES ATLANTIQUES
GROISSIAT;46.2260039429, 5.61095413441;AIN
BATSERE;43.059770593, 0.284319513747;HAUTES PYRENEES
HOUTKERQUE;50.8825678923, 2.58249154938;NORD
RENTIERES;45.4251236978, 3.11962739468;PUY DE DOME
NAGEL SEEZ MESNIL;48.9247473098, 0.940596231036;EURE
MONDREVILLE;48.1510497294, 2.5976435537;SEINE ET MARNE
CLANS;44.0049097261, 7.17876366942;ALPES MARITIMES
MAGNAT L ETRANGE;45.795032018, 2.26882619571;CREUSE
POMMIERS;45.9582307321, 4.6884680442;RHONE
ARMENTIERES EN BRIE;48.9805568845, 3.01556654649;SEINE ET MARNE
MONTASTRUC DE SALIES;43.0375060146, 0.901473462822;HAUTE GARONNE
MOUSTERU;48.5285458399, -3.23462058455;COTES D ARMOR
BUVILLY;46.8704853827, 5.72629217171;JURA
CHAMBON SUR DOLORE;45.4970592625, 3.62526275053;PUY DE DOME
LAVEYRON;45.2037746922, 4.81998155798;DROME
ELNE;42.6008592066, 2.97119695146;PYRENEES ORIENTALES
ARBENT;46.2834936005, 5.69061651221;AIN
VILLIERS EN MORVAN;47.1432363648, 4.25988582154;COTE D OR
PROUZEL;49.814090508, 2.18958769704;SOMME
IZAUX;43.0578535178, 0.377272900491;HAUTES PYRENEES
THIZAY;46.8989940984, 1.92934750416;INDRE
BOISCOMMUN;48.0389368902, 2.35695030268;LOIRET
ETURQUERAYE;49.3693948332, 0.688772409605;EURE
L HOPITAL LE MERCIER;46.3944535195, 4.00899233183;SAONE ET LOIRE
CUTTING;48.8448468243, 6.83520339633;MOSELLE
DAMPIERRE SUR BOUTONNE;46.0734166242, -0.387793874556;CHARENTE MARITIME
BOYER;46.0971669978, 4.21483763027;LOIRE
AMENDEUIX ONEIX;43.3445045858, -1.04369537456;PYRENEES ATLANTIQUES
ROQUEFORT DES CORBIERES;42.9921607802, 2.9297362776;AUDE
BONNAC;45.2099376788, 3.14660869619;CANTAL
MORCOURT;49.8856864737, 2.65779356181;SOMME
ST GILDAS DES BOIS;47.5090375076, -2.05985402604;LOIRE ATLANTIQUE
ECHAVANNE;47.6577226817, 6.72413298347;HAUTE SAONE
CHARLEVAL;49.3796508002, 1.38961447522;EURE
VALLESVILLES;43.5947686475, 1.64987135863;HAUTE GARONNE
LA CHAPELLE FELCOURT;49.0405394481, 4.75534021192;MARNE
FRAIS;47.6463987999, 6.9814493981;TERRITOIRE DE BELFORT
STE COLOMBE DE DURAS;44.695891392, 0.119530622673;LOT ET GARONNE
MESSEIX;45.6122699559, 2.533971784;PUY DE DOME
BRAN;45.3499135162, -0.261698224631;CHARENTE MARITIME
CAUBEYRES;44.2579597615, 0.21692393129;LOT ET GARONNE
JACOU;43.6629846943, 3.9119610777;HERAULT
ARS;45.6370134609, -0.402334253854;CHARENTE
ST BLAISE;46.0663582053, 6.09154099437;HAUTE SAVOIE
VERZY;49.1438617468, 4.16066393277;MARNE
ROQUEMAURE;44.0414756862, 4.7565701251;GARD
RESTIGNE;47.2867984367, 0.23554247776;INDRE ET LOIR
CHATRES LA FORET;48.1242760809, -0.417110386076;MAYENNE
VIOLAINES;50.5377604504, 2.77970850314;PAS DE CALAIS
ST MARCELLIN EN FOREZ;45.4892854611, 4.16817576447;LOIRE
ST PIERRE LES ELBEUF;49.2778967618, 1.04793816865;SEINE MARITIME
L ABERGEMENT CLEMENCIAT;46.1534255214, 4.92611354223;AIN
AUTHEUIL AUTHOUILLET;49.1004320886, 1.2947778203;EURE
ROCQUEMONT;49.6078202374, 1.29752436783;SEINE MARITIME
CONGENIES;43.7752563981, 4.15881236462;GARD
NAINVILLE LES ROCHES;48.5047296879, 2.49555231597;ESSONNE
CHANCIA;46.3456617858, 5.64248681911;JURA
BOUE;50.0114554001, 3.71432024852;AISNE
L AIGLE;48.7561549553, 0.611126420423;ORNE
CHERVAL;45.3879420014, 0.384934329038;DORDOGNE
MONTMARTIN LE HAUT;48.2094879831, 4.54987689229;AUBE
HEUILLEY SUR SAONE;47.3358079869, 5.46489125739;COTE D OR
MONTMARTIN EN GRAIGNES;49.2674470247, -1.16552700264;MANCHE
FRISE;49.940092522, 2.81429548717;SOMME
LEGUEVIN;43.5919597795, 1.2290264629;HAUTE GARONNE
DOMMARTIN;47.0718096664, 3.84542104585;NIEVRE
VERNET;43.4279795368, 1.42137431875;HAUTE GARONNE
HOENHEIM;48.6242068412, 7.75365666565;BAS RHIN
IRE LE SEC;49.4734793135, 5.39668662619;MEUSE
THENELLES;49.8314948078, 3.45894075748;AISNE
SIERSTHAL;49.0510946988, 7.35614038462;MOSELLE
HEUDICOURT;49.3343880911, 1.66267351729;EURE
LAIVES;46.6527155264, 4.83486721421;SAONE ET LOIRE
MASNY;50.341241582, 3.19548470018;NORD
ST BEAT;42.9045912184, 0.685235191061;HAUTE GARONNE
MOLINGES;46.35182997, 5.76359169948;JURA
SERVAL;49.352069984, 3.68270184221;AISNE
DAUMAZAN SUR ARIZE;43.1445751789, 1.30386151934;ARIEGE
COLLEVILLE;49.7521780135, 0.456999133125;SEINE MARITIME
LA MADELEINE DE NONANCOURT;48.7901504026, 1.21800401971;EURE
LENONCOURT;48.6713494283, 6.30019640728;MEURTHE ET MOSELLE
ST ANDRE LE PUY;45.646913833, 4.26396291539;LOIRE
OSNE LE VAL;48.4981170566, 5.20118415597;HAUTE MARNE
MONTREUIL EN CAUX;49.6862090326, 1.15552636526;SEINE MARITIME
GRAVIGNY;49.0522263912, 1.16057059772;EURE
ETRICHE;47.6598525566, -0.452234777822;MAINE ET LOIRE
LE PAS ST L HOMER;48.4935203875, 0.928175992686;ORNE
GREFFEIL;43.0745101503, 2.39378914841;AUDE
IZEL LES EQUERCHIN;50.362470832, 2.94589813108;PAS DE CALAIS
TROUVILLE LA HAULE;49.4202682765, 0.579988906072;EURE
ARTEMARE;45.8695891748, 5.69065283943;AIN
GISSEY LE VIEIL;47.3221932401, 4.4861696452;COTE D OR
MOULINEAUX;49.3430951193, 0.957923849124;SEINE MARITIME
SOMMEILLES;48.9157131194, 4.96860127249;MEUSE
ROUGNAC;45.5371194351, 0.354245072318;CHARENTE
ST MARTIN EN GATINOIS;46.9431147927, 5.00729435499;SAONE ET LOIRE
BELMONT;47.7810349094, 6.49795396276;HAUTE SAONE
GRANDVILLERS;48.23660603, 6.6688268877;VOSGES
BARACE;47.6427261834, -0.357767481621;MAINE ET LOIRE
VAUDEMONT;48.4212219796, 6.05835186507;MEURTHE ET MOSELLE
GOUJOUNAC;44.5750476412, 1.20089199371;LOT
REFFUVEILLE;48.6773659485, -1.11165024883;MANCHE
REILHAC;44.7017845632, 1.72572975091;LOT
LATOUR DE CAROL;42.4737507924, 1.87250178908;PYRENEES ORIENTALES
ALLONDRELLE LA MALMAISON;49.5106931001, 5.5687752244;MEURTHE ET MOSELLE
FONTAINE NOTRE DAME;49.8785724713, 3.42380596752;AISNE
THIVIERS;45.4286304056, 0.912184321254;DORDOGNE
DROCOURT;50.3900419812, 2.93220470295;PAS DE CALAIS
BORAN SUR OISE;49.1749794772, 2.35195670267;OISE
ST VINCENT DE REINS;46.0739597884, 4.38622082272;RHONE
MEZEL;45.7490361428, 3.24075330378;PUY DE DOME
FONTAINES SUR MARNE;48.5585322909, 5.11565256465;HAUTE MARNE
JONVELLE;47.9286064746, 5.91384412427;HAUTE SAONE
MONT LOUIS;42.5104146008, 2.1202342386;PYRENEES ORIENTALES
ST JULIEN EN BEAUCHENE;44.6264570637, 5.71979975938;HAUTES ALPES
LA CLUSE ET MIJOUX;46.8683471293, 6.39291993544;DOUBS
LES BELLEVILLE;45.334431769, 6.51686943075;SAVOIE
NOTRE DAME DU CRUET;45.3752065363, 6.3094948961;SAVOIE
ST MARTIN DE VILLEREGLAN;43.1038939734, 2.21100886207;AUDE
CHATILLON SUR INDRE;46.9917064296, 1.17509631629;INDRE
MUSIGNY;47.1649661089, 4.5232598082;COTE D OR
SOULATGE;42.879514086, 2.50365865424;AUDE
MITRY MORY;48.9779450158, 2.61244465751;SEINE ET MARNE
CADOLIVE;43.3941966153, 5.53223354589;BOUCHES DU RHONE
SARRAS;45.1872505321, 4.78407766188;ARDECHE
ST MAURICE THIZOUAILLE;47.8332646182, 3.36323456172;YONNE
PRATS DE SOURNIA;42.7426820307, 2.45927988592;PYRENEES ORIENTALES
CAUBIAC;43.7125921487, 1.07397427745;HAUTE GARONNE
MONTDRAGON;43.7753099488, 2.09549518318;TARN
ST JUST;45.335415501, 0.498491614935;DORDOGNE
NOIDANS LE FERROUX;47.5676980089, 5.94846873016;HAUTE SAONE
COURTOIN;48.1216195741, 3.10995909647;YONNE
BOBIGNY;48.907688244, 2.43863982727;SEINE SAINT DENIS
VAUVILLE;49.6372240544, -1.82536053456;MANCHE
LA CAPELLE BLEYS;44.3037455115, 2.17927140431;AVEYRON
MAIZERAY;49.1053498485, 5.70142913056;MEUSE
CHAMPAGNE;48.0162619913, 0.333986746648;SARTHE
LABARTHE;44.2091624963, 1.31689415927;TARN ET GARONNE
SOULIGNAC;44.6965920718, -0.288037993647;GIRONDE
THONES;45.8852613668, 6.31953220709;HAUTE SAVOIE
ST JOSEPH;49.5317896214, -1.52353706492;MANCHE
ROGNON;47.4193128831, 6.30787470895;DOUBS
ST REMY;46.1846642149, 5.16771354778;AIN
BRESDON;45.8650109231, -0.145421933634;CHARENTE MARITIME
GOUVERNES;48.8584691866, 2.69464360484;SEINE ET MARNE
BETTEGNEY ST BRICE;48.3034515964, 6.31437877151;VOSGES
ST VINCENT DE TYROSSE;43.659126452, -1.30038486512;LANDES
ROYE;49.6936899931, 2.78868757676;SOMME
LESTELLE BETHARRAM;43.1218161618, -0.213848358539;PYRENEES ATLANTIQUES
ARC ET SENANS;47.0351046371, 5.76978366413;DOUBS
MERY;45.6368213368, 5.93473047597;SAVOIE
ST COSME EN VAIRAIS;48.2744377482, 0.457973879241;SARTHE
LA SAUVETAT DU DROPT;44.6497758491, 0.331517448954;LOT ET GARONNE
GRAMONT;43.9426554834, 0.787981814153;TARN ET GARONNE
FESSEVILLERS;47.2807563461, 6.91972627259;DOUBS
WIERRE AU BOIS;50.651199611, 1.76845641503;PAS DE CALAIS
RIVERENERT;42.951363295, 1.26184128734;ARIEGE
COADOUT;48.5151774425, -3.17890331471;COTES D ARMOR
DIVION;50.4697599295, 2.50465277071;PAS DE CALAIS
ST MARTIAL;44.0382099804, 3.74399705326;GARD
VACQUIERS;43.7908380932, 1.48368573442;HAUTE GARONNE
MONTAIGUT LE BLANC;46.1184508913, 1.73277255271;CREUSE
GRANDFRESNOY;49.3762488165, 2.65940543568;OISE
CETTE EYGUN;42.9364187767, -0.568555169226;PYRENEES ATLANTIQUES
LANDEAN;48.4131956969, -1.14760395074;ILE ET VILAINE
ST SYMPHORIEN;46.2674034004, -0.479082156946;DEUX SEVRES
SASSANGY;46.7235527398, 4.64308684871;SAONE ET LOIRE
HENNEZIS;49.1906897417, 1.45636250544;EURE
ST MICHEL DE DEZE;44.240223078, 3.88529361784;LOZERE
CASTILLON EN COUSERANS;42.9165658331, 1.05571963783;ARIEGE
BALANOD;46.4554239007, 5.35090483871;JURA
VAUTORTE;48.2983458845, -0.823100560436;MAYENNE
LOMBERS;43.8159438532, 2.1438851027;TARN
ICHY;48.2062867777, 2.54177134265;SEINE ET MARNE
PESSAT VILLENEUVE;45.9230389016, 3.15822094053;PUY DE DOME
ST POIX;47.9663369335, -1.04358876565;MAYENNE
BIARNE;47.1454413505, 5.45151056819;JURA
MONTAUBAN DE BRETAGNE;48.2028996948, -2.06476180878;ILE ET VILAINE
ST SIXT;46.0419013961, 6.32297351763;HAUTE SAVOIE
AVRIGNY;49.3890770811, 2.57702799562;OISE
LE DRENNEC;48.5330700302, -4.38126617487;FINISTERE
AMBARES ET LAGRAVE;44.9444897713, -0.500579133995;GIRONDE
PAULIGNE;43.0749163178, 2.14740375945;AUDE
FLEUREY LES FAVERNEY;47.7411367393, 6.09066624014;HAUTE SAONE
PLOUGOUMELEN;47.6608388788, -2.89786302771;MORBIHAN
ST CLAUDE DE DIRAY;47.6176924713, 1.41960449512;LOIR ET CHER
ST FROULT;45.9134705375, -1.06195684494;CHARENTE MARITIME
GRIGNY;50.3823543208, 2.06358217112;PAS DE CALAIS
ST MAUR;46.568652329, 2.28797208225;CHER
LA VILLENEUVE LES CHARLEVILLE;48.7972274315, 3.70878628564;MARNE
TRAMEZAIGUES;42.7537706313, 0.250807124153;HAUTES PYRENEES
MONZE;43.1532561314, 2.46648904534;AUDE
ST AVIT DE TARDES;45.9202464802, 2.29914606711;CREUSE
BRAMANS;45.18737013, 6.84225367965;SAVOIE
ST CYR EN TALMONDAIS;46.4597334032, -1.33722144355;VENDEE
EBREON;45.9419566214, 0.0300094172426;CHARENTE
BERUS;48.374837011, 0.0675732851409;SARTHE
SALIGNEY;47.2229745913, 5.63681673671;JURA
ST MARTIN LE VIEIL;43.2942127146, 2.15397156403;AUDE
ARRIEN;43.3128952701, -0.162235527982;PYRENEES ATLANTIQUES
FRECHENCOURT;49.9640407626, 2.43689907824;SOMME
BETHONVILLIERS;47.6808468613, 6.96678328233;TERRITOIRE DE BELFORT
REMELING;49.413057321, 6.48144808378;MOSELLE
VALFLAUNES;43.8020094105, 3.86188285063;HERAULT
AISONVILLE ET BERNOVILLE;49.930148162, 3.51120205593;AISNE
LA BARDE;45.1281301478, -0.0633132974486;CHARENTE MARITIME
TOULAUD;44.9021816561, 4.79271125843;ARDECHE
ST BRESSON;43.954635238, 3.64404651872;GARD
ST MAUR;43.4855046217, 0.346681853223;GERS
MARC LA TOUR;45.1977261458, 1.85210029305;CORREZE
SEILH;43.6900953799, 1.35675007167;HAUTE GARONNE
ILE TUDY;47.8527643575, -4.16160884308;FINISTERE
LANEUVILLE SUR MEUSE;49.4960126597, 5.12109125774;MEUSE
SIMORRE;43.457392326, 0.73670535692;GERS
HOUDELMONT;48.5366637219, 6.09333663622;MEURTHE ET MOSELLE
CHANTRAINE;48.1667597776, 6.41955760454;VOSGES
PLUZUNET;48.6363773229, -3.3712110927;COTES D ARMOR
ST VICTOR;45.0991678025, 4.6879539211;ARDECHE
VILLERS AUX BOIS;48.9348611937, 3.93035066412;MARNE
MALICORNAY;46.5692681843, 1.64580646533;INDRE
COUDRAY;47.7910216372, -0.63763514955;MAYENNE
GOUAREC;48.2358108068, -3.1953780576;COTES D ARMOR
BEAUVOIR WAVANS;50.2165851287, 2.1653582453;PAS DE CALAIS
CAMPAGNAC;44.0329274572, 1.83921027036;TARN
CRANNES EN CHAMPAGNE;47.9793340977, -0.0366151411596;SARTHE
LAMAYOU;43.3849922326, -0.030140439683;PYRENEES ATLANTIQUES
PRUNAY LE GILLON;48.3665143772, 1.63539609302;EURE ET LOIR
JONZIER EPAGNY;46.0765856703, 5.98885636261;HAUTE SAVOIE
CHUSCLAN;44.1543328002, 4.6882962223;GARD
GROSBREUIL;46.5390090882, -1.6072005484;VENDEE
BRANDIVY;47.7845009747, -2.92240814832;MORBIHAN
CLAIREGOUTTE;47.6628053162, 6.63860014681;HAUTE SAONE
OGNES;49.0992468739, 2.82917802889;OISE
EGUENIGUE;47.6793258182, 6.9331272882;TERRITOIRE DE BELFORT
GAZAVE;43.0294569149, 0.4215522116;HAUTES PYRENEES
SOIZE;48.1691325251, 0.890518984946;EURE ET LOIR
SERRIERES SUR AIN;46.1466977757, 5.45023362942;AIN
MEVOUILLON;44.2346171686, 5.47885128912;DROME
MONT;43.4270216184, -0.659420644515;PYRENEES ATLANTIQUES
ST ULPHACE;48.1566973317, 0.840132351008;SARTHE
ROVILLE AUX CHENES;48.3820234749, 6.61151563001;VOSGES
FRANQUEVILLE ST PIERRE;49.4038906151, 1.18265367249;SEINE MARITIME
BEAUFORT BLAVINCOURT;50.2755246835, 2.48584476187;PAS DE CALAIS
BERGICOURT;49.7444595181, 2.0280499183;SOMME
ROCQUEMONT;49.2596362011, 2.81990784544;OISE
MALMERSPACH;47.8597012807, 7.0228099709;HAUT RHIN
ST PAL DE MONS;45.2420793243, 4.28312816043;HAUTE LOIRE
MONTFEY;48.0665324378, 3.87246147303;AUBE
PLOGASTEL ST GERMAIN;47.9772934585, -4.26371081296;FINISTERE
ST FLAVY;48.4064559956, 3.77621221951;AUBE
TRONGET;46.418633391, 3.08862365583;ALLIER
CHARPONT;48.6958429169, 1.43243894312;EURE ET LOIR
MIDREVAUX;48.3882114046, 5.58565024732;VOSGES
OBERSOULTZBACH;48.851369071, 7.44768959028;BAS RHIN
VENDRES;43.2581519414, 3.22720260244;HERAULT
ST BRIEUC DES IFFS;48.3034329234, -1.84362998531;ILE ET VILAINE
ZIMMING;49.1301980522, 6.58678160982;MOSELLE
LA GENETE;46.549436103, 5.04979591392;SAONE ET LOIRE
LE CASTELLET;43.227667489, 5.76560108367;VAR
ST ANDRE LE BOUCHOUX;46.1131399612, 5.0802376895;AIN
BEHASQUE LAPISTE;43.3188892342, -1.00802745389;PYRENEES ATLANTIQUES
BOUXIERES AUX DAMES;48.7585901427, 6.16355504539;MEURTHE ET MOSELLE
ST PIERRE ROCHE;45.7293103902, 2.814651997;PUY DE DOME
CHANEINS;46.0934984191, 4.85473364691;AIN
LA SABOTTERIE;49.5447543677, 4.66996190814;ARDENNES
MAZUBY;42.7876134652, 2.03335100934;AUDE
HERM;43.8073328601, -1.12483470338;LANDES
MONTCHARVOT;47.8999798972, 5.72792351103;HAUTE MARNE
ST DIONISY;43.8046137629, 4.22332689655;GARD
SEMOUSIES;50.1639637271, 3.96792099301;NORD
DIEULEFIT;44.5310329912, 5.06528375642;DROME
AUBREVILLE;49.1557767788, 5.09477198919;MEUSE
ROUSSIEUX;44.3315645396, 5.47886581658;DROME
MANGIENNES;49.3459600586, 5.52912697423;MEUSE
ST MARTIN D AUXIGNY;47.2103197455, 2.38165698999;CHER
OSMERY;46.9385913345, 2.65792888635;CHER
ANNOIS;49.7210674108, 3.17611501401;AISNE
AUTHUILLE;50.046768796, 2.67678190814;SOMME
BLAGNAC;43.6421867862, 1.37886941086;HAUTE GARONNE
CUREL;48.4982110144, 5.14626238825;HAUTE MARNE
COLOMBIER EN BRIONNAIS;46.3479871035, 4.33327603076;SAONE ET LOIRE
MARCQ;48.8642310591, 1.82382085659;YVELINES
VAYRES SUR ESSONNE;48.431521942, 2.34569131487;ESSONNE
CELLES;45.6100158658, -0.386567366555;CHARENTE MARITIME
KEMPLICH;49.3245509599, 6.39523707067;MOSELLE
VILLETTES;49.1542620882, 1.04564765622;EURE
ROSENAU;47.6388184393, 7.54215519701;HAUT RHIN
BAGNOLS;45.4980479842, 2.63866750043;PUY DE DOME
BEAUMOTTE AUBERTANS;47.433936502, 6.16129269067;HAUTE SAONE
AUZON;45.387357804, 3.37851265715;HAUTE LOIRE
SIGNY LE PETIT;49.9309499097, 4.2990463026;ARDENNES
DOMATS;48.1175257061, 3.05983267835;YONNE
STE JULIETTE SUR VIAUR;44.2186396438, 2.50113925253;AVEYRON
ORGEIX;42.6754737936, 1.87610097386;ARIEGE
BOURGOUGNAGUE;44.6190672361, 0.419708136105;LOT ET GARONNE
AZUR;43.798488604, -1.29632205852;LANDES
DOUMY;43.4451222979, -0.377112446292;PYRENEES ATLANTIQUES
ST JUST LUZAC;45.7944979756, -1.0542452381;CHARENTE MARITIME
BLACQUEVILLE;49.5573634495, 0.848501057817;SEINE MARITIME
MONTGRU ST HILAIRE;49.1768851038, 3.32722209943;AISNE
ILLIERS L EVEQUE;48.8249944319, 1.25958790614;EURE
GIRONVILLE SUR ESSONNE;48.3663326191, 2.34574347653;ESSONNE
PASSA;42.5650078478, 2.80463901382;PYRENEES ORIENTALES
SOUDE;48.7289755504, 4.30528409518;MARNE
MONTFORT;44.0591709898, 5.95286093626;ALPES DE HAUTE PROVENCE
VIELLE ADOUR;43.1428451906, 0.128121780681;HAUTES PYRENEES
COURCERAC;45.8429574627, -0.366358535503;CHARENTE MARITIME
JARNAGES;46.1901556115, 2.0803969544;CREUSE
ST JUERY;44.8298892181, 3.08370934221;LOZERE
MAREY;48.1032737559, 5.90705245577;VOSGES
GELVECOURT ET ADOMPT;48.2008667754, 6.17865808407;VOSGES
AYSE;46.0869924496, 6.44601645014;HAUTE SAVOIE
ORIVAL;49.3187791595, 0.996413960189;SEINE MARITIME
MAZELEY;48.2468678999, 6.34350665623;VOSGES
GLENOUZE;47.007793926, -0.00436588789691;VIENNE
CHATEAU CHALON;46.7594016188, 5.64816991256;JURA
CHATEL;46.2490325973, 6.81712790779;HAUTE SAVOIE
AMPLIER;50.1381261668, 2.39740510092;PAS DE CALAIS
MOUTIERS SOUS CHANTEMERLE;46.6878996227, -0.624436667699;DEUX SEVRES
BASSILLON VAUZE;43.4526790153, -0.07621462231;PYRENEES ATLANTIQUES
VAUCHASSIS;48.2092064967, 3.92631536187;AUBE
BAUGE EN ANJOU;47.5466894738, -0.109021794815;MAINE ET LOIRE
MASSIGNIEU DE RIVES;45.7571503942, 5.7620535823;AIN
SALESCHES;50.2082539959, 3.59623286765;NORD
BAR LE DUC;48.7642280465, 5.16346492169;MEUSE
VILLECOURT;49.7984263719, 2.97270989609;SOMME
CAVILLARGUES;44.1170150817, 4.51753065913;GARD
BEAUVAL EN CAUX;49.7392898442, 1.02536395494;SEINE MARITIME
PROVERVILLE;48.2326139251, 4.67236770859;AUBE
ARQUES;50.7402216255, 2.31902794783;PAS DE CALAIS
LE PIN;45.3165769615, -0.293306922217;CHARENTE MARITIME
DHUIZEL;49.3602201297, 3.61487590771;AISNE
HOUEVILLE;48.3700796834, 5.80595939885;VOSGES
VENTEROL;44.3977805769, 5.09846513358;DROME
ARBEOST;42.9800099474, -0.274398509458;HAUTES PYRENEES
ST CEZAIRE SUR SIAGNE;43.6594259137, 6.80329376165;ALPES MARITIMES
DAMPIERRE LES CONFLANS;47.8446617435, 6.17930368282;HAUTE SAONE
PAULE;48.2274085967, -3.46128178015;COTES D ARMOR
ST JEAN LASSEILLE;42.5862325168, 2.86488169804;PYRENEES ORIENTALES
BEGOLE;43.1596154692, 0.319511225672;HAUTES PYRENEES
CRIQUEBEUF EN CAUX;49.7396135117, 0.333053861202;SEINE MARITIME
PALLUAU;46.8063002019, -1.60225256402;VENDEE
LIMPIVILLE;49.6872515704, 0.50230406905;SEINE MARITIME
PLUDUNO;48.5232615716, -2.28079325793;COTES D ARMOR
GEUDERTHEIM;48.7154836732, 7.76052070487;BAS RHIN
ST PANCRE;49.5261729402, 5.6387663725;MEURTHE ET MOSELLE
FAJOLES;44.8070487445, 1.38268887877;LOT
SAINS LES PERNES;50.4791687953, 2.34885594845;PAS DE CALAIS
LARROQUE ST SERNIN;43.8298476261, 0.46893020045;GERS
CHAMPAGNE ST HILAIRE;46.3229827238, 0.320405816347;VIENNE
BEBING;48.7214398635, 6.99109821572;MOSELLE
CERNOY;49.4426355659, 2.53929202364;OISE
REEZ FOSSE MARTIN;49.0912758357, 2.92362494577;OISE
BEUREY;48.1758848753, 4.47296130877;AUBE
BIERVILLE;49.5360436591, 1.27429073498;SEINE MARITIME
BOURG L EVEQUE;47.7329044493, -1.01480048811;MAINE ET LOIRE
ST LOUP DU GAST;48.3871907627, -0.584446559338;MAYENNE
ST AVIT;45.8758919248, 2.52568725113;PUY DE DOME
PISANY;45.7047969225, -0.794411464518;CHARENTE MARITIME
MOLIERES SUR CEZE;44.261353293, 4.14846746114;GARD
VILLERS FAUCON;49.9770164855, 3.10650017982;SOMME
ST BRIS LE VINEUX;47.7397337759, 3.65690105499;YONNE
MONTAGNA LE RECONDUIT;46.4549069839, 5.39107165834;JURA
CORMOST;48.1565309093, 4.13264501348;AUBE
BOUZERON;46.8915695256, 4.72745431658;SAONE ET LOIRE
JEU LES BOIS;46.6818941747, 1.79462790894;INDRE
MAIZILLY;46.1758631519, 4.24319004515;LOIRE
GRAINVILLE SUR RY;49.4748647459, 1.30031593466;SEINE MARITIME
ST OUEN DU MESNIL OGER;49.1575801048, -0.115265598688;CALVADOS
GEZONCOURT;48.8427635602, 5.98578970414;MEURTHE ET MOSELLE
LA BURBANCHE;45.8598709332, 5.54609714598;AIN
PRAY;47.6844730122, 1.11113363302;LOIR ET CHER
RIMBACH PRES GUEBWILLER;47.9044113934, 7.15327700335;HAUT RHIN
ST GENGOULPH;49.1189499126, 3.21526676033;AISNE
BARON;44.8235731803, -0.317485301092;GIRONDE
LEMPS;44.3531580457, 5.41264543298;DROME
LA BAZOQUE;49.1535081338, -0.877591469858;CALVADOS
PUGEY;47.1714944079, 5.99435390384;DOUBS
GORRON;48.4219397405, -0.8016203216;MAYENNE
LA HAYE PESNEL;48.8097220034, -1.374935921;MANCHE
ROQUEBRUNE CAP MARTIN;43.7638278953, 7.4587361611;ALPES MARITIMES
LE MENIL;47.9140118322, 6.81585715866;VOSGES
LES COMBES;47.0470386207, 6.53657573654;DOUBS
AMMERSCHWIHR;48.119478992, 7.25998332176;HAUT RHIN
INAUMONT;49.5628562714, 4.31902902428;ARDENNES
DAMPIERRE AU TEMPLE;49.0387201638, 4.39365189938;MARNE
COURGIVAUX;48.7130437686, 3.49067370796;MARNE
VOITEUR;46.743219074, 5.60355195147;JURA
BAGNIZEAU;45.9004170603, -0.316541376972;CHARENTE MARITIME
MOYENMOUTIER;48.3849583082, 6.91756486753;VOSGES
ST MARS DE LOCQUENAY;47.9317580131, 0.506038620378;SARTHE
ST HILAIRE LA TREILLE;46.2488590739, 1.31048173483;HAUTE VIENNE
ROSEY;46.7400858369, 4.71424499336;SAONE ET LOIRE
BRAILLANS;47.3119102403, 6.08660032243;DOUBS
CHARRAIX;45.0254209003, 3.55934731457;HAUTE LOIRE
PANNES;48.0121009913, 2.66878562628;LOIRET
CAMPIGNEULLES LES GRANDES;50.4317716288, 1.70627964186;PAS DE CALAIS
STAINVILLE;48.6425989975, 5.17866321517;MEUSE
MUSSY SUR SEINE;47.9845203158, 4.50679375168;AUBE
GOUAIX;48.4760442904, 3.2968135463;SEINE ET MARNE
JARJAYES;44.50532996, 6.10808996032;HAUTES ALPES
MANEHOUVILLE;49.832169289, 1.06742872639;SEINE MARITIME
MAILLAT;46.1201642836, 5.52854394238;AIN
ST ANDRE SUR VIEUX JONC;46.1492410532, 5.14175200148;AIN
JAVERLHAC ET LA CHAPELLE ST ROBERT;45.5610374028, 0.55048383986;DORDOGNE
MARGUERON;44.7662541658, 0.255840872998;GIRONDE
MOUCHARD;46.9775766117, 5.78997395755;JURA
LA MOTHE ACHARD;46.6163645636, -1.65038156849;VENDEE
BEAUVOIR SUR MER;46.9086155426, -2.06349351302;VENDEE
JUGON LES LACS COMMUNE NOUVELLE;48.4166591067, -2.32522349689;COTES D ARMOR
VILLEFRANCHE;43.4214250557, 0.734034219047;GERS
LE PASSAGE;45.5254700733, 5.51478241706;ISERE
AUTREY;48.5315476318, 6.12732307982;MEURTHE ET MOSELLE
COURTEMANCHE;49.6644829732, 2.54537456166;SOMME
VILLERS L HOPITAL;50.2291696538, 2.21010808284;PAS DE CALAIS
ROCHE;45.5742314322, 5.15591367556;ISERE
GRISOLLES;43.8224483737, 1.28670830479;TARN ET GARONNE
ST JEAN SAVERNE;48.7782167422, 7.3556231734;BAS RHIN
PAROY SUR SAULX;48.5149155599, 5.24765880237;HAUTE MARNE
NOAILLAC;44.517026239, -0.0232977040899;GIRONDE
LA NEUVE LYRE;48.9023268219, 0.736464562108;EURE
ST PYTHON;50.1935153197, 3.47506674368;NORD
ILE AUX MOINES;47.5862523195, -2.84876733291;MORBIHAN
ALLENNES LES MARAIS;50.5417063572, 2.94865877262;NORD
MARLY LE ROI;48.865007453, 2.09125004298;YVELINES
BIDING;49.0637579139, 6.79094608781;MOSELLE
PUY ST PIERRE;44.8973152572, 6.60470761793;HAUTES ALPES
BUETHWILLER;47.6601180217, 7.13595818077;HAUT RHIN
UZOS;43.2607603254, -0.349153042882;PYRENEES ATLANTIQUES
AULNAY;48.4783453651, 4.41533916578;AUBE
LASCAZERES;43.4981293192, -0.0285264493096;HAUTES PYRENEES
AUTEUIL;48.8394911873, 1.81898836973;YVELINES
HOHROD;48.063242328, 7.13261807916;HAUT RHIN
AIZELLES;49.4848002918, 3.81870255331;AISNE
STE MARIE DE VAUX;45.8624690425, 1.04112218143;HAUTE VIENNE
BOUVELLEMONT;49.583627508, 4.66481668205;ARDENNES
VIZOS;42.8925591748, -0.00333686959239;HAUTES PYRENEES
VAILHAUQUES;43.6641779009, 3.72842619012;HERAULT
CADILLAC EN FRONSADAIS;44.9623132376, -0.373407122831;GIRONDE
TERMES;43.0033668711, 2.57033427463;AUDE
HUNAWIHR;48.1824285926, 7.30403809307;HAUT RHIN
SAUVAT;45.3075112596, 2.44172378671;CANTAL
CHAMBILLY;46.2825163052, 3.99815426784;SAONE ET LOIRE
NADILLAC;44.5639146169, 1.51053421394;LOT
CARNOUX EN PROVENCE;43.2584851646, 5.56581431221;BOUCHES DU RHONE
GUIVRY;49.651625761, 3.12103476493;AISNE
ST MARIENS;45.1211853951, -0.40505275637;GIRONDE
MAURESSAC;43.3212250025, 1.43428309398;HAUTE GARONNE
THEZILLIEU;45.8931883593, 5.59700638944;AIN
CHASSIGNY SOUS DUN;46.2375878745, 4.29248216952;SAONE ET LOIRE
LAUNAC;43.7503565656, 1.17070596349;HAUTE GARONNE
LORRY LES METZ;49.1440695242, 6.10904481635;MOSELLE
ST GENEST DE BEAUZON;44.4451273836, 4.18697019048;ARDECHE
PENIN;50.3304741478, 2.487971772;PAS DE CALAIS
LE PLESSIS GASSOT;49.0357861801, 2.41591923278;VAL D OISE
BALGAU;47.9272368478, 7.53211500774;HAUT RHIN
JABREILLES LES BORDES;46.0240636032, 1.51487992944;HAUTE VIENNE
BIEF;47.3224089924, 6.77498580034;DOUBS
MONTROTTIER;45.8005219603, 4.46362962057;RHONE
ST GUILLAUME;44.9453659385, 5.59084549964;ISERE
VALLOIRE;45.1233680911, 6.42400790634;SAVOIE
TORNAY;47.6940487968, 5.59873122424;HAUTE MARNE
ETERVILLE;49.1478744808, -0.428813516348;CALVADOS
LES HAIES;45.512760817, 4.73868418136;RHONE
SAIGUEDE;43.5233769475, 1.14231751485;HAUTE GARONNE
VALMEINIER;45.152061815, 6.50820802644;SAVOIE
ROZIERES SUR MOUZON;48.1150950617, 5.72132142301;VOSGES
ST MARTIN DE LA CLUZE;44.9895989377, 5.66101914988;ISERE
LE BOURGET;48.9361847458, 2.42827855593;SEINE SAINT DENIS
BULAN;43.043232784, 0.279721330275;HAUTES PYRENEES
EGRY;48.1008974565, 2.44089841893;LOIRET
FRESNAY LE GILMERT;48.5129802184, 1.4182025742;EURE ET LOIR
SIEGEN;48.957145226, 8.03962378793;BAS RHIN
VACHERESSE;46.3228440674, 6.7065933809;HAUTE SAVOIE
FONTANES;45.5421701244, 4.43125355325;LOIRE
CLERES;49.5912266795, 1.10310854217;SEINE MARITIME
DOMPIERRE LES EGLISES;46.2151282851, 1.24961324009;HAUTE VIENNE
WIMILLE;50.7649885294, 1.64203664126;PAS DE CALAIS
OZOIR LE BREUIL;48.0140288244, 1.47582957378;EURE ET LOIR
ABLAINCOURT PRESSOIR;49.8413195623, 2.82481058921;SOMME
GOUDEX;43.379000165, 0.956722532352;HAUTE GARONNE
LLUPIA;42.62594544, 2.78302556037;PYRENEES ORIENTALES
CONDE SUR RISLE;49.3076008928, 0.608409242024;EURE
THENORGUES;49.4060946457, 4.92137626366;ARDENNES
BRETTEN;47.7056292411, 7.0643418397;HAUT RHIN
BETTVILLER;49.0755681327, 7.29043662433;MOSELLE
LE MALZIEU FORAIN;44.8695737618, 3.38991258654;LOZERE
LANNUX;43.6452094279, -0.223285876187;GERS
LA CHAPELLE NAUDE;46.5871900268, 5.19349664362;SAONE ET LOIRE
LEGLANTIERS;49.4986729429, 2.53214211935;OISE
COUSSA;43.0646378158, 1.68939869661;ARIEGE
BEAUFORT;46.5858090332, 5.43052572582;JURA
PAYROS CAZAUTETS;43.6256324466, -0.398159744539;LANDES
LOZANNE;45.8530206071, 4.68542193423;RHONE
CHAMPEY SUR MOSELLE;48.9572800681, 6.06611088952;MEURTHE ET MOSELLE
ESPAON;43.4291996718, 0.870269920288;GERS
ELANCOURT;48.7781596518, 1.96049898519;YVELINES
PAYZAC;45.4219045977, 1.22669113048;DORDOGNE
GRIMAULT;47.6605721672, 3.97653630246;YONNE
GIRANCOURT;48.1469425491, 6.32699648339;VOSGES
FORGES;46.1090753059, -0.892101839793;CHARENTE MARITIME
MONT LES NEUFCHATEAU;48.3527617859, 5.64259267987;VOSGES
ALISSAS;44.7070337034, 4.6240636083;ARDECHE
JONCREUIL;48.5270359202, 4.62391326662;AUBE
LES TROIS CHATEAUX;46.4197619267, 5.34914344308;JURA
BONNEVILLE;45.8381451066, -0.0500530176925;CHARENTE
PLOURIN;48.503013638, -4.68383669582;FINISTERE
CONILHAC DE LA MONTAGNE;42.9790867705, 2.20524985286;AUDE
BLICOURT;49.5608239154, 2.06049872178;OISE
ABLON SUR SEINE;48.7238409464, 2.42117629348;VAL DE MARNE
BONGHEAT;45.7244737269, 3.42713550452;PUY DE DOME
BEAUREGARD VENDON;45.9656649406, 3.11312148208;PUY DE DOME
LA TABLE;45.4723580933, 6.1858039721;SAVOIE
BARRAN;43.6220194252, 0.448452323881;GERS
CARDONVILLE;49.3459718219, -1.05341223436;CALVADOS
BOUC BEL AIR;43.4472296617, 5.41237056144;BOUCHES DU RHONE
AIGNE;43.3255517298, 2.79308395136;HERAULT
ST LO D OURVILLE;49.3317884523, -1.67378144777;MANCHE
GREDISANS;47.1627557383, 5.51775930119;JURA
FOSSOY;49.044990122, 3.48523126715;AISNE
ST MACOUX;46.118249319, 0.225258448871;VIENNE
MONTEREAU;47.8353730505, 2.56194977117;LOIRET
ST GRAVE;47.7228923689, -2.28820700863;MORBIHAN
SERVON;48.7150535859, 2.59164264543;SEINE ET MARNE
GRESSWILLER;48.5249899072, 7.40991098161;BAS RHIN
REBREUVE SUR CANCHE;50.2662010324, 2.34099398003;PAS DE CALAIS
BEYNES;43.9834965171, 6.24025663148;ALPES DE HAUTE PROVENCE
PONT NOYELLES;49.9405653949, 2.45269277473;SOMME
L ETANG LA VILLE;48.8674116059, 2.06048754387;YVELINES
ST PIERRE D AURILLAC;44.5791928369, -0.192914222319;GIRONDE
VILLABE;48.5857767602, 2.45200288236;ESSONNE
OSSENX;43.3765462273, -0.80836547403;PYRENEES ATLANTIQUES
ST MARTIN SUR OCRE;47.6468281409, 2.64446873404;LOIRET
MONTVERNIER;45.3327756268, 6.33500792788;SAVOIE
FAINS VEEL;48.779817337, 5.11255044282;MEUSE
FROIDFOND;46.8789464367, -1.75511438567;VENDEE
ST AFFRIQUE;43.9656694471, 2.86653125625;AVEYRON
SOULAGES BONNEVAL;44.6772152529, 2.77442908262;AVEYRON
ST JEAN AUX AMOGNES;47.0088136491, 3.34145655138;NIEVRE
GAGEAC ET ROUILLAC;44.8038484874, 0.357689330262;DORDOGNE
TURQUANT;47.2114118968, 0.0218791736623;MAINE ET LOIRE
CLAVANS EN HAUT OISANS;45.1175117933, 6.16207850111;ISERE
PRIMELIN;48.0287724431, -4.60550316515;FINISTERE
ST CYR LA ROCHE;45.2792183518, 1.38416762976;CORREZE
ILLTAL;47.5598733177, 7.31658096209;HAUT RHIN
LE RIBAY;48.3782564166, -0.415575081434;MAYENNE
LINGEARD;48.7381417691, -1.02635116604;MANCHE
BONNAC;43.1726271399, 1.58703667646;ARIEGE
RAPSECOURT;49.0231964043, 4.79125516398;MARNE
FAIN LES MONTBARD;47.6174941653, 4.40346528629;COTE D OR
BRIANCONNET;43.8649498097, 6.74501344628;ALPES MARITIMES
CUNELIERES;47.6258233078, 6.99387177143;TERRITOIRE DE BELFORT
LE GRAND LUCE;47.8672204186, 0.463121636019;SARTHE
LOURTIES MONBRUN;43.4572752251, 0.546073005059;GERS
MONLEZUN;43.49557943, 0.21741183427;GERS
LE MESNIL CAUSSOIS;48.855084438, -1.01089419215;CALVADOS
DARBRES;44.6599554077, 4.51592801942;ARDECHE
DENEVRE;47.5557164652, 5.64493853194;HAUTE SAONE
MISSEGRE;43.0021750779, 2.37277504963;AUDE
RICQUEBOURG;49.5606808344, 2.75829251841;OISE
ECULLY;45.7821499466, 4.7721681177;RHONE
VISKER;43.1385924723, 0.0683532878312;HAUTES PYRENEES
VILLIERS ADAM;49.0702888248, 2.23950871871;VAL D OISE
BOUESSE;46.6263374879, 1.68778572639;INDRE
ETIVEY;47.6726045815, 4.14690426955;YONNE
LE POULIGUEN;47.2716208982, -2.43210265977;LOIRE ATLANTIQUE
BAILLEAU ARMENONVILLE;48.527016484, 1.64740884389;EURE ET LOIR
CLAIS;49.8139194785, 1.47363845661;SEINE MARITIME
EYZIN PINET;45.4781067325, 4.99820728602;ISERE
ANDELOT BLANCHEVILLE;48.2358357276, 5.28592728312;HAUTE MARNE
CHANCAY;47.4496671434, 0.88057915544;INDRE ET LOIR
ST MARC DU COR;47.9680036234, 0.968517516884;LOIR ET CHER
CASTELNAU RIVIERE BASSE;43.5804567818, -0.0282406541212;HAUTES PYRENEES
VILLERS LA CHEVRE;49.5055978223, 5.68894758816;MEURTHE ET MOSELLE
BAZAS;44.4424533682, -0.212326795621;GIRONDE
NESMY;46.5921936479, -1.40947698594;VENDEE
ST SATURNIN DU LIMET;47.8160669984, -1.08925376057;MAYENNE
TUDEILS;45.0497594208, 1.78452745167;CORREZE
LAPEYROUSE MORNAY;45.3275989913, 4.98910838258;DROME
ST VINCENT DE BARBEYRARGUES;43.7107487308, 3.87689704795;HERAULT
RIGNY SUR ARROUX;46.5421616023, 4.01816532874;SAONE ET LOIRE
THEZAN LES BEZIERS;43.4132925116, 3.15810877475;HERAULT
LILLY;49.4029373278, 1.56677975295;EURE
CURCHY;49.7790671802, 2.86870993814;SOMME
GERMAINE;49.8124843843, 3.11903042429;AISNE
PARC D ANXTOT;49.5859076954, 0.388286306471;SEINE MARITIME
CORBENAY;47.8958414477, 6.33319148205;HAUTE SAONE
MOROGUES;47.2574083445, 2.59600177096;CHER
BERG;48.8928474217, 7.14475787887;BAS RHIN
VILLAZ;45.9532681771, 6.20133049908;HAUTE SAVOIE
ST GAUZENS;43.7421086865, 1.88132892487;TARN
ST GEORGES MOTEL;48.7922570884, 1.35958388782;EURE
SAVOUGES;47.1806736269, 5.05798309916;COTE D OR
CREVECOEUR LE PETIT;49.5740115762, 2.49886203911;OISE
MONTENOIS;47.4932375673, 6.65827943249;DOUBS
CHAMPDIVERS;47.0078921172, 5.39015295804;JURA
CARCANS;45.0847969006, -1.04933512467;GIRONDE
BRIGNAC;48.1120379683, -2.39511005338;MORBIHAN
GIZIA;46.5271746657, 5.42480617606;JURA
BREUIL MAGNE;46.0002799003, -0.966249355235;CHARENTE MARITIME
FOULANGUES;49.2769230112, 2.31380236183;OISE
ST URBAIN;46.8818371328, -2.01607828912;VENDEE
HUNDLING;49.1019689356, 6.98521601159;MOSELLE
ACHEUX EN VIMEU;50.0660366423, 1.67027205864;SOMME
CHENNEBRUN;48.6841164258, 0.774515882818;EURE
ANCHENONCOURT ET CHAZEL;47.861727458, 6.11528633916;HAUTE SAONE
GOUDELANCOURT LES BERRIEUX;49.4946764579, 3.85858670968;AISNE
FALAISE;48.8957800281, -0.193401711782;CALVADOS
VESANCY;46.3610768127, 6.08470665475;AIN
RADENAC;47.9491864881, -2.7130262254;MORBIHAN
AMAZY;47.3830839935, 3.56104962023;NIEVRE
LE CHATELET SUR RETOURNE;49.4102528694, 4.27415473111;ARDENNES
PONCEY SUR L IGNON;47.4903530445, 4.75222297541;COTE D OR
ST GENOUPH;47.3724173906, 0.589386626061;INDRE ET LOIR
TOURS EN VIMEU;50.0353174379, 1.68426454279;SOMME
ST GENES DE BLAYE;45.1613439952, -0.668437136605;GIRONDE
VERRIERES;49.4959923626, 4.88538309039;ARDENNES
LA CROIX DU PERCHE;48.2811953008, 1.04194353092;EURE ET LOIR
SAGY;49.0526461167, 1.96852121634;VAL D OISE
MEZIERES EN BRENNE;46.8120642094, 1.25669191407;INDRE
ERNESTVILLER;49.0636116192, 6.97508799239;MOSELLE
CURTIL SOUS BUFFIERES;46.4027317458, 4.52645305897;SAONE ET LOIRE
CHASSENEUIL SUR BONNIEURE;45.8243471539, 0.441043431658;CHARENTE
BOULT;47.3845989346, 6.00252108883;HAUTE SAONE
LACHAPELLE SOUS CHAUX;47.7049696546, 6.79856033468;TERRITOIRE DE BELFORT
CHEZY SUR MARNE;48.983996655, 3.38226485102;AISNE
ROELLECOURT;50.3682282573, 2.387937901;PAS DE CALAIS
AVESNES LE SEC;50.2483988689, 3.37145460907;NORD
VALLANGOUJARD;49.1340749867, 2.10393344842;VAL D OISE
PREYSSAC D EXCIDEUIL;45.3419567033, 1.10725833882;DORDOGNE
ST SORLIN DE MORESTEL;45.6330000577, 5.47273562347;ISERE
CHORANCHE;45.071206623, 5.39354497889;ISERE
TURENNE;45.0610532957, 1.57106480469;CORREZE
CODOGNAN;43.7226508777, 4.2269417423;GARD
MORGNY LA POMMERAYE;49.5199542797, 1.25089069783;SEINE MARITIME
HOLQUE;50.856500023, 2.2050645429;NORD
ST LOUIS LES BITCHE;48.9900389284, 7.35271084125;MOSELLE
LA ROQUE ALRIC;44.1448441393, 5.06883398959;VAUCLUSE
RIMOU;48.3879829755, -1.52823061249;ILE ET VILAINE
CHUISNES;48.4370118675, 1.1888981198;EURE ET LOIR
PASILLY;47.7025345935, 4.08341992562;YONNE
MAROLLES EN BRIE;48.7394780616, 2.55491338455;VAL DE MARNE
TOCANE ST APRE;45.2373278199, 0.496959112951;DORDOGNE
MONTBIZOT;48.1530640298, 0.182398817667;SARTHE
ST OUEN DE SECHEROUVRE;48.5987945928, 0.492195334785;ORNE
CAMLEZ;48.7831858864, -3.31551057887;COTES D ARMOR
CROIX CALUYAU;50.152088377, 3.58548579583;NORD
SPEZET;48.1857593376, -3.69132351095;FINISTERE
ROCHECHINARD;45.0272825113, 5.24326609957;DROME
ALLY;45.1502850873, 3.3167176948;HAUTE LOIRE
BANIZE;45.9368272021, 1.99756920373;CREUSE
COUDUN;49.4581784318, 2.8000113018;OISE
KAPPELEN;47.6138112548, 7.44104846641;HAUT RHIN
ST PROJET;44.7472704411, 1.51114352201;LOT
CHAMPAGNAT;46.0202394723, 2.28670592425;CREUSE
VILLAMBLAIN;48.0129025653, 1.55246267039;LOIRET
SERANVILLERS FORENVILLE;50.1266132129, 3.27725549348;NORD
MOURMELON LE GRAND;49.1326106985, 4.38710569439;MARNE
NAMPCELLES LA COUR;49.7765756098, 4.00209910519;AISNE
ST BONNET LES TOURS DE MERLE;45.0549433234, 2.05205394933;CORREZE
QUESQUES;50.7016785113, 1.9419210746;PAS DE CALAIS
BAILLY AUX FORGES;48.4543823566, 4.90549135186;HAUTE MARNE
LACAPELLE PINET;44.0677076414, 2.35434693156;TARN
VILLY;47.8668272951, 3.74734170454;YONNE
MAZINGARBE;50.4684201259, 2.72581419392;PAS DE CALAIS
STE FLORENCE;44.8173313426, -0.0924823027936;GIRONDE
ST OUEN LE BRISOULT;48.5091783781, -0.350727640894;ORNE
MALANGE;47.1838419032, 5.61461645047;JURA
ST MARTIN DES MONTS;48.1512082085, 0.597953696239;SARTHE
HARCIGNY;49.80256362, 3.9828364762;AISNE
GUERON;49.2476651518, -0.709843889765;CALVADOS
DRACY LE FORT;46.7967008104, 4.77049585592;SAONE ET LOIRE
AUBENAS;44.6102127084, 4.39638981424;ARDECHE
BONLIER;49.4727781384, 2.14990842093;OISE
ST PAUL LES ROMANS;45.0586462417, 5.12685510741;DROME
ST VAAST DU VAL;49.6860662177, 1.00949278238;SEINE MARITIME
ST FELIX;49.3548770591, 2.28412904405;OISE
MAROLLES EN BRIE;48.7741847386, 3.16145494015;SEINE ET MARNE
MALMY;49.1805031948, 4.81024077767;MARNE
FOURILLES;46.2438583922, 3.19784046802;ALLIER
ST GOURGON;47.6608251122, 1.0124485184;LOIR ET CHER
LUCHEUX;50.2007727466, 2.41954614841;SOMME
MONPARDIAC;43.4636060332, 0.245133551575;GERS
MASCARVILLE;43.5587512833, 1.75383087377;HAUTE GARONNE
L EPINE AUX BOIS;48.8992804015, 3.44384138078;AISNE
ST GERVAIS LA FORET;47.5607456407, 1.36138962511;LOIR ET CHER
NOAILLES;49.3185654473, 2.19363262342;OISE
VELAINES;48.6973807648, 5.29679363324;MEUSE
MONTCLUS;44.2694461878, 4.41823005524;GARD
VELAUX;43.5239854581, 5.24996424883;BOUCHES DU RHONE
LAAS;43.4720603975, 0.301177050148;GERS
ARCEY;47.5194914432, 6.65186946515;DOUBS
BARBONNE FAYEL;48.654016669, 3.68784800525;MARNE
MANSEMPUY;43.7436576149, 0.811351998027;GERS
ST GENIS POUILLY;46.254539333, 6.0362907345;AIN
BRUCAMPS;50.071318862, 2.05279274058;SOMME
DUPPIGHEIM;48.5331312304, 7.59599375258;BAS RHIN
VILLEJOUBERT;45.8074616252, 0.173120462313;CHARENTE
SAUSSINES;43.758954777, 4.05038800559;HERAULT
BRESSOLS;43.9544945655, 1.31611180901;TARN ET GARONNE
BONREPOS SUR AUSSONNELLE;43.5441107951, 1.13701796182;HAUTE GARONNE
LA CHAUDIERE;44.6310856733, 5.22468176139;DROME
PERIGNY;48.6968359635, 2.56167940426;VAL DE MARNE
VARANGES;47.2348268799, 5.19088383489;COTE D OR
THELIGNY;48.1717914833, 0.785600114205;SARTHE
LOGNY BOGNY;49.7757948758, 4.38773514062;ARDENNES
ST FELIX DE BOURDEILLES;45.4073734663, 0.565567317606;DORDOGNE
GEE RIVIERE;43.6757883164, -0.186939058119;GERS
MIMET;43.4128431127, 5.49899491017;BOUCHES DU RHONE
FREYBOUSE;48.9986501647, 6.77863114276;MOSELLE
CORMORANCHE SUR SAONE;46.2403530179, 4.8276569593;AIN
JUILLAC;45.3226150546, 1.29232118318;CORREZE
PALAJA;43.1671058484, 2.38726861011;AUDE
MOUTIERS;49.2325832585, 5.95571904292;MEURTHE ET MOSELLE
HATTEN;48.8939645842, 8.00687514269;BAS RHIN
DRUSENHEIM;48.7609264205, 7.94563844601;BAS RHIN
OYEU;45.4274505456, 5.48004933768;ISERE
ANTAGNAC;44.3562107379, -0.00209058322762;LOT ET GARONNE
REMINIAC;47.8638253053, -2.25279250004;MORBIHAN
VAUDEVILLE LE HAUT;48.4489987899, 5.58915571674;MEUSE
VILLASAVARY;43.2319320444, 2.03314267274;AUDE
ST AGNAN EN VERCORS;44.896792332, 5.44160263815;DROME
SANILHAC;44.5327416488, 4.23228758163;ARDECHE
CHAVIGNON;49.4794437147, 3.51936895626;AISNE
TOURCOING;50.7254418902, 3.15882757215;NORD
VITRAY EN BEAUCE;48.276512121, 1.42369112578;EURE ET LOIR
BACONNES;49.1643635921, 4.33841654965;MARNE
NORDHEIM;48.6396017162, 7.50080829789;BAS RHIN
CHEISSOUX;45.831716182, 1.63811418482;HAUTE VIENNE
WALLERS;50.3808461182, 3.39313610701;NORD
BLINGEL;50.4051757793, 2.15016843833;PAS DE CALAIS
BUNZAC;45.6993800816, 0.344082378962;CHARENTE
AUTHON;44.2492545518, 6.15102271049;ALPES DE HAUTE PROVENCE
VIMENET;44.4000547322, 2.92952468147;AVEYRON
BOLSENHEIM;48.425239497, 7.6039565984;BAS RHIN
ANROSEY;47.8449228993, 5.66083228787;HAUTE MARNE
FONTCLAIREAU;45.8918936624, 0.196980841137;CHARENTE
HUNINGUE;47.5888753858, 7.58124251727;HAUT RHIN
MORANVILLE;49.1788762926, 5.54050637938;MEUSE
MAZILLE;46.391550747, 4.59913263178;SAONE ET LOIRE
GOURAINCOURT;49.298652581, 5.66811972316;MEUSE
CUXAC D AUDE;43.2578013318, 3.00547549948;AUDE
MONTCLAR;44.401613844, 6.34112805174;ALPES DE HAUTE PROVENCE
LA CHAPELLE DES MARAIS;47.4371350794, -2.24565131355;LOIRE ATLANTIQUE
DOMMERY;49.6799788217, 4.48172197244;ARDENNES
VERNANTES;47.3942457572, 0.0285780026834;MAINE ET LOIRE
ISDES;47.6638922012, 2.2607343727;LOIRET
SALSIGNE;43.3220104211, 2.35660329319;AUDE
BERNON;47.9870798337, 3.99246812197;AUBE
CHATELDON;45.9733956022, 3.55296275066;PUY DE DOME
CHAVANNE;47.5588510857, 6.65836633701;HAUTE SAONE
LANESTER;47.7691924277, -3.32648317962;MORBIHAN
LABEGUDE;44.6420481125, 4.35738052578;ARDECHE
CAMELAS;42.6394607157, 2.68891489054;PYRENEES ORIENTALES
LE MAS D ARTIGE;45.7343897624, 2.1863210182;CREUSE
PERCY EN AUGE;49.0598706547, -0.060058486621;CALVADOS
VERONNE;44.7363252417, 5.20695979719;DROME
PERTHES;48.6633775695, 4.81457659756;HAUTE MARNE
LACHAPELLE;43.9851541381, 0.841507103238;TARN ET GARONNE
MONTMAUR;44.5897361415, 5.88561114683;HAUTES ALPES
ST CALAIS DU DESERT;48.490532997, -0.250672513735;MAYENNE
LE BOUCHON SUR SAULX;48.6090454105, 5.22782104309;MEUSE
BELBEUF;49.3848813848, 1.13840658151;SEINE MARITIME
MONTMORT;46.7418911079, 4.09607288589;SAONE ET LOIRE
TERNUAY MELAY ET ST HILAIRE;47.7961623597, 6.6326445002;HAUTE SAONE
LES AVANCHERS VALMOREL;45.4607199042, 6.44362178612;SAVOIE
ST HILAIRE EN WOEVRE;49.074793582, 5.70636197976;MEUSE
BENAYES;45.5230685233, 1.46845374515;CORREZE
BAULOU;43.0181651187, 1.54215154554;ARIEGE
GENISSIEUX;45.0819148, 5.09023746222;DROME
CRESPIN;44.0469014925, 2.30614613299;TARN
TORCE;48.06102043, -1.27189716204;ILE ET VILAINE
ST LARY BOUJEAN;43.2218813039, 0.740007283521;HAUTE GARONNE
HURTIGHEIM;48.6171752515, 7.6034009548;BAS RHIN
DINEAULT;48.2166455285, -4.16674767247;FINISTERE
STE MARGUERITE;45.2105754797, 3.58257296293;HAUTE LOIRE
PAULHIAC;44.5751133813, 0.826150001354;LOT ET GARONNE
GOTEIN LIBARRENX;43.1917199949, -0.889247440623;PYRENEES ATLANTIQUES
SAULNIERES;47.9194668221, -1.57761100368;ILE ET VILAINE
ROCHEFOURCHAT;44.6049174484, 5.2414538181;DROME
SALVIAC;44.6854910837, 1.26478802676;LOT
TOURCELLES CHAUMONT;49.3980524816, 4.60160757563;ARDENNES
CLUIS;46.5352767635, 1.74340331959;INDRE
ST MICHEL DE CHAILLOL;44.6888900905, 6.16982010891;HAUTES ALPES
SENNEVILLE SUR FECAMP;49.7721134849, 0.41525001597;SEINE MARITIME
LUXIOL;47.3794904167, 6.34776109043;DOUBS
CHAUMONT;46.8416938785, 2.75008563898;CHER
BONAS;43.7790627499, 0.405172476722;GERS
MARIEULLES;49.0056098276, 6.11076140538;MOSELLE
MONTIGNY LE BRETONNEUX;48.779658781, 2.02952194549;YVELINES
SOLBACH;48.4311691709, 7.19975808177;BAS RHIN
CAMPS EN AMIENOIS;49.8837326113, 1.9644871607;SOMME
BEY SUR SEILLE;48.7957774029, 6.33608176026;MEURTHE ET MOSELLE
FRAMICOURT;49.9560141048, 1.67720723941;SOMME
LA VACQUERIE ET ST MARTIN DE CASTRIES;43.7940763777, 3.481075382;HERAULT
ST JULIEN LE PETIT;45.8226789716, 1.70562230623;HAUTE VIENNE
JUZIERS;48.9999173467, 1.84036602544;YVELINES
VIVES;42.5292840825, 2.767358635;PYRENEES ORIENTALES
FRAIMBOIS;48.525553895, 6.54242224099;MEURTHE ET MOSELLE
BOULAZAC ISLE MANOIRE;45.1737726952, 0.769368950586;DORDOGNE
MISSE;46.9558568224, -0.175760650961;DEUX SEVRES
BASSENEVILLE;49.2067455591, -0.135002451422;CALVADOS
ANGOVILLE;48.9437761025, -0.373433111551;CALVADOS
ARRAINCOURT;48.9760540573, 6.53048540164;MOSELLE
AMBRIERES LES VALLEES;48.4227200634, -0.624160085775;MAYENNE
LAGNEY;48.7452329012, 5.82895253417;MEURTHE ET MOSELLE
ESPLAS;43.1866045103, 1.4996220667;ARIEGE
SAVIGNY SOUS FAYE;46.8700526474, 0.290887370241;VIENNE
ST YAN;46.4071746209, 4.05766988687;SAONE ET LOIRE
SURTAUVILLE;49.1981722844, 1.05434427068;EURE
NABRINGHEN;50.7417350163, 1.86256483299;PAS DE CALAIS
LOUAILLES;47.78323872, -0.239390755386;SARTHE
VAUJOURS;48.9324772605, 2.5810025704;SEINE SAINT DENIS
POILLY LEZ GIEN;47.6604278925, 2.59453051579;LOIRET
TENDE;44.0997669286, 7.54053179417;ALPES MARITIMES
BONNOEIL;48.9225053811, -0.36568142159;CALVADOS
VILLARGENT;47.5420470778, 6.48586205018;HAUTE SAONE
ST PRIEST LA VETRE;45.8015242352, 3.80979787497;LOIRE
LA CHARME;46.8485608193, 5.54676526867;JURA
ST VERAND;45.1823968662, 5.34320073942;ISERE
ST DENIS SUR HUISNE;48.4707648584, 0.531647869938;ORNE
COGNIN LES GORGES;45.1707745385, 5.41758874544;ISERE
ESTENSAN;42.8164167593, 0.344902286039;HAUTES PYRENEES
ST SAUVEUR EN RUE;45.2712880618, 4.50055395379;LOIRE
MARSEILLE 10;43.2755155435, 5.42681101081;BOUCHES DU RHONE
MAISNIL LES RUITZ;50.4477765466, 2.57828775042;PAS DE CALAIS
COMPREGNAC;44.0964783684, 2.97961913091;AVEYRON
ESPARRON;44.4627395922, 5.89302848154;HAUTES ALPES
ST VOUGAY;48.589150749, -4.1458078023;FINISTERE
VERDON;44.8143389523, 0.630459003039;DORDOGNE
MOUSSAC;43.9775652657, 4.23531660629;GARD
MAUVEZIN;43.7315774069, 0.866244798675;GERS
LERE;47.4660367439, 2.8732698385;CHER
WALTENHEIM SUR ZORN;48.7430310189, 7.62201950135;BAS RHIN
LANGOAT;48.7347929151, -3.29767130606;COTES D ARMOR
OUGE;47.7986582876, 5.70114635642;HAUTE SAONE
ST EUTROPE;45.4216917443, 0.108407115609;CHARENTE
COURLAOUX;46.6694520389, 5.44937543437;JURA
ST DAUNES;44.3601858859, 1.22469783155;LOT
PONTORSON;48.5689721753, -1.48653363271;MANCHE
THIRE;46.5433098199, -1.00699777534;VENDEE
BOISSIERES;44.5478641839, 1.40820020858;LOT
PETITE ROSSELLE;49.2095397191, 6.85924244683;MOSELLE
MUNTZENHEIM;48.1008840089, 7.46904401123;HAUT RHIN
POULAN POUZOLS;43.8582952155, 2.10793696053;TARN
ST MARCOUF;49.4783175934, -1.28643297158;MANCHE
LAIGNEVILLE;49.2973604415, 2.43493025435;OISE
SALOME;50.5358395709, 2.83692247297;NORD
LE HORPS;48.3894551796, -0.46306709899;MAYENNE
LA ROCHE MABILE;48.489577366, -0.0663745074632;ORNE
VILLERS LES POTS;47.2102286765, 5.34734391445;COTE D OR
GOUVILLE SUR MER;49.0979435491, -1.57923308824;MANCHE
PULVERIERES;45.8821936223, 2.92228975912;PUY DE DOME
ARPAVON;44.370914993, 5.27351034083;DROME
MALVEZIE;43.0069388711, 0.700137350744;HAUTE GARONNE
PELISSANNE;43.6308385635, 5.15957327275;BOUCHES DU RHONE
MERCENAC;43.0533409773, 1.06840881939;ARIEGE
LES ROISES;48.457800837, 5.63400298857;MEUSE
BELVOIR;47.3204509984, 6.61674302233;DOUBS
ARSANS;47.3672852842, 5.63154249443;HAUTE SAONE
ATHIES;50.3071331522, 2.84195049899;PAS DE CALAIS
BROUAINS;48.720771214, -0.966952494174;MANCHE
VERSAILLES;48.8025669671, 2.11789297191;YVELINES
TRESSANGE;49.4096807012, 5.98237050725;MOSELLE
WILLER SUR THUR;47.8518062106, 7.0803395975;HAUT RHIN
HARTENNES ET TAUX;49.2789534457, 3.35763287633;AISNE
LAVIGNAC;45.7194893338, 1.12198041488;HAUTE VIENNE
ST CARADEC TREGOMEL;48.0321760477, -3.35137450933;MORBIHAN
DESINGY;45.9994978895, 5.88777092004;HAUTE SAVOIE
USCLAS D HERAULT;43.5218019107, 3.46731273264;HERAULT
MEILLY SUR ROUVRES;47.2060045019, 4.55254034085;COTE D OR
SCEY MAISIERES;47.1092770576, 6.07924521048;DOUBS
VIGNOT;48.7806834874, 5.61241732944;MEUSE
AUGEROLLES;45.7367380515, 3.63089700637;PUY DE DOME
NOROY LE BOURG;47.6038475858, 6.28890431672;HAUTE SAONE
CAUMONT;43.024099366, 1.07931622344;ARIEGE
CHAVANNES;45.1039110552, 4.92378813351;DROME
SARAZ;46.9920963588, 5.97458498115;DOUBS
OUESSANT;48.4601042319, -5.08534533544;FINISTERE
ST AIGNAN SUR ROE;47.8498132435, -1.14052509792;MAYENNE
ERBRAY;47.6690929055, -1.32185881383;LOIRE ATLANTIQUE
ST MARTIN DE FENOUILLET;42.7853593201, 2.47859695441;PYRENEES ORIENTALES
LA CLAYETTE;46.2892944317, 4.31079967145;SAONE ET LOIRE
MERCUS GARRABET;42.8795171828, 1.6442180232;ARIEGE
DAMOUZY;49.8078625356, 4.68275479067;ARDENNES
PASSENANS;46.8041484132, 5.62414168281;JURA
ROCLES;44.7026866095, 3.78578869081;LOZERE
LIEURAN CABRIERES;43.5916311464, 3.40878385733;HERAULT
BINIC ETABLES SUR MER;48.6255350477, -2.8413899481;COTES D ARMOR
ROUEN;49.4413460103, 1.09256784278;SEINE MARITIME
RECULFOZ;46.71075258, 6.14869649896;DOUBS
ST DENIS D ANJOU;47.7899907217, -0.443836396748;MAYENNE
LA CHAUX;47.0192694963, 6.41470158275;DOUBS
LANTA;43.561512681, 1.66802980553;HAUTE GARONNE
TRECON;48.8665837423, 4.08841746273;MARNE
MOUHOUS;43.4918785951, -0.25442895349;PYRENEES ATLANTIQUES
VIEUX MOULIN;49.3844925116, 2.92575839247;OISE
FRANCLENS;46.0440349953, 5.82444988041;HAUTE SAVOIE
AUDINCOURT;47.4811676376, 6.85493983157;DOUBS
ST ARNOULT;47.7074785599, 0.869606203276;LOIR ET CHER
ASNIERES SUR NOUERE;45.7078415562, 0.0487826997236;CHARENTE
FONTENAY SOUS BOIS;48.8511046382, 2.47395409774;VAL DE MARNE
VIOLS LE FORT;43.7367573026, 3.69220324597;HERAULT
MADECOURT;48.239342474, 6.11505012899;VOSGES
FRAUENBERG;49.1339601858, 7.11539380178;MOSELLE
ST DENIS LES PONTS;48.0613637512, 1.27228736611;EURE ET LOIR
ACHEN;49.046252952, 7.18366864797;MOSELLE
MACHILLY;46.2555120151, 6.32281411543;HAUTE SAVOIE
ADON;47.7642683732, 2.7978849949;LOIRET
TAMERVILLE;49.5419972354, -1.46098146273;MANCHE
BELMONT;47.0281412034, 5.60483401256;JURA
PERRIGNY;47.8264618403, 3.52927414133;YONNE
LE NEUFOUR;49.1295802161, 4.98375457706;MEUSE
PECQUENCOURT;50.3763502504, 3.21867627513;NORD
CHAMPENOUX;48.7344291014, 6.35304245931;MEURTHE ET MOSELLE
MONTIGNY;49.4586828943, 0.997604647989;SEINE MARITIME
RAMECOURT;48.3088372975, 6.09746519349;VOSGES
VILLEFRANCHE D ALLIER;46.3963110357, 2.84126895926;ALLIER
MEHARICOURT;49.7967919202, 2.73103944446;SOMME
STE CROIX;44.7327105467, 0.828547816645;DORDOGNE
SISSY;49.8106555228, 3.42084647603;AISNE
SOUAL;43.5511250266, 2.12888668782;TARN
ROQUEFORT LA BEDOULE;43.2510907217, 5.62904634328;BOUCHES DU RHONE
LES BARILS;48.7252205742, 0.8185826173;EURE
CAISSARGUES;43.7920118667, 4.39549848347;GARD
MARESTAING;43.5842074284, 1.01573782647;GERS
CONDE SUR L ESCAUT;50.4678612037, 3.60589087978;NORD
BOURGANEUF;45.9488316106, 1.74900640908;CREUSE
DOMPREL;47.1975252218, 6.4793837741;DOUBS
BOURGVILAIN;46.3647474088, 4.63745643185;SAONE ET LOIRE
REMENOVILLE;48.4639098729, 6.47480886613;MEURTHE ET MOSELLE
NIEDERMODERN;48.8407663139, 7.63538850073;BAS RHIN
LOMMERANGE;49.3284282334, 5.97092420783;MOSELLE
PONT SALOMON;45.3352775627, 4.24335306756;HAUTE LOIRE
DAINVILLE BERTHELEVILLE;48.4507669673, 5.50858709349;MEUSE
ST MARTIN DE QUEYRIERES;44.8375257288, 6.58255010654;HAUTES ALPES
MALEMORT DU COMTAT;44.0188189905, 5.16741843804;VAUCLUSE
CHIVRES VAL;49.4029298198, 3.43836038727;AISNE
STE HONORINE DU FAY;49.0700697986, -0.491095883025;CALVADOS
FENNEVILLER;48.4851073736, 6.88313404801;MEURTHE ET MOSELLE
MARNAY SUR MARNE;48.0110920714, 5.23259645475;HAUTE MARNE
SOLEILHAS;43.8599760555, 6.64860753226;ALPES DE HAUTE PROVENCE
AMBES;45.0115337381, -0.548307688841;GIRONDE
LA CRESSE;44.1676766844, 3.15670064587;AVEYRON
VALLEROIS LE BOIS;47.5524024642, 6.2989589565;HAUTE SAONE
CAMPROND;49.0858024109, -1.33862320377;MANCHE
GAVRES;47.6951381724, -3.33453004583;MORBIHAN
LA BRIONNE;46.1643596252, 1.78886937699;CREUSE
MILLAY;46.8347484024, 3.99024145825;NIEVRE
LES GRANDES LOGES;49.064046771, 4.28902555718;MARNE
COUTURE SUR LOIR;47.7491446758, 0.685596092581;LOIR ET CHER
ANAIS;45.7689915038, 0.206024179916;CHARENTE
TERMINIERS;48.0896452774, 1.72961042495;EURE ET LOIR
ST PIERRE DU MONT;47.3972230217, 3.44528921516;NIEVRE
ST PIERRE DE CHIGNAC;45.110891602, 0.863217911356;DORDOGNE
LESPIELLE;43.4688456772, -0.154777907241;PYRENEES ATLANTIQUES
CAMBRAI;50.1702775977, 3.24221021072;NORD
DUNTZENHEIM;48.7134280666, 7.54291307036;BAS RHIN
BAZARNES;47.6601599363, 3.64377288965;YONNE
LAIZE;46.3824360235, 4.80406518536;SAONE ET LOIRE
LAPEYROUSE;45.9859131165, 4.98196682865;AIN
LA ROMIEU;43.9866068735, 0.503612353282;GERS
REAUVILLE;44.4518475355, 4.83915693075;DROME
THEVET ST JULIEN;46.6344948494, 2.06994108021;INDRE
MOLESME;47.94702901, 4.38133026701;COTE D OR
NOAILLAN;44.4800097936, -0.360121243141;GIRONDE
FIENVILLERS;50.1178805706, 2.23440676149;SOMME
HOSTENS;44.4849173448, -0.656859781081;GIRONDE
ST SIMEUX;45.6340380938, -0.0343232416979;CHARENTE
HARAVILLIERS;49.1752644516, 2.03713061027;VAL D OISE
ALAIRAC;43.1820306523, 2.2370439206;AUDE
ST PROJET;44.3109210238, 1.77087641196;TARN ET GARONNE
ST LEU LA FORET;49.0202164812, 2.24676044206;VAL D OISE
CHASSAGNE;45.492969211, 3.06150388982;PUY DE DOME
VILLE DEVANT BELRAIN;48.8765037549, 5.3538368109;MEUSE
WALSCHBRONN;49.154023233, 7.47376788664;MOSELLE
TIEFFENBACH;48.9024013107, 7.24423915317;BAS RHIN
PARDIES;43.3669144852, -0.586119410196;PYRENEES ATLANTIQUES
LABATUT RIVIERE;43.5257802018, 0.0335259810087;HAUTES PYRENEES
RAPEY;48.3170560275, 6.25241175461;VOSGES
ROCLES;46.4445146062, 3.03677199137;ALLIER
SANTILLY;48.1486900011, 1.87957339759;EURE ET LOIR
VILLERS POL;50.2889516363, 3.6151652439;NORD
LES BAROCHES;49.229921661, 5.88812607827;MEURTHE ET MOSELLE
MORNANT;45.6159773607, 4.67379130422;RHONE
MARCHEPRIME;44.7030054504, -0.856342535157;GIRONDE
GESNES;48.1503325044, -0.593903165779;MAYENNE
MIRAMBEAU;43.4059897744, 0.863062543914;HAUTE GARONNE
ALOS;44.0205135175, 1.87448422002;TARN
SAINS;48.5560551633, -1.60318300159;ILE ET VILAINE
PARS LES ROMILLY;48.4812645725, 3.72853000882;AUBE
CLAVY WARBY;49.7451097313, 4.54792951567;ARDENNES
ST ASTIER;45.1484357281, 0.519678090961;DORDOGNE
BOURCQ;49.3822218647, 4.61799279484;ARDENNES
GRIPPORT;48.4156194741, 6.24799886583;MEURTHE ET MOSELLE
ST GRIEDE;43.7245038099, -0.0964853387859;GERS
VILLERS SOUS CHALAMONT;46.9017661774, 6.04590580745;DOUBS
ST PALAIS SUR MER;45.6579754062, -1.10115118709;CHARENTE MARITIME
MONTFAUCON D ARGONNE;49.2564181066, 5.13457463823;MEUSE
LA MONNERIE LE MONTEL;45.8732657663, 3.6116173358;PUY DE DOME
COUSTOUGE;43.0570093399, 2.74399307866;AUDE
HAUTERIVES;45.2531318961, 5.03890051162;DROME
ST GROUX;45.8908643906, 0.158281898668;CHARENTE
ANDOUILLE;48.1771432995, -0.792693064482;MAYENNE
CONTEST;48.2595526249, -0.68989469528;MAYENNE
CHATENOIS;47.6842959157, 6.31922142817;HAUTE SAONE
LA MALHOURE;48.3961928659, -2.49404154442;COTES D ARMOR
VICQ;48.821484306, 1.82843694709;YVELINES
ST SIMEON DE BRESSIEUX;45.3258985851, 5.26249818332;ISERE
SAVERNE;48.7402250066, 7.34206238199;BAS RHIN
SAUSSES;44.0122711291, 6.77936939324;ALPES DE HAUTE PROVENCE
MOUILLAC;44.2755002172, 1.67305723666;TARN ET GARONNE
FROCOURT;49.3813474009, 2.08360584323;OISE
BEBLENHEIM;48.1591484173, 7.34155964145;HAUT RHIN
ROQUEBILLIERE;44.0270951827, 7.29269467197;ALPES MARITIMES
CHASSIGNY;47.7183172965, 5.38247891273;HAUTE MARNE
LE MESNIL EUDES;49.0931243426, 0.174720146197;CALVADOS
LOURY;48.0101727408, 2.09187881925;LOIRET
AILLIANVILLE;48.3333027636, 5.48294419471;HAUTE MARNE
PANNECIERES;48.2928470394, 2.14266488895;LOIRET
FRUGES;50.5130111281, 2.1230697319;PAS DE CALAIS
ABILLY;46.9411244235, 0.734787296451;INDRE ET LOIR
URVILLE;48.1668057798, 4.66928684991;AUBE
CHAMBON LA FORET;48.0490368743, 2.28348190868;LOIRET
PRETZ EN ARGONNE;48.9614732775, 5.14788383834;MEUSE
FONTAINES EN DUESMOIS;47.6493383803, 4.53511047065;COTE D OR
DAVEZIEUX;45.2551141043, 4.70210482466;ARDECHE
GUILLESTRE;44.6680987436, 6.7010158705;HAUTES ALPES
VAILHAN;43.5542014743, 3.29989404644;HERAULT
L HUISSERIE;48.0167338344, -0.766387903128;MAYENNE
COURDEMANGES;48.6799310548, 4.50944976193;MARNE
VILLEJESUS;45.9072730643, 0.0325227133588;CHARENTE
BEZOUOTTE;47.3838896873, 5.3354189969;COTE D OR
THIL;48.3409418137, 4.78858247296;AUBE
MENARS;47.6472843948, 1.3998472166;LOIR ET CHER
CHATEAUBERNARD;45.6720237128, -0.316074717824;CHARENTE
FRANCHESSE;46.6436566411, 3.03662004358;ALLIER
BEAUMONT DU VENTOUX;44.1826393714, 5.21385670497;VAUCLUSE
HOMBLEUX;49.743120483, 2.99136474689;SOMME
VIENNE EN BESSIN;49.2812059817, -0.627760995032;CALVADOS
LUSSANT;45.9428507855, -0.822245809156;CHARENTE MARITIME
SAVIGNEUX;45.997346828, 4.8576200906;AIN
MAGNE;46.3496002634, 0.391444598255;VIENNE
LANDELLES ET COUPIGNY;48.8983991959, -1.00295458631;CALVADOS
GIMONT;43.6206403859, 0.880976872847;GERS
OGEU LES BAINS;43.1558515448, -0.504099362447;PYRENEES ATLANTIQUES
BOUILLY EN GATINAIS;48.0981078999, 2.28756909213;LOIRET
BRUNEMONT;50.2745061343, 3.14482312096;NORD
ROMBLY;50.5951805534, 2.38984957197;PAS DE CALAIS
LA BAUSSAINE;48.3125973519, -1.89690518191;ILE ET VILAINE
NOHANENT;45.8109222583, 3.05794637762;PUY DE DOME
SAULNIERES;48.6650549297, 1.26632253638;EURE ET LOIR
ST CLAIR DU RHONE;45.4354138205, 4.77287890453;ISERE
TOURNEDOS BOIS HUBERT;49.0739979281, 0.987864506785;EURE
ST CYR SUR MENTHON;46.2754005606, 4.96757105158;AIN
CHAPPES;46.3828961665, 2.94412358895;ALLIER
TROISSEREUX;49.4839349109, 2.05750411907;OISE
ST PAUL;45.6725948958, 5.79201634508;SAVOIE
FRAVAUX;48.2361442581, 4.64187603164;AUBE
LA CHAPELLE JANSON;48.3352768083, -1.08530349718;ILE ET VILAINE
ST BONNET DE BELLAC;46.1636002439, 0.93811461782;HAUTE VIENNE
BERTRE;43.6053640705, 1.94349435829;TARN
LA BAUCHE;45.4819870888, 5.7703646358;SAVOIE
SAISSAC;43.3660090567, 2.16153708941;AUDE
CHARMOIS DEVANT BRUYERES;48.1715459649, 6.59203655593;VOSGES
COURPIAC;44.7547642391, -0.185776017902;GIRONDE
CONDRIEU;45.4743083818, 4.75671075164;RHONE
ORRIULE;43.4054035607, -0.850232826718;PYRENEES ATLANTIQUES
ST AUBIN DE TERREGATTE;48.5703247813, -1.28722870629;MANCHE
VATTEVILLE LA RUE;49.4536083557, 0.684145070402;SEINE MARITIME
EPERTULLY;46.9449937024, 4.60074542788;SAONE ET LOIRE
BAGE LE CHATEL;46.3077069231, 4.92862084189;AIN
MONTAGNIEU;45.799449019, 5.46428608859;AIN
LES HAYES;47.6990596775, 0.780078483408;LOIR ET CHER
CHATEAUNEUF LES BAINS;46.0254681643, 2.88743233345;PUY DE DOME
ST JEAN SUR TOURBE;49.1233394938, 4.67214565601;MARNE
SAILLY;48.4356912773, 5.27218061021;HAUTE MARNE
ROUGEFAY;50.2763576271, 2.16980912233;PAS DE CALAIS
MONTREUIL SUR THERAIN;49.3813378813, 2.19419096108;OISE
GEZ EZ ANGLES;43.0881354542, 0.0247150767346;HAUTES PYRENEES
BOURRIOT BERGONCE;44.1506739659, -0.213232956554;LANDES
BORT L ETANG;45.7812457267, 3.43542941153;PUY DE DOME
ST PAUL EN BORN;44.2009953973, -1.15027990694;LANDES
PORT SUR SAONE;47.692500452, 6.03302774909;HAUTE SAONE
QUIBERON;47.4881657518, -3.12282400639;MORBIHAN
MONCEAU LE WAAST;49.6217435488, 3.71656668597;AISNE
FRESSANCOURT;49.6284783975, 3.42727910427;AISNE
MIRMANDE;44.6886093237, 4.844585911;DROME
SURGY;47.513493834, 3.50606920534;NIEVRE
PIERRE MORAINS;48.8400739001, 4.02053698314;MARNE
HUMBERT;50.5005174956, 1.90980020513;PAS DE CALAIS
PLENEUF VAL ANDRE;48.5840054611, -2.53016887694;COTES D ARMOR
ANTRENAS;44.5881108325, 3.25393256642;LOZERE
CHATENAY;46.2913546739, 4.38266694341;SAONE ET LOIRE
ST CLAR;43.8928262507, 0.761393836193;GERS
FOLCARDE;43.4059778673, 1.79495498171;HAUTE GARONNE
ALLIANCELLES;48.8033869619, 4.87418519758;MARNE
AUSSONCE;49.3455509602, 4.32720413528;ARDENNES
GRANDE SYNTHE;51.0167874642, 2.29071143357;NORD
DRAVEIL;48.6778413772, 2.42197801862;ESSONNE
AMFREVILLE LA MI VOIE;49.4044285564, 1.12471250441;SEINE MARITIME
LA HAYE DU THEIL;49.2376362253, 0.875327964748;EURE
MARGUERAY;48.9003108376, -1.1263529355;MANCHE
AUBAGNE;43.2934843764, 5.56331273477;BOUCHES DU RHONE
LE MESNIL GILBERT;48.7221632657, -1.0569044647;MANCHE
BU;48.8022272101, 1.49327920018;EURE ET LOIR
CHARIGNY;47.4334660182, 4.42062588907;COTE D OR
DYO;46.3638960777, 4.28153745354;SAONE ET LOIRE
PARLY;47.7584885598, 3.34962637067;YONNE
VILLERS SUR TRIE;49.3139532792, 1.81713750407;OISE
AVIGNONET;44.9575987733, 5.67358379925;ISERE
HERICOURT;47.5698613671, 6.76517349246;HAUTE SAONE
PASLY;49.4022800131, 3.29799527999;AISNE
LA HERIE;49.8838269882, 4.04360657052;AISNE
QUENOCHE;47.4644966479, 6.10803014349;HAUTE SAONE
CHANU;48.7224631427, -0.672912176288;ORNE
DIO ET VALQUIERES;43.6690497036, 3.22101697098;HERAULT
MAREIL EN FRANCE;49.0700384798, 2.41753793907;VAL D OISE
ROQUETTES;43.4947364798, 1.37416616378;HAUTE GARONNE
CALOIRE;45.4145267518, 4.2349238858;LOIRE
BRETIGNY;47.3935524929, 5.09969847149;COTE D OR
MORNANS;44.6208884748, 5.13309651112;DROME
LESMONT;48.4302411801, 4.42438844514;AUBE
CLAVILLE;49.0485570128, 1.01887133225;EURE
VERS SOUS SELLIERES;46.8243900195, 5.52600045116;JURA
BAIS;48.0108227925, -1.30560487998;ILE ET VILAINE
LABASTIDE D ANJOU;43.3468106616, 1.85317961566;AUDE
MORVILLERS;49.5843809513, 1.87218404343;OISE
CIRE D AUNIS;46.0380687499, -0.930603200492;CHARENTE MARITIME
ORGES;48.0782759639, 4.93479857914;HAUTE MARNE
CHATILLON;46.4615377644, 3.12807465548;ALLIER
MOURENX;43.3740220656, -0.617464224458;PYRENEES ATLANTIQUES
ST MAURICE SOUS LES COTES;49.0106196654, 5.66598601118;MEUSE
DOMECY SUR LE VAULT;47.489569621, 3.81025505067;YONNE
TALUYERS;45.6362754046, 4.72434330862;RHONE
BOURGON;48.1603649988, -1.04536225795;MAYENNE
ST RIQUIER EN RIVIERE;49.8845471571, 1.57255279378;SEINE MARITIME
VILLEBOIS;45.8485624628, 5.44711117486;AIN
NOLLEVAL;49.4939955432, 1.48168594393;SEINE MARITIME
BOSVILLE;49.7629078501, 0.684228513933;SEINE MARITIME
CAUROIR;50.1720373952, 3.29914293305;NORD
ST AUBIN FOSSE LOUVAIN;48.4490661735, -0.836056782555;MAYENNE
ST MARD;48.5100096795, 6.29862310671;MEURTHE ET MOSELLE
LEME;43.4960890658, -0.360478701676;PYRENEES ATLANTIQUES
OZON;45.1631858608, 4.79658585866;ARDECHE
LE VERT;46.1044348487, -0.398782793634;DEUX SEVRES
THENISSEY;47.4964918792, 4.61948858454;COTE D OR
ANDERNAY;48.783786876, 4.95243588603;MEUSE
GOEULZIN;50.3185089576, 3.09937496212;NORD
BELLECOMBE TARENDOL;44.3570805263, 5.35605853142;DROME
LOCARN;48.3325702433, -3.41128829706;COTES D ARMOR
ARGELES GAZOST;43.006001672, -0.0963626224791;HAUTES PYRENEES
ST JULIEN LES VILLAS;48.2745172927, 4.10297688057;AUBE
CIBOURE;43.3749892489, -1.66133753626;PYRENEES ATLANTIQUES
CORCONNE;43.8722496037, 3.9404508858;GARD
TOURNISSAN;43.0840008987, 2.66022505516;AUDE
ANY MARTIN RIEUX;49.8823706752, 4.22351346907;AISNE
MOUTHIER EN BRESSE;46.8638075135, 5.38060673295;SAONE ET LOIRE
CHATEAUNEUF;47.2193918621, 4.65146586699;COTE D OR
LONGCHAMPS SUR AIRE;48.9126907802, 5.30611003141;MEUSE
ST EMILAND;46.8946339034, 4.47301777155;SAONE ET LOIRE
ST DENIS SUR LOIRE;47.6337713111, 1.37369539893;LOIR ET CHER
WAMBAIX;50.1283412382, 3.30897119661;NORD
JUVARDEIL;47.6592762477, -0.514251565754;MAINE ET LOIRE
FONTAINE LES HERMANS;50.5275299556, 2.33764506206;PAS DE CALAIS
CHAUMONT;48.8445061451, 0.338218709549;ORNE
ST AUBIN DE BLAYE;45.2588194568, -0.572897144494;GIRONDE
CHAVROCHES;46.353495459, 3.59684840219;ALLIER
FOUGARON;42.9816089588, 0.935465370602;HAUTE GARONNE
LINEXERT;47.743058957, 6.4853079749;HAUTE SAONE
MONTJUSTIN ET VELOTTE;47.6187013351, 6.3745985909;HAUTE SAONE
COUR ST MAURICE;47.2638180328, 6.70989733057;DOUBS
ST GEORGES DE LIVOYE;48.7372655684, -1.2227039529;MANCHE
DOMPIERRE;48.2497287991, 6.56736673982;VOSGES
MIGNERES;48.0485463347, 2.62158631692;LOIRET
LA GRANDE MOTTE;43.5685394142, 4.0758328467;HERAULT
ALLONVILLE;49.9379400536, 2.3677741824;SOMME
ST MAURICE;48.3329201616, 7.33527285146;BAS RHIN
NOUEILLES;43.4150222311, 1.52583069326;HAUTE GARONNE
SENUC;49.3080610685, 4.85209059171;ARDENNES
PRECHAC;43.7937593553, 0.571624025705;GERS
PONT ET MASSENE;47.4690088064, 4.35812492053;COTE D OR
POMPIEY;44.1976392176, 0.207144727468;LOT ET GARONNE
PONTAUBERT;47.4929203838, 3.87144768521;YONNE
CHATEAU VERDUN;42.7815593895, 1.67722786249;ARIEGE
OMECOURT;49.6166743846, 1.83402395723;OISE
MONTUREUX ET PRANTIGNY;47.5050359046, 5.63005559923;HAUTE SAONE
ST BOHAIRE;47.6438472496, 1.23917912625;LOIR ET CHER
YGRANDE;46.5497137895, 2.94199693043;ALLIER
VENTABREN;43.5422528534, 5.30622321985;BOUCHES DU RHONE
VILLE AU VAL;48.8410567772, 6.13005453194;MEURTHE ET MOSELLE
PAULHENC;44.8849681536, 2.81626761404;CANTAL
LES LOGES SAULCES;48.8646988987, -0.303404907346;CALVADOS
MONCASSIN;43.450007144, 0.47497863531;GERS
PUCH D AGENAIS;44.3292849237, 0.260560126348;LOT ET GARONNE
MARSEILLE 03;43.3121200046, 5.38010981423;BOUCHES DU RHONE
GISY LES NOBLES;48.2868565127, 3.24944929424;YONNE
LALUQUE;43.8510297418, -0.986364609887;LANDES
ORAIN;47.6102265012, 5.43501562658;COTE D OR
DANGEUL;48.2490170643, 0.260997204151;SARTHE
SAHUNE;44.4062765625, 5.27186320127;DROME
CHANTRAINES;48.216107614, 5.24193163106;HAUTE MARNE
MORSAIN;49.4616807631, 3.19122405616;AISNE
JALLAUCOURT;48.8346271223, 6.39461777056;MOSELLE
CHAMBERY;45.583182552, 5.90903392417;SAVOIE
RENNES EN GRENOUILLES;48.4909507271, -0.507002879374;MAYENNE
HAUTERIVE LA FRESSE;46.9672807433, 6.45727448334;DOUBS
LIMONY;45.3534326814, 4.75026547747;ARDECHE
COULANGERON;47.6835328856, 3.46990544997;YONNE
VINAX;46.0341296435, -0.212146477613;CHARENTE MARITIME
LANGUEVOISIN QUIQUERY;49.745698348, 2.93309479139;SOMME
LA TIEULE;44.3826211706, 3.16213006652;LOZERE
STE ANNE SUR GERVONDE;45.4997686454, 5.23217277414;ISERE
VEZOT;48.3534640428, 0.294816923539;SARTHE
ST AVIT;45.1990810013, 4.96469186325;DROME
HERBITZHEIM;49.0221359155, 7.08178967712;BAS RHIN
AUBONCOURT VAUZELLES;49.5558989331, 4.48296681132;ARDENNES
BOURG BRUCHE;48.358768312, 7.143716963;BAS RHIN
COURCY AUX LOGES;48.0546832244, 2.21728739508;LOIRET
CHEILLY LES MARANGES;46.8926365567, 4.66641980553;SAONE ET LOIRE
MONTREGARD;45.1595314738, 4.35494636429;HAUTE LOIRE
BUCY LES CERNY;49.5790852566, 3.496908306;AISNE
COURTISOLS;48.9772975479, 4.51921227291;MARNE
CHANTENAY VILLEDIEU;47.9198250308, -0.154140183084;SARTHE
BARSAC;44.7264116116, 5.30407617795;DROME
LA TARDIERE;46.663737434, -0.727562430214;VENDEE
BURIE;45.777851301, -0.428355211255;CHARENTE MARITIME
PERNAY;47.4537949892, 0.518019971725;INDRE ET LOIR
FONTAINE LES CROISILLES;50.2157524515, 2.90436080494;PAS DE CALAIS
ST MARTIN STE CATHERINE;45.9426860436, 1.56102508429;CREUSE
CANTENAY EPINARD;47.5380581206, -0.566473143041;MAINE ET LOIRE
FOUR;45.5768084385, 5.19447045153;ISERE
BRABANT LE ROI;48.8537761275, 4.98106135604;MEUSE
GAPREE;48.6244819747, 0.293642849368;ORNE
BONNEVENT VELLOREILLE;47.3937756161, 5.9310298649;HAUTE SAONE
ST GERMAIN;46.5761645622, 0.900631696992;VIENNE
LES CENT ACRES;49.7712128212, 1.14121021088;SEINE MARITIME
GARRIGUES;43.7983239512, 4.01049087518;HERAULT
MONTMEYRAN;44.8361396041, 4.98453227246;DROME
VERSONNEX;45.9261649892, 5.92765676795;HAUTE SAVOIE
SAXI BOURDON;47.056209327, 3.48742996327;NIEVRE
HERBELLES;50.6556656049, 2.22364943772;PAS DE CALAIS
MOUGON;46.2907364441, -0.296041998938;DEUX SEVRES
BEUVRY;50.5328399462, 2.69176985674;PAS DE CALAIS
PORT LOUIS;47.7099205258, -3.34845750769;MORBIHAN
JOURS LES BAIGNEUX;47.6253821222, 4.60399533048;COTE D OR
SAUGEOT;46.6037434659, 5.82427975186;JURA
CRAMOISY;49.2489499722, 2.39573291818;OISE
FROBERVILLE;49.7150765853, 0.335597363106;SEINE MARITIME
BERNOT;49.8793651304, 3.48665456392;AISNE
MAUSSANE LES ALPILLES;43.7145004234, 4.83333459578;BOUCHES DU RHONE
NEMOURS;48.2596067909, 2.71107993087;SEINE ET MARNE
FREAUVILLE;49.8249551138, 1.41696913742;SEINE MARITIME
ST GOIN;43.2312012156, -0.725099267035;PYRENEES ATLANTIQUES
VILLARS ST GEORGES;47.1248376906, 5.82242208897;DOUBS
ST JUST SUR DIVE;47.1722921725, -0.0995345523201;MAINE ET LOIRE
LA BATIE MONTGASCON;45.575480567, 5.54140939412;ISERE
BOUCHAIN;50.2808463643, 3.3121651121;NORD
VAUCHAMPS;47.2691499884, 6.24816158681;DOUBS
MORIERES LES AVIGNON;43.9337788848, 4.90875878315;VAUCLUSE
TROUILLAS;42.6064392439, 2.82021173802;PYRENEES ORIENTALES
LA BATIE NEUVE;44.5797566279, 6.21267983536;HAUTES ALPES
TOLLENT;50.2775872362, 2.01380158526;PAS DE CALAIS
GUERBIGNY;49.6978131736, 2.66525578046;SOMME
EYLIAC;45.1550053689, 0.855718097369;DORDOGNE
RENNEVILLE;43.3790411122, 1.7213166535;HAUTE GARONNE
TESSY BOCAGE;48.9633310504, -1.08464396412;MANCHE
ERNEVILLE AUX BOIS;48.7418948425, 5.41343354401;MEUSE
MONTGEROULT;49.0908042782, 2.00787015509;VAL D OISE
NEUVILLER SUR MOSELLE;48.4902431576, 6.28177004556;MEURTHE ET MOSELLE
CINQ MARS LA PILE;47.3535034952, 0.453317897903;INDRE ET LOIR
BOISSISE LE ROI;48.5119779126, 2.56991909533;SEINE ET MARNE
LE TARTRE GAUDRAN;48.6971387233, 1.60366113051;YVELINES
SCHOENENBOURG;48.9503956142, 7.91692156596;BAS RHIN
AUBE;48.7318577878, 0.545628090073;ORNE
NOGENT SUR SEINE;48.4962576328, 3.49983013092;AUBE
JARZE VILLAGES;47.5576434301, -0.24007574412;MAINE ET LOIRE
MONESTIER MERLINES;45.6502055059, 2.48933845927;CORREZE
ST QUENTIN DE CHALAIS;45.2429849506, 0.0733899615391;CHARENTE
VERPILLIERES SUR OURCE;48.0406701366, 4.5860718335;AUBE
ESPENEL;44.6853594311, 5.23465969716;DROME
SIGNY MONTLIBERT;49.5783230756, 5.3108582465;ARDENNES
SOULIERES;48.9038402772, 3.93440126624;MARNE
REVEST LES ROCHES;43.8831297435, 7.16778277098;ALPES MARITIMES
ST MARTIN BELLEVUE;45.9714139291, 6.13897086918;HAUTE SAVOIE
COUDES;45.6105151994, 3.20143305932;PUY DE DOME
FORLEANS;47.4712138957, 4.20681713671;COTE D OR
FIEFFES MONTRELET;50.0905993078, 2.21690355063;SOMME
CHAUSSY;49.1134565492, 1.70351386398;VAL D OISE
CHAVAGNES EN PAILLERS;46.8951394423, -1.24054768713;VENDEE
SERVILLY;46.2802589797, 3.58979684003;ALLIER
ST LIZIER;42.9998808556, 1.12929754476;ARIEGE
SEULLINE;49.0267772033, -0.688629006888;CALVADOS
XAMBES;45.8237702139, 0.106210551409;CHARENTE
WARGNIES LE GRAND;50.3079420993, 3.65866407405;NORD
PORCHEVILLE;48.9761864885, 1.76831015347;YVELINES
NULLY;48.3704679464, 4.81456093137;HAUTE MARNE
VELLEFREY ET VELLEFRANGE;47.4434504028, 5.81383880863;HAUTE SAONE
CADRIEU;44.4996325916, 1.87599580969;LOT
VAL D ORONAYE;44.4730642294, 6.81114702697;ALPES DE HAUTE PROVENCE
MONT DE MARSAN;43.899361404, -0.490722577455;LANDES
LAHAYVILLE;48.8922156555, 5.76968506389;MEUSE
CHAUVE;47.1588661346, -2.01200123653;LOIRE ATLANTIQUE
KILSTETT;48.6835701227, 7.84577121429;BAS RHIN
SALLES SUR MER;46.1025147874, -1.05196380014;CHARENTE MARITIME
MARTIGNY LES GERBONVAUX;48.4468151496, 5.79362450628;VOSGES
MISEREY;49.0197062779, 1.26108481938;EURE
CRUGUEL;47.8775619552, -2.59076740576;MORBIHAN
LOUVEMONT COTE DU POIVRE;49.2407092317, 5.40169210567;MEUSE
DAMMARIE EN PUISAYE;47.6332322961, 2.86087598326;LOIRET
MOISSANNES;45.8745025564, 1.55616505149;HAUTE VIENNE
VADELAINCOURT;49.0698810912, 5.25891845389;MEUSE
PRUILLE LE CHETIF;47.9926394002, 0.10552280267;SARTHE
LE MENIL BERARD;48.7055430019, 0.510723949969;ORNE
CIVRY LA FORET;48.8642006092, 1.61682938801;YVELINES
CERILLY;47.8557543819, 4.48870489274;COTE D OR
TOURVILLE SUR ARQUES;49.8597127895, 1.09318958112;SEINE MARITIME
LES PETITES LOGES;49.1318286454, 4.23205555858;MARNE
ARLEBOSC;45.0403037816, 4.63051185018;ARDECHE
PIERREFEU DU VAR;43.2345472455, 6.17955823473;VAR
FRESNES;47.4383129016, 1.41006263534;LOIR ET CHER
AUTREPPES;49.8969849321, 3.85601033505;AISNE
ST PROJET DE SALERS;45.0821687828, 2.55897131007;CANTAL
PLOUVARA;48.4973028138, -2.92552470033;COTES D ARMOR
CUZY;46.7609852867, 4.03171098199;SAONE ET LOIRE
COULGENS;45.8134827231, 0.277167790315;CHARENTE
ISLES LES VILLENOY;48.9170644276, 2.83057358355;SEINE ET MARNE
ANGERVILLIERS;48.5911202876, 2.05864904136;ESSONNE
HERSERANGE;49.5184653931, 5.79248530225;MEURTHE ET MOSELLE
TILLOY LES MOFFLAINES;50.2772825816, 2.82150381922;PAS DE CALAIS
CLOYES SUR LE LOIR;47.9934559542, 1.22150535909;EURE ET LOIR
CHARMES;48.3848071988, 6.31788990054;VOSGES
MATEMALE;42.5770065721, 2.11612519256;PYRENEES ORIENTALES
LIME;49.3234940469, 3.55539520178;AISNE
ST LAGER;46.1119203914, 4.67603777792;RHONE
MONTLOUIS SUR LOIRE;47.3824921367, 0.841267944196;INDRE ET LOIR
CHAMPAGNE SUR LOUE;47.0328816629, 5.80653382089;JURA
MONTSURVENT;49.1082682832, -1.51110962777;MANCHE
FAVRIEUX;48.9448446994, 1.64166996008;YVELINES
NEUVILLE COPPEGUEULE;49.856003312, 1.73981391668;SOMME
AINVELLE;47.9873795965, 5.82891715063;VOSGES
CRECHES SUR SAONE;46.2410718628, 4.78718291781;SAONE ET LOIRE
RARAY;49.263440205, 2.71969043321;OISE
ST MAURICE;48.8184921372, 2.4374501342;VAL DE MARNE
VAUNOISE;48.3472339828, 0.486737933229;ORNE
PELLEAUTIER;44.5102662977, 5.99877739937;HAUTES ALPES
ARCON;46.9658473885, 6.37870197364;DOUBS
COCLOIS;48.4708420035, 4.33090572683;AUBE
IVRY LA BATAILLE;48.886265363, 1.44688887159;EURE
RESSONS LE LONG;49.3881779495, 3.1411755288;AISNE
HOCQUIGNY;48.8085201444, -1.401972508;MANCHE
ORAISON;43.911106033, 5.92458011626;ALPES DE HAUTE PROVENCE
ST ETIENNE SOUS BARBUISE;48.4925522857, 4.11536192405;AUBE
CRANSAC;44.5186350592, 2.28781785665;AVEYRON
MARVILLE;49.4465296289, 5.44770167137;MEUSE
REPENTIGNY;49.1990064413, 0.0426897498545;CALVADOS
SOUPIR;49.4106784751, 3.59989736789;AISNE
NIEURLET;50.7949144222, 2.27990645597;NORD
CHATTANCOURT;49.2160851171, 5.26496953074;MEUSE
MOUETTES;48.8886476337, 1.36834248344;EURE
GIBERCOURT;49.7393520234, 3.28269647304;AISNE
ROLLOT;49.5939801333, 2.64865776071;SOMME
ROLLAINVILLE;48.3554764576, 5.74054741265;VOSGES
HAUTE GOULAINE;47.1960138107, -1.41049118184;LOIRE ATLANTIQUE
LUCENAY L EVEQUE;47.0840697933, 4.26102089354;SAONE ET LOIRE
OGY;49.1105499079, 6.31565297053;MOSELLE
LUDIES;43.1204279792, 1.71727869146;ARIEGE
PLOUHARNEL;47.5996860072, -3.12263540651;MORBIHAN
MOUDEYRES;44.9490292294, 4.10321682269;HAUTE LOIRE
SOTURAC;44.5081490577, 1.023587785;LOT
ST GERMAIN DU PUCH;44.8518771746, -0.334057269081;GIRONDE
TELLECEY;47.2904695595, 5.29922695853;COTE D OR
GRENING;48.974322105, 6.84167758808;MOSELLE
DAHLENHEIM;48.5882941085, 7.51624848746;BAS RHIN
LE TOUQUET PARIS PLAGE;50.5083984501, 1.59923820583;PAS DE CALAIS
POIDS DE FIOLE;46.5944604506, 5.62239260294;JURA
GRACAY;47.1408422625, 1.85668822147;CHER
ST PIERRE AZIF;49.292775444, 0.0372567744774;CALVADOS
MENETRU LE VIGNOBLE;46.7745566014, 5.63482619878;JURA
FAVRESSE;48.719129687, 4.71728407757;MARNE
LA LOGE AUX CHEVRES;48.2694215855, 4.40750585645;AUBE
TOUTLEMONDE;47.0574145416, -0.75844602531;MAINE ET LOIRE
VILLESENEUX;48.8442040929, 4.14375966973;MARNE
VIELLE ST GIRONS;43.9395837379, -1.32552380465;LANDES
CHAUFFAILLES;46.2065828065, 4.34173989083;SAONE ET LOIRE
STE COLOMBE;44.2889272211, 5.66834974647;HAUTES ALPES
PETIT NOIR;46.9324882884, 5.33765918128;JURA
HERVILLY;49.9312998449, 3.11712136373;SOMME
BAS LIEU;50.1443528184, 3.95104519087;NORD
AUZAINVILLIERS;48.2367790067, 5.8528751887;VOSGES
BAHO;42.705784148, 2.82066588737;PYRENEES ORIENTALES
ST BARTHELEMY LE MEIL;44.884662739, 4.47884532485;ARDECHE
AIFFRES;46.2820504466, -0.41429097467;DEUX SEVRES
LARRIVIERE ST SAVIN;43.7552492766, -0.424559880021;LANDES
ST LEGER SUR SARTHE;48.495044339, 0.316782029384;ORNE
ST LEGER;44.0026597689, 6.82309684994;ALPES MARITIMES
ST MARCEL PAULEL;43.6566271869, 1.61471686848;HAUTE GARONNE
CERCOTTES;47.9871091205, 1.89710126122;LOIRET
CROISSANVILLE;49.1119995118, -0.108655295022;CALVADOS
ESPIRA DE L AGLY;42.7964740198, 2.82234963668;PYRENEES ORIENTALES
VOUE;48.459643518, 4.12408661799;AUBE
MOLAS;43.4003607782, 0.779212974903;HAUTE GARONNE
JOUY LE POTIER;47.747623391, 1.80832266526;LOIRET
LEUGNY;47.6861199694, 3.37458168586;YONNE
LE ROCHEREAU;46.6948066486, 0.140781690742;VIENNE
FAMECHON;50.1439770504, 2.45778315136;PAS DE CALAIS
MONT ST JEAN;49.7932196838, 4.21125667983;AISNE
CITRY;48.9608892793, 3.24583955938;SEINE ET MARNE
ST PERAY;44.9410716967, 4.82459034307;ARDECHE
ARGENVIERES;47.1407710364, 2.99229956887;CHER
MONTBRUN DES CORBIERES;43.2010816161, 2.6810058702;AUDE
THIEUX;49.0091475315, 2.66309885608;SEINE ET MARNE
CHAMBLANC;47.0222258183, 5.16878563446;COTE D OR
VIRONCHAUX;50.2981889645, 1.82569820077;SOMME
MONTBOUDIF;45.3704230499, 2.73226065206;CANTAL
AMANCE;48.754963401, 6.30928287834;MEURTHE ET MOSELLE
COURLEON;47.3809189651, 0.146996845138;MAINE ET LOIRE
SABONNERES;43.4686663563, 1.05725626778;HAUTE GARONNE
MILLY SUR BRADON;49.3955801908, 5.21589849467;MEUSE
TERNAY;47.7345836701, 0.771871183813;LOIR ET CHER
BOISMONT;50.1579086414, 1.6734332027;SOMME
BOUCHAVESNES BERGEN;49.9924551007, 2.92163834053;SOMME
PRESSIGNAC VICQ;44.8939755718, 0.727634787867;DORDOGNE
MONCHEAUX;50.456566302, 3.08800670538;NORD
BEAUCHASTEL;44.8294995047, 4.79715382132;ARDECHE
LIXHEIM;48.7874942792, 7.14504787778;MOSELLE
FIEFS;50.4999837138, 2.32108014368;PAS DE CALAIS
AUTUN;46.945536773, 4.31060069532;SAONE ET LOIRE
ST ANDRE LE DESERT;46.4997623512, 4.53459884587;SAONE ET LOIRE
DIJON;47.3229437965, 5.03788805877;COTE D OR
ROCHES LES BLAMONT;47.4106474482, 6.85440566573;DOUBS
ROMAIN;47.2075786378, 5.71828846623;JURA
HAPLINCOURT;50.0929484431, 2.93693106881;PAS DE CALAIS
GOYENCOURT;49.7213872531, 2.76641798574;SOMME
SEPTEUIL;48.8882003986, 1.68459218607;YVELINES
INDRE;47.1985008197, -1.6717810311;LOIRE ATLANTIQUE
GERMIGNEY;47.3703184562, 5.53460543886;HAUTE SAONE
VERNOUX EN VIVARAIS;44.9051558168, 4.64438568731;ARDECHE
ST LAURENT L ABBAYE;47.3370394747, 2.99458105958;NIEVRE
CHAZELLES SUR LYON;45.6292859414, 4.37386809116;LOIRE
FERRIERES SUR ARIEGE;42.9382958572, 1.60726284155;ARIEGE
MAZEIRAT;46.1381078382, 1.98735515173;CREUSE
GUIPEL;48.2923904516, -1.72349623823;ILE ET VILAINE
NIDERVILLER;48.7105520176, 7.11797148432;MOSELLE
CHATEAU THEBAUD;47.1158057933, -1.43844838155;LOIRE ATLANTIQUE
MORNAND EN FOREZ;45.6717929888, 4.11953674559;LOIRE
GOULIEN;48.0579729785, -4.59260441586;FINISTERE
MOZE SUR LOUET;47.3588616971, -0.568969169001;MAINE ET LOIRE
SAUSSAY;48.8508071385, 1.41035357724;EURE ET LOIR
FOURNES;43.9332827518, 4.60385526319;GARD
LEPINE;50.3851141972, 1.72825357976;PAS DE CALAIS
VERZEILLE;43.1202007028, 2.32860736272;AUDE
VAL D IZE;48.1899182799, -1.30478438424;ILE ET VILAINE
GOUPILLIERES;49.1218249959, 0.765958514912;EURE
ST CLEMENT SUR DURANCE;44.6478034969, 6.56074041767;HAUTES ALPES
HERIMENIL;48.5507958672, 6.50819869804;MEURTHE ET MOSELLE
LABASTIDE ESPARBAIRENQUE;43.3934090766, 2.40300635339;AUDE
BINARVILLE;49.2442879223, 4.90318973025;MARNE
UGLAS;43.1402100651, 0.4386284458;HAUTES PYRENEES
BERBEZIT;45.2869739062, 3.59469337193;HAUTE LOIRE
AUSSAC;43.8628657084, 2.03857774636;TARN
JAIGNES;48.9870552422, 3.07455824871;SEINE ET MARNE
CHERENG;50.6108890768, 3.20972154636;NORD
LEINTREY;48.6283526431, 6.74348437889;MEURTHE ET MOSELLE
TANGRY;50.4621592652, 2.36013300414;PAS DE CALAIS
SCHALBACH;48.8211055124, 7.15542835444;MOSELLE
LA CHAPELLE RABLAIS;48.5059176558, 2.96075561449;SEINE ET MARNE
RIEZ;43.8284587474, 6.08237819985;ALPES DE HAUTE PROVENCE
CHOUX;46.301599898, 5.77007174218;JURA
CHAMPIGNY;49.2683371756, 3.95843961351;MARNE
TRESSERRE;42.5556320578, 2.83755303653;PYRENEES ORIENTALES
BLOUSSON SERIAN;43.4589317214, 0.193609886231;GERS
FRETTECUISSE;49.9234423718, 1.81014711359;SOMME
LESPOURCY;43.3596787562, -0.154631315094;PYRENEES ATLANTIQUES
MONTDIDIER;48.9328455067, 6.81546576999;MOSELLE
ARGUENOS;42.9592233941, 0.72693971703;HAUTE GARONNE
VILLAR ST ANSELME;43.0573045654, 2.29925892511;AUDE
STE SUZANNE SUR VIRE;49.0733180514, -1.05714630383;MANCHE
ST BLAISE;43.8129337899, 7.23022336252;ALPES MARITIMES
FRENEUSE;49.0495054013, 1.61035317023;YVELINES
ST SYLVAIN;45.1805974733, 1.88835230175;CORREZE
DAMPIERRE EN CROT;47.4559955079, 2.57410394358;CHER
ORVAL;46.7220226061, 2.46720008987;CHER
DUNIERES;45.2146495519, 4.34572012446;HAUTE LOIRE
ETALLEVILLE;49.7326211245, 0.825031387746;SEINE MARITIME
LA COUR MARIGNY;47.8905390311, 2.58364447475;LOIRET
VARENNES SUR LOIRE;47.247861704, 0.0416546487257;MAINE ET LOIRE
LAPENNE;43.1445048252, 1.77562717427;ARIEGE
PANISSAGE;45.4946543767, 5.45913903616;ISERE
NOUVOITOU;48.0299058856, -1.55180159639;ILE ET VILAINE
TRELON;50.0755155252, 4.12172301875;NORD
LARRESSINGLE;43.9368488739, 0.315969643669;GERS
RILLIEUX LA PAPE;45.8205988109, 4.89822639815;RHONE
LAGARDE;43.0463308145, 1.93595085091;ARIEGE
CHABRELOCHE;45.8711155066, 3.69927199533;PUY DE DOME
ST FERREOL TRENTE PAS;44.4418058243, 5.22377937288;DROME
PONTAUBAULT;48.6249468178, -1.35394926962;MANCHE
SULIGNAT;46.1735383313, 4.95772382526;AIN
GIGONDAS;44.1660983331, 5.01231871802;VAUCLUSE
LE PECQ;48.8936170481, 2.10503635898;YVELINES
SOUCHT;48.9616739785, 7.31992410346;MOSELLE
LAMOTTE BULEUX;50.1865666179, 1.83564836965;SOMME
PLOMELIN;47.9356261766, -4.15034793937;FINISTERE
VILLEVIEUX;46.7279455221, 5.44793336275;JURA
GUNSBACH;48.0614208106, 7.16506568008;HAUT RHIN
ROMILLY SUR AIGRE;47.9801700708, 1.28298117562;EURE ET LOIR
MONTVALEZAN;45.633431524, 6.87462366552;SAVOIE
MEALLET;45.2627638015, 2.41469819713;CANTAL
QUINCAMPOIX FLEUZY;49.7455416962, 1.76896943429;OISE
POUILLON;43.606586426, -1.00135872585;LANDES
ST GERMAIN DE FRESNEY;48.9585228548, 1.28735678198;EURE
STEENBECQUE;50.6774388783, 2.48812239192;NORD
RECOULES DE FUMAS;44.6318260486, 3.3333350494;LOZERE
ST MAX;48.7052276034, 6.20645111198;MEURTHE ET MOSELLE
COUTURELLE;50.2066022769, 2.49814698704;PAS DE CALAIS
MONTFERMY;45.8710003985, 2.79757348907;PUY DE DOME
LA CROIX SUR ROUDOULE;44.0003096653, 6.87019911618;ALPES MARITIMES
PUYGAILLARD DE LOMAGNE;43.9687272643, 0.893447284352;TARN ET GARONNE
PERIERS SUR LE DAN;49.2572933332, -0.337426191669;CALVADOS
LATOUILLE LENTILLAC;44.8510729625, 1.98049668844;LOT
ST AMAND LES EAUX;50.4401000981, 3.44460708029;NORD
NEVIAN;43.2036456469, 2.88578890635;AUDE
LE PLESSIER SUR ST JUST;49.5081515622, 2.4596143307;OISE
BEHENCOURT;49.9738173198, 2.469734228;SOMME
VILLEROY;49.9393238443, 1.72733691616;SOMME
SARRAGACHIES;43.6843173122, -0.0504570702936;GERS
GROSBOIS EN MONTAGNE;47.3192163677, 4.59964141298;COTE D OR
ESPALEM;45.3026834057, 3.2330870914;HAUTE LOIRE
FREMENIL;48.5614320905, 6.70677381054;MEURTHE ET MOSELLE
AUTHEUIL;48.0068716323, 1.29520633941;EURE ET LOIR
ST POUANGE;48.224064228, 4.04074318461;AUBE
GOURS;44.9980305708, 0.0262519757386;GIRONDE
ORBESSAN;43.5464677583, 0.616126674006;GERS
STE GEMME MARTAILLAC;44.3678329817, 0.161788672712;LOT ET GARONNE
SAVIGNY SOUS MALAIN;47.3316328215, 4.75386301231;COTE D OR
BARRAUTE CAMU;43.3831583364, -0.900945944724;PYRENEES ATLANTIQUES
DOUX;49.516603776, 4.42838018465;ARDENNES
SENNEVIERES;47.1126296687, 1.10632859904;INDRE ET LOIR
HURTIERES;45.2869643084, 5.96787163787;ISERE
PORTE JOIE;49.2524086765, 1.25122427132;EURE
NAUCELLE;44.1898575403, 2.34366368782;AVEYRON
DAMMARTIN EN SERVE;48.9114065992, 1.61781290103;YVELINES
AGNIERES;50.3535942668, 2.60772514318;PAS DE CALAIS
VANNECOURT;48.87799465, 6.53511277921;MOSELLE
LE TRAIT;49.4842765452, 0.81921057836;SEINE MARITIME
CHARAVINES;45.4275810655, 5.51841184282;ISERE
NIEDERMORSCHWIHR;48.1007803247, 7.25909420396;HAUT RHIN
FONTENAY SUR LOING;48.0832664847, 2.76885759173;LOIRET
CHAMBON SUR VOUEIZE;46.1927327161, 2.41857573125;CREUSE
COLLEGIEN;48.827339231, 2.67744722497;SEINE ET MARNE
CLERE SUR LAYON;47.0857328909, -0.430334621535;MAINE ET LOIRE
BREZIERS;44.4210530909, 6.22281621001;HAUTES ALPES
GERBEPAL;48.1306977983, 6.9210025294;VOSGES
ARUDY;43.1003244271, -0.47407529449;PYRENEES ATLANTIQUES
CERSAY;47.0601100117, -0.36392979915;DEUX SEVRES
STE CROIX DE QUINTILLARGUES;43.7680759693, 3.91047320364;HERAULT
DERCE;46.9393324968, 0.208681874617;VIENNE
PONTRIEUX;48.6998384627, -3.1590834016;COTES D ARMOR
CAHARET;43.1450399682, 0.313300480102;HAUTES PYRENEES
BROUZET LES ALES;44.1326190305, 4.2508193223;GARD
MARY;46.6104508131, 4.50041386834;SAONE ET LOIRE
MONTPOUILLAN;44.4620929897, 0.0955335933936;LOT ET GARONNE
GARANCIERES EN DROUAIS;48.7027343223, 1.28199977538;EURE ET LOIR
DANGY;49.029220854, -1.22193963849;MANCHE
DOMBRAS;49.3816772358, 5.44815989683;MEUSE
BAREMBACH;48.4670562489, 7.24316580425;BAS RHIN
LA PEYRATTE;46.664567255, -0.158712807616;DEUX SEVRES
LA NEUVELLE LES SCEY;47.7015222908, 5.94028495484;HAUTE SAONE
BERNIS;43.7713363574, 4.28342960175;GARD
WARLENCOURT EAUCOURT;50.0811867179, 2.79134969906;PAS DE CALAIS
VAUCOGNE;48.5333241035, 4.34483013658;AUBE
CEYZERIAT;46.1832170988, 5.32007207542;AIN
CHAMBEIRE;47.2827087412, 5.27183255465;COTE D OR
MORSAN;49.1796481748, 0.597511424785;EURE
MAGNANT;48.1677499424, 4.4209760731;AUBE
CALLEN;44.2849211801, -0.461582251262;LANDES
DOULEZON;44.7924343715, -0.00123843132534;GIRONDE
ANTOINGT;45.5004481767, 3.18402754188;PUY DE DOME
CORTRAT;47.9068076955, 2.76916633215;LOIRET
AUX AUSSAT;43.4412432224, 0.26287182015;GERS
MELIGNY LE PETIT;48.6557409409, 5.47216568886;MEUSE
LES PINTHIERES;48.7047238564, 1.57392519381;EURE ET LOIR
VERRIERES;48.2345711401, 4.15425792921;AUBE
AMANVILLERS;49.1595048977, 6.04632244195;MOSELLE
REPARSAC;45.7367542144, -0.249443713353;CHARENTE
ALAINCOURT;47.9462772767, 6.09996609571;HAUTE SAONE
ALTKIRCH;47.6210336538, 7.24484329622;HAUT RHIN
ST SILVAIN SOUS TOULX;46.2595513591, 2.18852889263;CREUSE
AUBUSSON;45.9509017497, 2.16588054786;CREUSE
TRONDES;48.7234407473, 5.77227841983;MEURTHE ET MOSELLE
LES MATELLES;43.7279155498, 3.8068218202;HERAULT
ST MESMIN;47.3458158582, 4.65536994421;COTE D OR
BETHELAINVILLE;49.1684519662, 5.23346533727;MEUSE
ST MARTIN DES CHAMPS;48.7883444526, 3.33427084633;SEINE ET MARNE
ST JEAN DE CORNIES;43.744776404, 4.00334009324;HERAULT
MONTABOT;48.936758668, -1.13220070022;MANCHE
ANVEVILLE;49.6996514081, 0.748889414499;SEINE MARITIME
ST JEAN AUX BOIS;49.3501826789, 2.88709409437;OISE
COINCES;48.0172747838, 1.73272649419;LOIRET
COUX ET BIGAROQUE MOUZENS;44.8481194805, 0.967817151938;DORDOGNE
HOUVIN HOUVIGNEUL;50.2960440098, 2.37739765685;PAS DE CALAIS
BOULIEU LES ANNONAY;45.2673233399, 4.64536894386;ARDECHE
VIJON;46.4364401153, 2.12180186479;INDRE
ECOUFLANT;47.5286938274, -0.518454771034;MAINE ET LOIRE
MERS LES BAINS;50.0705181348, 1.40473307328;SOMME
BANGOR;47.313014109, -3.1920046614;MORBIHAN
SEGUR;44.2904669851, 2.8437834647;AVEYRON
ST CYR SUR MORIN;48.9119288243, 3.17472722013;SEINE ET MARNE
LA CELLE ST AVANT;47.0207240474, 0.615608165766;INDRE ET LOIR
TREBES;43.2054644637, 2.45954102477;AUDE
CHANTILLAC;45.3264411162, -0.255453791343;CHARENTE
RAINVILLE;48.3564862933, 5.88860670134;VOSGES
ST AMAND SUR ORNAIN;48.6275522043, 5.39456538238;MEUSE
BELESTA;42.7208095071, 2.62374902434;PYRENEES ORIENTALES
VOUILLON;46.8199826355, 1.9132066864;INDRE
QUISSAC;43.9179934684, 3.99722251825;GARD
FRECHET AURE;42.9266185238, 0.379649905195;HAUTES PYRENEES
MONS EN MONTOIS;48.4912312558, 3.13957041829;SEINE ET MARNE
HERRERE;43.1595542922, -0.545488112075;PYRENEES ATLANTIQUES
RETONFEY;49.1332326497, 6.31630111446;MOSELLE
DURBAN CORBIERES;42.9976164909, 2.81275011537;AUDE
BILIEU;45.4461611441, 5.55137429348;ISERE
LE THILLAY;49.004277001, 2.46927524969;VAL D OISE
BIONCOURT;48.8014463238, 6.36953922667;MOSELLE
BEAUCHAMPS;48.8370011641, -1.36645537752;MANCHE
NEUVILLE SUR SARTHE;48.0756439927, 0.214405547448;SARTHE
RODEZ;44.3582426254, 2.5672793892;AVEYRON
HERGUGNEY;48.3902080411, 6.2093192268;VOSGES
AUDUN LE TICHE;49.4583101565, 5.9573466797;MOSELLE
VRY;49.1924424841, 6.35664506917;MOSELLE
MOULINS ST HUBERT;49.5783636876, 5.12770792958;MEUSE
UZ;42.957459306, -0.0905524703645;HAUTES PYRENEES
BASSIGNAC LE BAS;45.0251375943, 1.86876602188;CORREZE
BALADOU;44.9240844611, 1.55512235753;LOT
ST AUBAN D OZE;44.4883156877, 5.84847801019;HAUTES ALPES
DIVAJEU;44.6994155653, 5.00951244768;DROME
VERT;44.0943105586, -0.611631223993;LANDES
DORAT;45.8956338419, 3.48091335909;PUY DE DOME
BELFAHY;47.7864934066, 6.73204100977;HAUTE SAONE
PERNES;50.4869916511, 2.402530406;PAS DE CALAIS
LA BUXERETTE;46.4956309959, 1.79829728284;INDRE
NANTEAU SUR LUNAIN;48.2542947605, 2.81304078481;SEINE ET MARNE
LA COMBE DE LANCEY;45.1978039012, 5.91875544895;ISERE
ST BONNET;45.4739641055, -0.0892788794153;CHARENTE
QUEBRIAC;48.3560951211, -1.81258742693;ILE ET VILAINE
FLAGEY RIGNEY;47.4143951141, 6.22003091799;DOUBS
COLY;45.0864639476, 1.26501102507;DORDOGNE
PIACE;48.2662297106, 0.114166808373;SARTHE
SAMEREY;47.0897010705, 5.36611406242;COTE D OR
BLANZAY;46.2071446631, 0.255573056586;VIENNE
LAVELINE DU HOUX;48.1394463319, 6.70838299375;VOSGES
LEDRINGHEM;50.862026516, 2.44478876781;NORD
CONSOLATION MAISONNETTES;47.1545771077, 6.60275781844;DOUBS
MONTHUREUX LE SEC;48.1678786007, 6.02913581296;VOSGES
MONTRODAT;44.5574972812, 3.32949888703;LOZERE
CAMALES;43.3587114668, 0.0800191422189;HAUTES PYRENEES
GERBAMONT;48.0034015569, 6.76897818447;VOSGES
SENANTES;48.6560652225, 1.58443037368;EURE ET LOIR
MORTAGNE SUR GIRONDE;45.4982547943, -0.777581892089;CHARENTE MARITIME
BOULEURS;48.879071424, 2.90787920973;SEINE ET MARNE
SORTOSVILLE;49.4817461354, -1.42985751557;MANCHE
REUIL EN BRIE;48.9565680166, 3.16343930327;SEINE ET MARNE
LA CELLE;46.2278844579, 2.77894118647;ALLIER
GALEY;42.9459014431, 0.901835208774;ARIEGE
REVEL TOURDAN;45.3706106048, 5.03128950015;ISERE
CAHAGNES;49.0671203242, -0.762793901462;CALVADOS
VOUZERON;47.2723604119, 2.21589340689;CHER
ST MARTIN SUR LAVEZON;44.6347374682, 4.65644801966;ARDECHE
ST LOUP DES VIGNES;48.0412459451, 2.42721936357;LOIRET
CHALEZE;47.261122307, 6.09541799233;DOUBS
LE BELLAY EN VEXIN;49.149355833, 1.87860817105;VAL D OISE
ROUVIGNIES;50.333483649, 3.44055794538;NORD
GOOS;43.729775958, -0.916998152375;LANDES
MAZIROT;48.3210257674, 6.15641355317;VOSGES
GAILLAC;43.9170968776, 1.88647213801;TARN
GOMELANGE;49.2385076599, 6.46140268813;MOSELLE
COSNAC;45.1307416236, 1.58601909494;CORREZE
SURMONT;47.2726795746, 6.61174843961;DOUBS
LA COMELLE;46.8809529598, 4.11919829871;SAONE ET LOIRE
CHARCHILLA;46.4688109023, 5.71546918875;JURA
CHAVOY;48.7360129868, -1.33360285302;MANCHE
LESTIOU;47.7487658878, 1.5656758407;LOIR ET CHER
SOMMESNIL;49.7106673423, 0.671152911759;SEINE MARITIME
NEUILLY LE BRIGNON;46.9710638354, 0.781602671756;INDRE ET LOIR
SERMAISES;48.2977181828, 2.20317765493;LOIRET
AVRICOURT;48.6425808657, 6.81321103492;MEURTHE ET MOSELLE
FRESNE LES REIMS;49.3387116381, 4.10138563501;MARNE
ST ESTEPHE;45.2509775886, -0.781613837384;GIRONDE
JUICQ;45.8399129453, -0.577046782244;CHARENTE MARITIME
HAUTEVILLE;49.8884981223, 3.52369340599;AISNE
MOISSAC;44.1262518079, 1.09834758014;TARN ET GARONNE
BRESSOLLES;45.869423064, 5.1009428902;AIN
SAULZET LE FROID;45.6309455318, 2.89220399205;PUY DE DOME
MENERVILLE;48.9566835717, 1.59610818145;YVELINES
ST CAPRAIS;46.5449333532, 2.73980095211;ALLIER
CUIGY EN BRAY;49.4323341573, 1.83507266626;OISE
NEUFFONTAINES;47.3499035349, 3.74055126391;NIEVRE
OUILLY DU HOULEY;49.1654776443, 0.340440661375;CALVADOS
OFFIGNIES;49.7944081036, 1.85641454479;SOMME
ARCES DILO;48.0983124946, 3.59434299703;YONNE
LA CHAPELLE ST URSIN;47.0576566337, 2.31864168106;CHER
ST ANDRE DE LA ROCHE;43.745876244, 7.28871372647;ALPES MARITIMES
GOMENE;48.1798510762, -2.49181773591;COTES D ARMOR
VERNEIL LE CHETIF;47.7196089183, 0.298597882427;SARTHE
VALS;43.1015841649, 1.75587607399;ARIEGE
NERON;48.5961826632, 1.50307845744;EURE ET LOIR
MAGNY ST MEDARD;47.3813252899, 5.24751740638;COTE D OR
MARBEVILLE;48.2625993866, 5.02188488237;HAUTE MARNE
BLAUSASC;43.7934680936, 7.36033477624;ALPES MARITIMES
TAUVES;45.5635422743, 2.62732246631;PUY DE DOME
THIBIVILLERS;49.3092311857, 1.90187779485;OISE
VESCEMONT;47.7533939016, 6.85248119382;TERRITOIRE DE BELFORT
DOMEVRE SUR DURBION;48.290163391, 6.4826501202;VOSGES
DOMFRONT EN CHAMPAGNE;48.1091722798, 0.0450026971482;SARTHE
LE FOSSAT;43.1796907844, 1.41506357343;ARIEGE
ST AGOULIN;46.0402856832, 3.1292028282;PUY DE DOME
ECOURT ST QUENTIN;50.2606003824, 3.06198342767;PAS DE CALAIS
FONTAINE LES COTEAUX;47.798872695, 0.835689448447;LOIR ET CHER
LALANNE TRIE;43.3116930661, 0.336259044414;HAUTES PYRENEES
USTARITZ;43.401807303, -1.4751898518;PYRENEES ATLANTIQUES
ST MARTIN DU LIMET;47.8147228072, -1.02874130308;MAYENNE
MUTRECY;49.064377424, -0.422482448584;CALVADOS
VILLECEY SUR MAD;48.9935348155, 5.9462111664;MEURTHE ET MOSELLE
OUROUER LES BOURDELINS;46.9212610646, 2.79033730796;CHER
CHAMPOLY;45.8535201477, 3.84402489217;LOIRE
REFFROY;48.6261033324, 5.47057526455;MEUSE
PEYRET ST ANDRE;43.3207713084, 0.512445880132;HAUTES PYRENEES
BASLIEUX;49.4380044151, 5.75072929196;MEURTHE ET MOSELLE
PEISEY NANCROIX;45.5103194255, 6.81520574462;SAVOIE
ERGNY;50.5887514874, 1.97473205888;PAS DE CALAIS
LA BONNEVILLE;49.3917994108, -1.45932515061;MANCHE
LAROCHEMILLAY;46.8904175771, 3.98533892675;NIEVRE
VILLERS SOUS ST LEU;49.2175345324, 2.38499254783;OISE
CABRIERES;43.9078732541, 4.46681487399;GARD
ORDIZAN;43.1071734446, 0.141440645856;HAUTES PYRENEES
BLIES EBERSING;49.1137018858, 7.14221813754;MOSELLE
SAULZET;46.1377242918, 3.22134877309;ALLIER
ST REMY CHAUSSEE;50.1799835542, 3.87887382168;NORD
CHAMP LAURENT;45.5074933777, 6.20853295293;SAVOIE
MARTIGNARGUES;44.0408533992, 4.17785978935;GARD
LAPLUME;44.1172103179, 0.538616105986;LOT ET GARONNE
CASTILLON SAVES;43.5641317623, 0.983556394242;GERS
ST TRIVIER SUR MOIGNANS;46.0618477991, 4.90158948884;AIN
NAVES;45.3149479371, 1.75065002598;CORREZE
ST CIRICE;44.0616740438, 0.838811755985;TARN ET GARONNE
OUERRE;48.7080614292, 1.48885870583;EURE ET LOIR
COURCON;46.2550691794, -0.795122277526;CHARENTE MARITIME
GARAC;43.6892862656, 1.09168485036;HAUTE GARONNE
THAL MARMOUTIER;48.6960773859, 7.34056735881;BAS RHIN
SARLABOUS;43.0753620802, 0.279815388021;HAUTES PYRENEES
BETTENDORF;47.5833339186, 7.28390346765;HAUT RHIN
FIMENIL;48.1749157278, 6.70786220196;VOSGES
ANGOUS;43.2928389811, -0.812536653193;PYRENEES ATLANTIQUES
MONCETZ L ABBAYE;48.6489508753, 4.66277584236;MARNE
ST SULPICE;47.89311618, -0.715072813876;MAYENNE
LUISETAINES;48.4610681499, 3.18563257802;SEINE ET MARNE
REAU;48.6073931366, 2.62398597049;SEINE ET MARNE
STE TERRE;44.8338850704, -0.120538591172;GIRONDE
LADEVEZE RIVIERE;43.5507415882, 0.0840810625549;GERS
YZEURES SUR CREUSE;46.7902872236, 0.876208149129;INDRE ET LOIR
GRUSSENHEIM;48.1464465778, 7.49149736481;HAUT RHIN
MURES;45.8062692849, 6.03921790944;HAUTE SAVOIE
LA LAUPIE;44.608225236, 4.85111658916;DROME
PIONNAT;46.1700387523, 2.02653941278;CREUSE
VILLECOMTE;47.4993295209, 5.01912639867;COTE D OR
MONTSAUNES;43.1102814819, 0.932230467606;HAUTE GARONNE
VILLY LE MARECHAL;48.1889486496, 4.07411625371;AUBE
LES ADRETS;45.2586070645, 5.99155979387;ISERE
SPOY;48.2276371502, 4.61406016756;AUBE
ST GERVAIS LES BAINS;45.8571864862, 6.74016257718;HAUTE SAVOIE
CHANCEAUX;47.5252827866, 4.7394570164;COTE D OR
NIVELLE;50.4681563003, 3.46013569739;NORD
PLANCHER BAS;47.7231669962, 6.73487477028;HAUTE SAONE
BAREN;42.8676983193, 0.634971126368;HAUTE GARONNE
ST LEU D ESSERENT;49.2286214126, 2.40910625002;OISE
ARTIGUES;43.0732762022, -0.00153356995654;HAUTES PYRENEES
CHAMPIS;44.9556198694, 4.75241851344;ARDECHE
QUINCEROT;47.6174314295, 4.27133698568;COTE D OR
FERRIERES LES VERRERIES;43.8675537207, 3.80028962389;HERAULT
HOUPLINES;50.6841292085, 2.92646496256;NORD
SAULZAIS LE POTIER;46.6018523222, 2.49199571585;CHER
JOUY MAUVOISIN;48.9744681009, 1.64659377662;YVELINES
MARTIGNY SUR L ANTE;48.890276343, -0.287046389252;CALVADOS
LAHOUSSOYE;49.9488537069, 2.48167422297;SOMME
ST MARTIN DES CHAMPS;47.173174971, 2.93500889323;CHER
BOUQUET;44.1534538358, 4.29248194802;GARD
BARDENAC;45.3005902681, -0.0148493213262;CHARENTE
SAULX MARCHAIS;48.8461753929, 1.83624882514;YVELINES
LOFFRE;50.3537253099, 3.17227962058;NORD
MONTREUIL LE CHETIF;48.2411169593, -0.0384115382659;SARTHE
BREUILH;45.057656809, 0.75290475531;DORDOGNE
LANTENAY;46.0544405897, 5.54127421165;AIN
PUJO;43.3417978125, 0.0643943971076;HAUTES PYRENEES
RIVIERES;45.7608747272, 0.359373568678;CHARENTE
MONCEAUX LE COMTE;47.3317643391, 3.66490728626;NIEVRE
ST PIERRE;43.6368366534, 1.64168080442;HAUTE GARONNE
AZY LE VIF;46.7880140939, 3.22978809356;NIEVRE
VALENCAY;47.1558433483, 1.55858540806;INDRE
CORNAY;49.2986310738, 4.93353443761;ARDENNES
MALBOUHANS;47.7110423982, 6.58099580275;HAUTE SAONE
FERRETTE;47.4935597154, 7.3158338091;HAUT RHIN
BOURGNEUF;45.552915929, 6.24666170942;SAVOIE
LE PAVILLON STE JULIE;48.3665011556, 3.9015348936;AUBE
SILHAC;44.8740499723, 4.61339409596;ARDECHE
VILLAINES SOUS LUCE;47.8805456446, 0.502085922886;SARTHE
NIEUL LE DOLENT;46.5676509922, -1.51560194548;VENDEE
BOGEVE;46.194241107, 6.43929186038;HAUTE SAVOIE
COURNONTERRAL;43.5694241257, 3.70642853592;HERAULT
VAUX EN BEAUJOLAIS;46.0460801697, 4.57697750068;RHONE
LIOUX;43.9793335094, 5.30939885306;VAUCLUSE
PLESSE;47.5557486835, -1.89050130746;LOIRE ATLANTIQUE
RIBEAUCOURT;48.5441750908, 5.35669405147;MEUSE
SEPT MEULES;49.9467142291, 1.41986298545;SEINE MARITIME
PRATVIEL;43.638704181, 1.88490760875;TARN
HAROL;48.1441724953, 6.24781667111;VOSGES
CUSANCE;47.322634572, 6.43863811319;DOUBS
PUYBRUN;44.9213943929, 1.78724150128;LOT
ST PARRES LES VAUDES;48.1734919803, 4.21620941399;AUBE
LESCHEROUX;46.4114892731, 5.15107164478;AIN
SCHNERSHEIM;48.6601653977, 7.56876364377;BAS RHIN
VILLERS AGRON AIGUIZY;49.1632072457, 3.71636244573;AISNE
BLAIRVILLE;50.2182216387, 2.71384024388;PAS DE CALAIS
MAUVES SUR LOIRE;47.3161301081, -1.40277407662;LOIRE ATLANTIQUE
AURIAC;43.4534554702, -0.319474009911;PYRENEES ATLANTIQUES
LAFARE;44.1546199628, 5.04972814303;VAUCLUSE
DONDAS;44.2400810523, 0.853095395188;LOT ET GARONNE
ALBIEZ LE JEUNE;45.2391859578, 6.35812756812;SAVOIE
SOLOMIAC;43.8030207039, 0.886775990796;GERS
BAS MAUCO;43.794054808, -0.555863442222;LANDES
RONCHAUX;47.0427610393, 5.90349548517;DOUBS
CAMBES;44.7403794347, -0.462515708887;GIRONDE
LE CHALON;45.1545545543, 5.08934603191;DROME
GELAUCOURT;48.4586790205, 5.98828502243;MEURTHE ET MOSELLE
ST QUENTIN LES CHARDONNETS;48.7827074381, -0.75146556661;ORNE
LESPITEAU;43.0657396752, 0.762308688736;HAUTE GARONNE
AYENCOURT;49.6264865136, 2.55113103063;SOMME
NOTRE DAME DE L ISLE;49.1559698641, 1.44753514433;EURE
ESTREES DENIECOURT;49.8718517674, 2.82257224293;SOMME
ST GREGOIRE DU VIEVRE;49.2451494234, 0.625953044218;EURE
MOLOY;47.5393714062, 4.92171403878;COTE D OR
HESDIGNEUL LES BETHUNE;50.4965750907, 2.5966608131;PAS DE CALAIS
LOMBREUIL;47.9423074217, 2.62713331194;LOIRET
LIGNY SUR CANCHE;50.2840846482, 2.26049042414;PAS DE CALAIS
ST OUEN DOMPROT;48.6138855668, 4.39297037267;MARNE
CASTETS EN DORTHE;44.5558858175, -0.141301295122;GIRONDE
MONSAGUEL;44.7389162676, 0.571474458124;DORDOGNE
RENNEVILLE;49.6508149655, 4.13569086647;ARDENNES
BETHON;48.6143489927, 3.61217905941;MARNE
ASSIGNY;47.4310286105, 2.75030716643;CHER
CASTANET TOLOSAN;43.5136166687, 1.50383757047;HAUTE GARONNE
BISSEY SOUS CRUCHAUD;46.7292045246, 4.69324571138;SAONE ET LOIRE
CHASSENEUIL;46.6570647712, 1.49349614849;INDRE
TREVIERES;49.2992384887, -0.916096268328;CALVADOS
SOMMAUTHE;49.5025511911, 4.98687284799;ARDENNES
MONTREUIL AUX LIONS;49.0264607134, 3.19454438663;AISNE
COURRIERES;50.4532038748, 2.94633053767;PAS DE CALAIS
LONGUENEE EN ANJOU;47.5607664036, -0.683468497352;MAINE ET LOIRE
BELLEU;49.3567574344, 3.34051688283;AISNE
VIRIGNEUX;45.6872242929, 4.34645637144;LOIRE
CLERMONT LE FORT;43.4584289455, 1.44262793201;HAUTE GARONNE
NEUVILLE SUR BRENNE;47.6147253318, 0.916732764369;INDRE ET LOIR
SARRECAVE;43.2147533166, 0.594972592507;HAUTE GARONNE
BOISME;46.7824800962, -0.433256356633;DEUX SEVRES
CHEPPES LA PRAIRIE;48.8177073997, 4.44216733433;MARNE
ESTIVAREILLES;46.4250969781, 2.62477435556;ALLIER
ST PIERRE DE MESAGE;45.048347708, 5.76481736003;ISERE
CHASSAGNY;45.6052853309, 4.73091163688;RHONE
BELLONNE;50.3006458949, 3.04320256335;PAS DE CALAIS
VABRES;45.0375713324, 3.19551902127;CANTAL
VIDAUBAN;43.4015046271, 6.44908485499;VAR
REMOIVILLE;49.4374801225, 5.37609892461;MEUSE
CHARDONNAY;46.5087214301, 4.84818799475;SAONE ET LOIRE
ST PIERRE DE COLE;45.3807175566, 0.807692228631;DORDOGNE
LE JUCH;48.0555333379, -4.2656946244;FINISTERE
ROMAIN;47.4439581352, 6.37976637275;DOUBS
CHALAMPE;47.8321259921, 7.54929893347;HAUT RHIN
MAINVILLERS;49.0208000969, 6.54258158308;MOSELLE
DOYE;46.7678938966, 6.01401382033;JURA
RAYE SUR AUTHIE;50.3025647802, 1.9586390074;PAS DE CALAIS
HANNOGNE ST MARTIN;49.67277982, 4.82911892902;ARDENNES
FORSTFELD;48.8631078852, 8.04746930377;BAS RHIN
GRANDRUPT;48.3669519771, 7.06206760711;VOSGES
ETREAUPONT;49.8962633822, 3.92348915288;AISNE
BERRIC;47.6385230566, -2.52752927952;MORBIHAN
PLEURTUIT;48.5827256783, -2.05991444738;ILE ET VILAINE
BALACET;42.8882588426, 0.983446901785;ARIEGE
ST JUNIEN LES COMBES;46.0855473212, 1.13424813789;HAUTE VIENNE
MORLET;46.9536543261, 4.50525767382;SAONE ET LOIRE
ST BOES;43.5290119415, -0.806166229833;PYRENEES ATLANTIQUES
MOROGES;46.7507453415, 4.67430662316;SAONE ET LOIRE
MORTEMER;49.568875217, 2.6728130469;OISE
RIGNY LE FERRON;48.2023856771, 3.62729053332;AUBE
BRENY;49.1842783438, 3.34972495405;AISNE
CHARNAT;45.9449562685, 3.43494838607;PUY DE DOME
BARS;45.0948929916, 1.05073972207;DORDOGNE
SAFFLOZ;46.6690423566, 5.86347690885;JURA
VILLESPY;43.3220982034, 2.09853439649;AUDE
BLAINVILLE SUR MER;49.0728785258, -1.57173551659;MANCHE
MARTIGNE SUR MAYENNE;48.2026950175, -0.661054831138;MAYENNE
STE GEMME LA PLAINE;46.4732196212, -1.11103084694;VENDEE
ALENYA;42.6407019491, 2.98145485065;PYRENEES ORIENTALES
ST GELAIS;46.3783464917, -0.388823361913;DEUX SEVRES
TEURTHEVILLE BOCAGE;49.592445598, -1.39477640051;MANCHE
REVEST DES BROUSSES;43.9754850716, 5.67501221174;ALPES DE HAUTE PROVENCE
CORDEAC;44.813561824, 5.84430938337;ISERE
DAUX;43.6872531862, 1.26634638544;HAUTE GARONNE
ARSONVAL;48.2796312677, 4.65067065173;AUBE
ARNANCOURT;48.3492116853, 4.91356584892;HAUTE MARNE
GRIVY LOISY;49.426649562, 4.64037015346;ARDENNES
AVILLEY;47.4289797534, 6.26888707781;DOUBS
PRESERVILLE;43.520415718, 1.63189068715;HAUTE GARONNE
MONFAUCON;44.9145875796, 0.255669856393;DORDOGNE
CACHY;49.8574900096, 2.47680531465;SOMME
RIMSDORF;48.9288350756, 7.11724868007;BAS RHIN
LA BOISSIERE DU DORE;47.2350761826, -1.20383839178;LOIRE ATLANTIQUE
DERCY;49.709705981, 3.68499803784;AISNE
ST FRONT D ALEMPS;45.324593189, 0.78971362781;DORDOGNE
LE CATEAU CAMBRESIS;50.0920093814, 3.53922472873;NORD
GRIMESNIL;48.9549115704, -1.35072066889;MANCHE
CAHUZAC SUR VERE;43.9863939929, 1.91547444957;TARN
LYE;47.2209145383, 1.47358421341;INDRE
LOISAIL;48.5049086488, 0.586338732219;ORNE
LA GUERCHE;46.893743302, 0.725400888064;INDRE ET LOIR
GRANZAY GRIPT;46.2259924524, -0.480205972926;DEUX SEVRES
COURLAC;45.3012384064, 0.0880679365563;CHARENTE
ST VICTOR SUR RHINS;46.0058474894, 4.28322306743;LOIRE
HACHAN;43.2848182043, 0.455050397796;HAUTES PYRENEES
MAGRIE;43.0249180261, 2.20415031047;AUDE
MONSEGUR;44.6462089079, 0.0892904208174;GIRONDE
BRUYERES;48.2129348466, 6.71603066311;VOSGES
DUNG;47.5064924582, 6.7452490029;DOUBS
VILLEDIEU;44.9971827746, 3.05455428908;CANTAL
BOUZEMONT;48.2506946208, 6.2399049237;VOSGES
BRENOD;46.0759940484, 5.61418361314;AIN
BERLATS;43.6990584222, 2.56292415401;TARN
ST PERE;47.4609189917, 3.77642616957;YONNE
DIZY LE GROS;49.6355575735, 4.01312880234;AISNE
AITON;45.5733792643, 6.257350927;SAVOIE
STE AGATHE EN DONZY;45.8360909597, 4.30544297684;LOIRE
LES FONTENELLES;47.1921428841, 6.75410194074;DOUBS
ST AVERTIN;47.3571561121, 0.737544440483;INDRE ET LOIR
ST MARIEN;46.4127359723, 2.21573799955;CREUSE
LAMPERTSLOCH;48.9704665444, 7.82012664257;BAS RHIN
OMISSY;49.8804267246, 3.29788036707;AISNE
BLAIN;47.4628210409, -1.76789479614;LOIRE ATLANTIQUE
L ESCALE;44.0810058608, 6.03455494518;ALPES DE HAUTE PROVENCE
MUIDORGE;49.5330704904, 2.13567268039;OISE
TREFFIAGAT;47.8049042408, -4.2597485124;FINISTERE
SOMAIN;50.3598009687, 3.27519704161;NORD
RHEGES;48.5320121391, 3.99460836996;AUBE
CHARENCY VEZIN;49.4847390739, 5.51467592253;MEURTHE ET MOSELLE
BERTREVILLE ST OUEN;49.8123112354, 1.04321401128;SEINE MARITIME
SOULANGIS;47.1798980762, 2.51528453779;CHER
CAUJAC;43.2953977811, 1.45851847854;HAUTE GARONNE
CHASSY;46.5832260551, 4.11167998063;SAONE ET LOIRE
SAINPUITS;47.5126864446, 3.25038757238;YONNE
CASTELNAU D ANGLES;43.6164688819, 0.295821312988;GERS
VALDURENQUE;43.5713585994, 2.3109213574;TARN
RIVIERE SUR TARN;44.2108724191, 3.12758575217;AVEYRON
BIO;44.777991663, 1.78785016782;LOT
IVREY;46.9896694656, 5.89705874388;JURA
ROULLET ST ESTEPHE;45.5803788491, 0.0313550273594;CHARENTE
BRAY EN VAL;47.8291578282, 2.38062384404;LOIRET
BOURBON LANCY;46.6204280383, 3.76862021355;SAONE ET LOIRE
MOUZON;49.5898672379, 5.07669736879;ARDENNES
BOUZANVILLE;48.3707663422, 6.10733218681;MEURTHE ET MOSELLE
BESSEGES;44.290395291, 4.10784015546;GARD
LA NEUVILLE AUX JOUTES;49.9331443854, 4.24087440967;ARDENNES
BLARS;44.5750441827, 1.72683431794;LOT
INGRANDES;46.5931498881, 0.963558213736;INDRE
MONCHECOURT;50.3061963745, 3.21073984637;NORD
COULANDON;46.5546535461, 3.24541387326;ALLIER
CHARENTONNAY;47.1420284173, 2.86948989988;CHER
BEUVILLERS;49.3870500621, 5.91906739563;MEURTHE ET MOSELLE
MONTESQUIEU;44.1792539863, 1.06193133749;TARN ET GARONNE
PANCE;47.8889653573, -1.64257071034;ILE ET VILAINE
SALLENELLES;49.2637001725, -0.233420635581;CALVADOS
CHAMPAGNE;45.8298794044, -0.91672258016;CHARENTE MARITIME
ST MARTIN LE GREARD;49.5531033144, -1.64677361322;MANCHE
CREGOLS;44.429580085, 1.6857006854;LOT
AIGLUN;43.8524188, 6.934942333;ALPES MARITIMES
VAREILLES;46.3003476512, 4.2482812157;SAONE ET LOIRE
L ETANG VERGY;47.1826265714, 4.87602500249;COTE D OR
VRONCOURT LA COTE;48.1465009681, 5.51317198706;HAUTE MARNE
HESSE;48.6876193264, 7.05195872766;MOSELLE
HEMING;48.6990544638, 6.97117087348;MOSELLE
AUTRECHE;47.5225157675, 1.00231924384;INDRE ET LOIR
CERNON;46.4121311574, 5.64360732811;JURA
BOURY EN VEXIN;49.2424145077, 1.7371079349;OISE
POMEROL;44.9313091859, -0.204692390776;GIRONDE
CATTENIERES;50.1329900452, 3.33660861697;NORD
MONT ST MARTIN;49.545958519, 5.77946566153;MEURTHE ET MOSELLE
POUY DE TOUGES;43.3360758375, 1.04935301244;HAUTE GARONNE
MORCHIES;50.1374335468, 2.95474922701;PAS DE CALAIS
ST LEGER LES VIGNES;47.1429694401, -1.7140364404;LOIRE ATLANTIQUE
ASTET;44.6847057844, 4.02649606307;ARDECHE
LE MELE SUR SARTHE;48.5109025611, 0.35265245515;ORNE
NEGREVILLE;49.5039052057, -1.55157352152;MANCHE
ETROUSSAT;46.2202976466, 3.22102195142;ALLIER
ST GERAUD;44.6226768076, 0.157164651677;LOT ET GARONNE
VALSERRES;44.4892842965, 6.13789393583;HAUTES ALPES
LARGNY SUR AUTOMNE;49.2610748419, 3.05411123113;AISNE
ST SYMPHORIEN;44.4230431057, -0.540077855567;GIRONDE
ST GEORGES DES AGOUTS;45.3755482053, -0.650474546219;CHARENTE MARITIME
LA CHAPELLE DEVANT BRUYERES;48.178743233, 6.80624772393;VOSGES
ORNES;49.2567451481, 5.47371666783;MEUSE
AUSSEVIELLE;43.3584012455, -0.479170118376;PYRENEES ATLANTIQUES
TRASSANEL;43.3480032097, 2.44282271412;AUDE
SILVAROUVRES;48.0618671385, 4.79407821948;HAUTE MARNE
LIVILLIERS;49.1004574229, 2.09462391064;VAL D OISE
TIGNAC;42.7506713601, 1.79915182635;ARIEGE
AINAY LE CHATEAU;46.7155678491, 2.72085613518;ALLIER
DAMPIERRE LE CHATEAU;49.0075580233, 4.80217889942;MARNE
BROYE AUBIGNEY MONTSEUGNY;47.3305692734, 5.5187191763;HAUTE SAONE
ROUVRES EN XAINTOIS;48.3043260772, 6.02285815223;VOSGES
LECHELLE;50.0545425148, 2.97707265499;PAS DE CALAIS
VRIGNY;48.0740801124, 2.24775186267;LOIRET
LA VIEUX RUE;49.4963584129, 1.24607289446;SEINE MARITIME
LASSUR;42.7411070071, 1.71830324497;ARIEGE
SAMOIS SUR SEINE;48.4550515717, 2.75291155262;SEINE ET MARNE
COULADERE;43.1961985642, 1.09427022824;HAUTE GARONNE
LASSERAN;43.6034958124, 0.526620389373;GERS
INDEVILLERS;47.3122685986, 6.96941804742;DOUBS
NAJAC;44.211295506, 1.96305922109;AVEYRON
VAUDOY EN BRIE;48.6975609206, 3.08246340296;SEINE ET MARNE
PINDERES;44.2721306877, 0.000151355744744;LOT ET GARONNE
PLESSIS ST JEAN;48.3429566104, 3.30281910968;YONNE
TANAY;47.413987007, 5.27742154521;COTE D OR
LANMODEZ;48.8449357716, -3.09870207936;COTES D ARMOR
VANCAIS;46.3039075076, 0.0433281606115;DEUX SEVRES
GOUSSAINVILLE;49.024343017, 2.46619848866;VAL D OISE
ANCIENVILLE;49.2186389559, 3.20808809779;AISNE
GAUJACQ;43.6385051915, -0.741684144139;LANDES
REMILLY EN MONTAGNE;47.29010269, 4.72932529701;COTE D OR
MACONGE;47.2256941351, 4.57793028997;COTE D OR
MAZAMET;43.4578780341, 2.3885346913;TARN
BLIES GUERSVILLER;49.1441438381, 7.09494961773;MOSELLE
RENNEVILLE;49.3960826717, 1.32607128725;EURE
ST COUTANT LE GRAND;45.9480944751, -0.787759581608;CHARENTE MARITIME
ST GEORGES SUR LAYON;47.195832374, -0.382785659282;MAINE ET LOIRE
PERIGNY;46.2466695762, 3.56039743926;ALLIER
COURMES;43.7525533793, 7.01737606418;ALPES MARITIMES
OUARVILLE;48.3617202687, 1.76951827841;EURE ET LOIR
ST TUGDUAL;48.0961762993, -3.36700769419;MORBIHAN
BOISGASSON;48.0492850975, 1.14020760521;EURE ET LOIR
BAZET;43.2907000893, 0.0755201253689;HAUTES PYRENEES
FEUGAROLLES;44.2178235565, 0.360960245348;LOT ET GARONNE
CHATEAUNEUF LES MARTIGUES;43.3865906403, 5.14753822568;BOUCHES DU RHONE
ESQUERDES;50.7009057679, 2.17889940044;PAS DE CALAIS
AMFREVILLE LES CHAMPS;49.3126551036, 1.32149788001;EURE
SOUESMES;47.4571829313, 2.17085302343;LOIR ET CHER
RETOURNAC;45.2190833833, 4.0281941736;HAUTE LOIRE
VIEILLES MAISONS SUR JOUDRY;47.8838478178, 2.43774998138;LOIRET
PICHERANDE;45.4694847916, 2.79202815154;PUY DE DOME
FRANCILLON SUR ROUBION;44.6168821671, 5.07198362932;DROME
ARRAS EN LAVEDAN;42.9675038855, -0.143830716437;HAUTES PYRENEES
SAILLANS;44.9570462832, -0.271169418164;GIRONDE
RIOCAUD;44.7507112352, 0.203198024954;GIRONDE
WOLFISHEIM;48.5869426788, 7.66313638698;BAS RHIN
MALAVILLE;45.5525236965, -0.103272182432;CHARENTE
STE COLOMBE EN AUXOIS;47.4272975926, 4.46203899793;COTE D OR
GUIGNICOURT;49.4433017606, 3.95534582458;AISNE
CIZELY;46.9834200347, 3.46889795447;NIEVRE
DROMESNIL;49.8773914061, 1.86918109607;SOMME
AUBIGNY LA RONCE;46.9880450918, 4.59634588492;COTE D OR
PELLEVOISIN;46.9860152232, 1.42163571271;INDRE
ST MEARD DE DRONE;45.2508643912, 0.40995292242;DORDOGNE
SORBEY;49.0397485789, 6.31695459653;MOSELLE
MARTIGNAT;46.2030768095, 5.61384033805;AIN
CHAMPDRAY;48.1281659319, 6.75998154739;VOSGES
LA SEGALASSIERE;44.8934183165, 2.20866783261;CANTAL
BLANOT;47.1787083917, 4.23562665908;COTE D OR
MONTMOYEN;47.7302494396, 4.79445159568;COTE D OR
SAMSONS LION;43.4340604062, -0.119778196465;PYRENEES ATLANTIQUES
MONTIGNY EN MORVAN;47.1446460147, 3.86175539037;NIEVRE
JU BELLOC;43.5761092184, 0.0137806680297;GERS
BERTRY;50.0823963526, 3.43983505864;NORD
LORDAT;42.7985041105, 1.78455165815;ARIEGE
ARRENS MARSOUS;42.9104049352, -0.260439991296;HAUTES PYRENEES
BOURGNAC;45.0173532557, 0.397961446009;DORDOGNE
BAILLESTAVY;42.5644827066, 2.52207120058;PYRENEES ORIENTALES
CRUGEY;47.1815437899, 4.68076674992;COTE D OR
PEYNIER;43.439686405, 5.62516789037;BOUCHES DU RHONE
ST PIERRE DES ECHAUBROGNES;46.9797414702, -0.751899172602;DEUX SEVRES
FRIESENHEIM;48.3090804747, 7.65396070706;BAS RHIN
SAUSSIGNAC;44.8026310555, 0.320357088763;DORDOGNE
VERDALLE;43.4967627255, 2.17944315605;TARN
NOYERS;47.6952215995, 3.98085741528;YONNE
RIVES;44.655524312, 0.738165575634;LOT ET GARONNE
JULIENNE;45.6903888196, -0.228857639974;CHARENTE
COURS;46.5023506712, -0.415189139601;DEUX SEVRES
QUERRIEU;49.9387328157, 2.41366429954;SOMME
MORSALINES;49.5700693753, -1.31780369049;MANCHE
CLASVILLE;49.7932822426, 0.620981187192;SEINE MARITIME
THIAIS;48.7607841928, 2.38537729524;VAL DE MARNE
CHARDENY;49.4194659277, 4.59579314559;ARDENNES
CUVERVILLE;49.1917821033, -0.261435495897;CALVADOS
BIEFVILLERS LES BAPAUME;50.1181182201, 2.82212034919;PAS DE CALAIS
GERCY;49.8158108138, 3.87133277309;AISNE
REMIGNY;46.9096727588, 4.7242069921;SAONE ET LOIRE
LE LARDIN ST LAZARE;45.1363136207, 1.23246240823;DORDOGNE
FRESNOY LES ROYE;49.7408277684, 2.77942583155;SOMME
LES HALLES;45.7161225651, 4.43485013871;RHONE
NEBOUZAT;45.7185110259, 2.91891004508;PUY DE DOME
MUZILLAC;47.5547990071, -2.47313130571;MORBIHAN
FREVILLE DU GATINAIS;48.0208335468, 2.44856219378;LOIRET
PEUVILLERS;49.3670336223, 5.39792536022;MEUSE
LE VAL ST GERMAIN;48.5678789376, 2.08128870384;ESSONNE
CASTERETS;43.3154419047, 0.582927112072;HAUTES PYRENEES
MOUSSY LE NEUF;49.0702568046, 2.60754182712;SEINE ET MARNE
L ECHELLE ST AURIN;49.6903778233, 2.71710736022;SOMME
ESTIVALS;45.0308663151, 1.45856989292;CORREZE
GAJAN;43.8985088246, 4.22564270538;GARD
ORDONNAZ;45.8339690378, 5.5395794296;AIN
GUIGNEVILLE SUR ESSONNE;48.4638589713, 2.37103830296;ESSONNE
GREMILLY;49.2813295252, 5.50984611095;MEUSE
BOURSEVILLE;50.1053525119, 1.52189150446;SOMME
ST MICHEL DE CHABRILLANOUX;44.8373734527, 4.61203758015;ARDECHE
SOULOMES;44.6269246895, 1.59005920617;LOT
MEIGNE LE VICOMTE;47.5125846986, 0.188043785469;MAINE ET LOIRE
ST AUBIN DE NABIRAT;44.731908542, 1.28437608808;DORDOGNE
ROUSSENT;50.3713244129, 1.77455343487;PAS DE CALAIS
LERCOUL;42.7098891708, 1.52802126242;ARIEGE
VILLENEUVE LECUSSAN;43.1343250681, 0.485143916946;HAUTE GARONNE
CASTELNAU DE MONTMIRAL;43.9867805665, 1.78310029174;TARN
ST TROJAN;45.0900998302, -0.580473676207;GIRONDE
GUISSENY;48.6169101259, -4.41110953523;FINISTERE
PEROY LES GOMBRIES;49.1656749464, 2.84320631548;OISE
AUZAT;42.7023538618, 1.44304412674;ARIEGE
PIGNY;47.1639629987, 2.4440003398;CHER
LA BALME DE SILLINGY;45.9698450968, 6.04498278395;HAUTE SAVOIE
LE MOUTARET;45.429092051, 6.08168721021;ISERE
CULTURES;44.4911701749, 3.38102042197;LOZERE
SERCOEUR;48.2559068435, 6.53631302887;VOSGES
VOUHE;46.5598449488, -0.25593190505;DEUX SEVRES
LA HOUSSAYE;48.9981469161, 0.800464578361;EURE
CONTREUVE;49.3619911598, 4.61559567137;ARDENNES
NAMPONT;50.3421619095, 1.75242683099;SOMME
BERTONCOURT;49.5391943846, 4.40140045221;ARDENNES
LAMOUILLY;49.5481877863, 5.24415102151;MEUSE
THORAS;44.859407492, 3.56070986719;HAUTE LOIRE
SEYSSINET PARISET;45.1731193462, 5.66971556945;ISERE
MAGNY JOBERT;47.6470935306, 6.61228516531;HAUTE SAONE
BOURG LASTIC;45.6572710215, 2.56278019812;PUY DE DOME
MONTAGNEY SERVIGNEY;47.4668786084, 6.30394133413;DOUBS
GAPENNES;50.1783068722, 1.95226014182;SOMME
GUNDERSHOFFEN;48.9073472641, 7.68204357189;BAS RHIN
COURTENAY;45.7362411824, 5.3922316771;ISERE
ST LEGER DE ROTES;49.1126606736, 0.662290539561;EURE
FREMIFONTAINE;48.261203018, 6.70068031913;VOSGES
TAURIGNAN CASTET;43.0599556813, 1.10196353645;ARIEGE
FLEURY MEROGIS;48.6333048682, 2.36825308788;ESSONNE
LINARDS;45.7038935854, 1.5375026125;HAUTE VIENNE
SANNAT;46.1229856338, 2.41539962939;CREUSE
MILLEVACHES;45.6456743847, 2.08926438394;CORREZE
RIEUSSEC;43.4221214711, 2.73234133546;HERAULT
PLEMY;48.3378874008, -2.67639170288;COTES D ARMOR
LANCON;42.8820682705, 0.36788060148;HAUTES PYRENEES
GEVIGNEY ET MERCEY;47.794509649, 5.94474334051;HAUTE SAONE
RANDAN;46.0116125087, 3.36364426205;PUY DE DOME
SOUES;49.9531535495, 2.05747243579;SOMME
BLAGNY;49.6239121874, 5.19807738578;ARDENNES
VALBELLE;44.1371207692, 5.87627669795;ALPES DE HAUTE PROVENCE
LEZIGNAN CORBIERES;43.2036730565, 2.76215028732;AUDE
CHEVILLE;47.9421921001, -0.218013743743;SARTHE
MOUZEUIL ST MARTIN;46.4591118412, -0.984449849889;VENDEE
LE NEUBOURG;49.1482790328, 0.897176574238;EURE
MARCQ EN BAROEUL;50.6753348557, 3.10093583816;NORD
SAINVILLE;48.4153857478, 1.88200624319;EURE ET LOIR
AUXY;46.9410622998, 4.41734656437;SAONE ET LOIRE
LES THONS;47.987988516, 5.8737744025;VOSGES
FESTIGNY;49.0282923032, 3.76729652703;MARNE
BLERE;47.3074648411, 0.987107533288;INDRE ET LOIR
MONTSOREAU;47.2135013304, 0.0519492185178;MAINE ET LOIRE
ARGEIN;42.924142227, 0.990874865954;ARIEGE
VELLE LE CHATEL;47.5867750201, 6.05578313726;HAUTE SAONE
L ISLE JOURDAIN;43.6144926041, 1.08127836593;GERS
GRON;47.1164919396, 2.73659516033;CHER
ST GERMAIN LAPRADE;45.0328118142, 3.97768212024;HAUTE LOIRE
ST CLAIR SUR LES MONTS;49.6020863264, 0.784520444283;SEINE MARITIME
BALAISEAUX;46.9676282435, 5.46210050966;JURA
PUYROLLAND;46.0332957375, -0.656009266758;CHARENTE MARITIME
ROMANS SUR ISERE;45.0547531985, 5.03797756012;DROME
GONCELIN;45.3363840613, 5.98797386744;ISERE
ST GAULTIER;46.6480131941, 1.43032381865;INDRE
JALLANS;48.0767840463, 1.38589704833;EURE ET LOIR
ST JEAN D ANGELY;45.9427172637, -0.519834100838;CHARENTE MARITIME
FRESNAY SUR SARTHE;48.2817396551, 0.0228368822752;SARTHE
LES FOUGERETS;47.7480373026, -2.19710765653;MORBIHAN
FIRMI;44.5476858944, 2.32505415911;AVEYRON
TILLY CAPELLE;50.4443030623, 2.1871596899;PAS DE CALAIS
ANDELAT;45.0699830319, 3.05933407794;CANTAL
GAROS;43.5068508348, -0.481505714885;PYRENEES ATLANTIQUES
WYLDER;50.9111679301, 2.48735893081;NORD
CERVON;47.2396751916, 3.75219456322;NIEVRE
NOYAL MUZILLAC;47.5996326601, -2.45965724155;MORBIHAN
VOISINS LE BRETONNEUX;48.758677648, 2.04850691768;YVELINES
REDANGE;49.4918573457, 5.91621437506;MOSELLE
SENERGUES;44.6062228544, 2.46311277374;AVEYRON
TREHORENTEUC;48.003791815, -2.29527448191;MORBIHAN
ST GENEST LERPT;45.4557410438, 4.33134504197;LOIRE
VOUGEOT;47.174271631, 4.95989664941;COTE D OR
BERVILLER EN MOSELLE;49.2687554002, 6.65166884114;MOSELLE
DONJEUX;48.3533734076, 5.16224732615;HAUTE MARNE
OZENX MONTESTRUCQ;43.434296626, -0.807501200009;PYRENEES ATLANTIQUES
SICKERT;47.7919119213, 6.98580589371;HAUT RHIN
CHAUFFOURT;47.9727336414, 5.43587115621;HAUTE MARNE
LA CHAPELLE LES LUXEUIL;47.7738963154, 6.38097231925;HAUTE SAONE
GRENTHEVILLE;49.1460180153, -0.293578977625;CALVADOS
ST PIERRE LA BRUYERE;48.35901525, 0.799156524403;ORNE
CRANS;46.6951339522, 5.98129931286;JURA
VIREAUX;47.7883991862, 4.03759334001;YONNE
MANNEVILLE SUR RISLE;49.3610819827, 0.545943626497;EURE
MASSERAC;47.6758102411, -1.90458344966;LOIRE ATLANTIQUE
LA BIGNE;49.0113181173, -0.717996157351;CALVADOS
BREZINS;45.3455407295, 5.30808563402;ISERE
VINANTES;49.0033668902, 2.73993236891;SEINE ET MARNE
CHUIGNES;49.8980530703, 2.75163038239;SOMME
SAILLY SUR LA LYS;50.6532332701, 2.79249849805;PAS DE CALAIS
BAUDONCOURT;47.7753645972, 6.34425326102;HAUTE SAONE
ST PARTHEM;44.6329765505, 2.29151431858;AVEYRON
BRIGNAIS;45.678117475, 4.75268787981;RHONE
LA NEUVILLE GARNIER;49.3324514539, 2.04442768207;OISE
PLAN;45.3171353918, 5.39238954816;ISERE
BALBINS;45.3884053123, 5.21673833566;ISERE
EAUZE;43.8607370613, 0.105730356401;GERS
EMANCE;48.5912443616, 1.73390174623;YVELINES
ST BONNET DE CHIRAC;44.5036552745, 3.27693458859;LOZERE
HAUDRICOURT;49.7326671243, 1.69688165531;SEINE MARITIME
SILLEY BLEFOND;47.3218769577, 6.33058126061;DOUBS
MAROLLES;49.1636748962, 3.10850778789;OISE
THIEULLOY L ABBAYE;49.8202594794, 1.94419558034;SOMME
LAVIT;43.9560822139, 0.925072043975;TARN ET GARONNE
BEAUCHAMPS;50.0192246753, 1.52332437274;SOMME
ANGOISSE;45.4299135686, 1.15056975659;DORDOGNE
COTTUN;49.2679469163, -0.785755484018;CALVADOS
TRONVILLE EN BARROIS;48.7202054641, 5.27880486884;MEUSE
COURCEMONT;48.1772980099, 0.343516519755;SARTHE
MORVILLIERS;48.6490907462, 0.946747285207;EURE ET LOIR
MONTEL DE GELAT;45.9390596742, 2.58561989591;PUY DE DOME
INNIMOND;45.7919647191, 5.57389398559;AIN
MAGNY VERNOIS;47.6685268881, 6.47015380217;HAUTE SAONE
BOUCHEPORN;49.1495824486, 6.61912798021;MOSELLE
BANYULS DELS ASPRES;42.5651533767, 2.86636549196;PYRENEES ORIENTALES
VOUVRAY SUR LOIR;47.6934510328, 0.458489994876;SARTHE
BONCOURT;48.846510259, 1.46368452192;EURE ET LOIR
MONTBELLET;46.4713429723, 4.8783736486;SAONE ET LOIRE
PONTONX SUR L ADOUR;43.7980252651, -0.940526888731;LANDES
TALMONTIERS;49.3892320184, 1.75051136418;OISE
TRIAIZE;46.3792685111, -1.19928351422;VENDEE
CHATELLENOT;47.237576799, 4.48751343081;COTE D OR
STETTEN;47.6236636155, 7.41905540349;HAUT RHIN
NOE LES MALLETS;48.0984070868, 4.56182185285;AUBE
ST MARCEL EN MURAT;46.3216708939, 3.00484402977;ALLIER
PEYRENS;43.3618303056, 1.96005404074;AUDE
INGRANDES LE FRESNE SUR LOIRE;47.4154942142, -0.920314202965;MAINE ET LOIRE
MAISSE;48.3958941333, 2.37009405843;ESSONNE
LA MOTTE EN CHAMPSAUR;44.7407367523, 6.12930149849;HAUTES ALPES
SOUGY;48.0581126003, 1.80118276124;LOIRET
MOUCHAMPS;46.7870550926, -1.05454102867;VENDEE
DAMPIERRE EN YVELINES;48.7037164037, 1.97307941128;YVELINES
ST BRIEUC DE MAURON;48.0900360435, -2.36145460306;MORBIHAN
REICHSTETT;48.6474873068, 7.75703020685;BAS RHIN
ANDILLY;46.0702115695, 6.0710017836;HAUTE SAVOIE
LOUATRE;49.2527947078, 3.24153629897;AISNE
IGNAUCOURT;49.817976943, 2.57616977207;SOMME
ARSAGUE;43.5819217189, -0.789693590118;LANDES
ST PIERRE DE LA FAGE;43.7942818756, 3.42249252339;HERAULT
WITTERNESSE;50.6139812013, 2.36320125058;PAS DE CALAIS
CROZE;45.8244062153, 2.16780878793;CREUSE
BREUIL LE VERT;49.3619627867, 2.42549520398;OISE
MAUPERTUIS;48.9551865483, -1.20001198671;MANCHE
MONTHUREL;49.0275310805, 3.55187396803;AISNE
RIXHEIM;47.7495819243, 7.4072406005;HAUT RHIN
VARNEVILLE;48.8771784427, 5.65887449876;MEUSE
MORIEUX;48.520297083, -2.60995239978;COTES D ARMOR
FONTAINE AU BOIS;50.1363749485, 3.64250579372;NORD
LA MAZIERE AUX BONS HOMMES;45.8897027199, 2.44364829354;CREUSE
MONTFAUCON EN VELAY;45.1844564784, 4.32318621334;HAUTE LOIRE
MAILLY RAINEVAL;49.7424922683, 2.44960339901;SOMME
ROCHEFORT EN VALDAINE;44.5125480322, 4.85754422248;DROME
L ESCARENE;43.8339717674, 7.36565804143;ALPES MARITIMES
FROUZINS;43.5213246491, 1.31308144472;HAUTE GARONNE
CHONVILLE MALAUMONT;48.7606282553, 5.49015408334;MEUSE
FAJOLLES;43.9666339943, 1.01247908889;TARN ET GARONNE
ESPARSAC;43.9115019162, 0.947377490224;TARN ET GARONNE
FIGAROL;43.086105599, 0.905126707725;HAUTE GARONNE
CHADENAC;45.5445094942, -0.450256839324;CHARENTE MARITIME
MORTROUX;46.3956198653, 1.90748729651;CREUSE
FLEURE;46.4832773182, 0.522738191744;VIENNE
LE MESNIL OZENNE;48.6675006123, -1.21767106141;MANCHE
BALAZE;48.1777363541, -1.18302870433;ILE ET VILAINE
RENANSART;49.7340931411, 3.45338513198;AISNE
PLOUER SUR RANCE;48.5248482927, -2.00660319758;COTES D ARMOR
ST ALBAN LES EAUX;46.0060538443, 3.93140741051;LOIRE
GAUVILLE;49.7808911184, 1.78753302292;SOMME
ST PAUL ET VALMALLE;43.6147377182, 3.67925764242;HERAULT
MARSEILLE 08;43.2417271832, 5.37464436293;BOUCHES DU RHONE
ANCTOVILLE;49.1129887811, -0.690829418472;CALVADOS
CEZY;47.9958317123, 3.31537354037;YONNE
LEVET;46.9301181385, 2.39251813835;CHER
CHAUVRY;49.0530490833, 2.26887039033;VAL D OISE
MAUBEC;45.5660929436, 5.25805770086;ISERE
RAVIGNY;48.4424919751, -0.0682909455819;MAYENNE
PLAINEMONT;47.8476581979, 6.21792069409;HAUTE SAONE
BENQUE DESSOUS ET DESSUS;42.8204320616, 0.541783667805;HAUTE GARONNE
ST JEAN LESPINASSE;44.8581768481, 1.85968660028;LOT
ST GEORGES D HURTIERES;45.5076481725, 6.28509753984;SAVOIE
ESPAS;43.7784871018, 0.0948196132159;GERS
ARMEAU;48.0478451698, 3.3370553938;YONNE
PRESLES ET THIERNY;49.5144603614, 3.62483361601;AISNE
VALOJOULX;45.0168357588, 1.14780270034;DORDOGNE
LA CHAPELLE ONZERAIN;48.0330297955, 1.61102196598;LOIRET
AUCAZEIN;42.9208994328, 0.966291342849;ARIEGE
AXAT;42.7974645623, 2.24059640574;AUDE
ESPINAS;44.1967176562, 1.7923386672;TARN ET GARONNE
JUGAZAN;44.7787058839, -0.149444168001;GIRONDE
CIDEVILLE;49.6117818169, 0.888359643121;SEINE MARITIME
ST RUSTICE;43.8031334358, 1.32817608757;HAUTE GARONNE
GUGNEY AUX AULX;48.2996214429, 6.27117773923;VOSGES
LAYRISSE;43.1369406664, 0.0500385637109;HAUTES PYRENEES
SOUVIGNE;47.5151982647, 0.402687568024;INDRE ET LOIR
RAUVILLE LA PLACE;49.390519859, -1.5015509856;MANCHE
LE MESNIL THOMAS;48.5900545537, 1.08955144793;EURE ET LOIR
LACAPELLE MARIVAL;44.7253588918, 1.93631584115;LOT
ARESSY;43.2780475519, -0.328128024391;PYRENEES ATLANTIQUES
FAMECK;49.2987006334, 6.10649265804;MOSELLE
MARAMBAT;43.7786875916, 0.323828466495;GERS
STE EULALIE EN BORN;44.2779759643, -1.21402011254;LANDES
TINQUEUX;49.2496666793, 3.98795391117;MARNE
TENTELING;49.1250557723, 6.92875440455;MOSELLE
SOMPUIS;48.6855555733, 4.37611550868;MARNE
CHAVOT COURCOURT;48.9979835849, 3.91605601452;MARNE
ST OULPH;48.5266441925, 3.87406836475;AUBE
VAUCHIGNON;46.9815406669, 4.65368563098;COTE D OR
NEUVILLE BOSC;49.2027066455, 2.01455667374;OISE
DIEMOZ;45.5886339429, 5.08869481653;ISERE
LISLET;49.6757265054, 4.02084295692;AISNE
MARONCOURT;48.2463375996, 6.16356949078;VOSGES
CHARENS;44.5423083646, 5.50825607995;DROME
VAUVILLERS;49.8430127523, 2.7058576874;SOMME
MONTLEBON;47.023060564, 6.62116670386;DOUBS
BOUEE;47.304903513, -1.91266951692;LOIRE ATLANTIQUE
VILLAINES LES ROCHERS;47.2202766951, 0.496409535046;INDRE ET LOIR
VILLENEUVE LE ROI;48.7320914576, 2.41037420069;VAL DE MARNE
BAYAC;44.8047466213, 0.7227976753;DORDOGNE
BUZANCAIS;46.8875380464, 1.41254913131;INDRE
LA FLOTTE;46.1793660462, -1.32163012232;CHARENTE MARITIME
MENOTEY;47.1678262318, 5.50278789931;JURA
MAGNY LE DESERT;48.570570213, -0.323140546642;ORNE
ST PERE;48.5841780785, -1.9291577364;ILE ET VILAINE
RENAY;47.8392110621, 1.17285657827;LOIR ET CHER
VAL DE LA HAYE;49.386140855, 0.990005122021;SEINE MARITIME
NOYELLETTE;50.2978570958, 2.59183341606;PAS DE CALAIS
DARNIEULLES;48.1974773569, 6.33832716875;VOSGES
BERJOU;48.8487660558, -0.478406645322;ORNE
CERILLY;46.6265101815, 2.80901857226;ALLIER
CAMPAGNE;49.6495792933, 2.96070669901;OISE
STEENWERCK;50.6864176007, 2.76933714516;NORD
BOLBEC;49.5754807674, 0.484404802201;SEINE MARITIME
FLESQUIERES;50.1238325838, 3.11938780816;NORD
NEUVILLE EN FERRAIN;50.7533162393, 3.15977251104;NORD
AIRE SUR LA LYS;50.6441641115, 2.39533267946;PAS DE CALAIS
VILLEROUGE TERMENES;43.0054052099, 2.63468678953;AUDE
BOUSSENAC;42.9078454205, 1.39109839522;ARIEGE
RANZEVELLE;47.9064629009, 5.98377333342;HAUTE SAONE
BEAUFORT;43.4548618098, 1.10650961074;HAUTE GARONNE
REBEUVILLE;48.3370016504, 5.71877822287;VOSGES
MALIGNY;47.8664420498, 3.79721123196;YONNE
LA HAYE LE COMTE;49.1964315375, 1.13412648905;EURE
CHAVIGNY BAILLEUL;48.8800655781, 1.19622692013;EURE
ST VALENTIN;46.9621074542, 1.85100713344;INDRE
BARBY;45.5699721228, 5.98303026413;SAVOIE
LA MOTTE FEUILLY;46.5478040001, 2.07378782307;INDRE
AUBERVILLE LA MANUEL;49.8291736749, 0.584161454904;SEINE MARITIME
VROIL;48.8502978121, 4.91023351451;MARNE
SONAC;44.6924652342, 1.85472288011;LOT
LE QUESNEL;49.7820002151, 2.62386030353;SOMME
RULLAC ST CIRQ;44.1192120935, 2.47693953343;AVEYRON
MEURSANGES;46.9815545496, 4.94294705881;COTE D OR
RANGEN;48.6722666371, 7.4769068152;BAS RHIN
ETRIAC;45.527140208, -0.00959232022065;CHARENTE
FURCHHAUSEN;48.7204949919, 7.43041510079;BAS RHIN
MULSANS;47.6949446536, 1.38085020196;LOIR ET CHER
ST MICHEL DE VEISSE;45.9536199326, 2.05002532305;CREUSE
POUZAC;43.0809868459, 0.129487370632;HAUTES PYRENEES
SUARCE;47.5612956517, 7.08005568664;TERRITOIRE DE BELFORT
STONNE;49.5495309711, 4.92206804747;ARDENNES
NEUVILLETTE;50.2084339297, 2.3146303419;SOMME
FAUSSERGUES;44.0406000553, 2.43023975408;TARN
BRAYE SOUS FAYE;46.9823047601, 0.328685005492;INDRE ET LOIR
ARGENTON SUR CREUSE;46.5787862593, 1.4926283101;INDRE
PRISSAC;46.524638893, 1.29857907076;INDRE
MONTREUIL SUR LOZON;49.1333974057, -1.24331405559;MANCHE
CLERMONT DESSOUS;44.2487245183, 0.456237905112;LOT ET GARONNE
MAGALAS;43.4808688877, 3.21744589266;HERAULT
CONSENVOYE;49.2955880804, 5.31125963797;MEUSE
BOUHANS ET FEURG;47.4729092139, 5.51046991531;HAUTE SAONE
KRAUTERGERSHEIM;48.475170055, 7.56554119438;BAS RHIN
ST PIERRE DES JONQUIERES;49.8485799003, 1.45100007489;SEINE MARITIME
HEILLES;49.3330867142, 2.26963680088;OISE
ESCHBOURG;48.8226852369, 7.29080380579;BAS RHIN
VANDIERES;48.9590505792, 6.02020912664;MEURTHE ET MOSELLE
COURCEBOEUFS;48.1265537944, 0.282062390388;SARTHE
RELANS;46.7663121226, 5.43804546339;JURA
VANDELICOURT;49.5083038228, 2.79666827304;OISE
CHANTEMERLE LES GRIGNAN;44.4050171729, 4.83512935454;DROME
ST BAUDILLE ET PIPET;44.7829562969, 5.77824884395;ISERE
CLARACQ;43.5062422755, -0.293137631962;PYRENEES ATLANTIQUES
EQUEVILLON;46.7607810101, 5.94097617099;JURA
CAMPAGNE;43.8621880955, -0.639177519978;LANDES
BOUSIGNIES SUR ROC;50.2638826677, 4.18728654005;NORD
LANDES;45.9948050533, -0.600345343347;CHARENTE MARITIME
VAY;47.5453431813, -1.70810408082;LOIRE ATLANTIQUE
MONGET;43.5593376119, -0.534718563495;LANDES
AUBEGUIMONT;49.8094901556, 1.67974843453;SEINE MARITIME
GENICOURT;49.0948354012, 2.06072705902;VAL D OISE
MARTEL;44.9401536689, 1.60734355344;LOT
ST VICTOR ROUZAUD;43.0879036515, 1.54799869593;ARIEGE
LOSNE;47.0776286494, 5.2762318698;COTE D OR
AUXONNE;47.1886126051, 5.41450389351;COTE D OR
MOLIENS;49.6713332232, 1.81534943912;OISE
ERCHEU;49.7010057712, 2.94654183178;SOMME
MONTBOILLON;47.379681472, 5.91385310613;HAUTE SAONE
BALLANS;45.8083081016, -0.225189641549;CHARENTE MARITIME
CHERENCE LE ROUSSEL;48.7112243096, -0.999366416758;MANCHE
KERGLOFF;48.2804454858, -3.64568859404;FINISTERE
MONTALBA LE CHATEAU;42.6999973124, 2.56550996657;PYRENEES ORIENTALES
BLAINCOURT LES PRECY;49.2280944073, 2.34451291361;OISE
VILLERS CHIEF;47.2235047047, 6.43819001348;DOUBS
ST SYMPHORIEN;46.8074443579, 2.3043522893;CHER
ESCHES;49.2315594255, 2.17454733737;OISE
BAGNOLS LES BAINS;44.5110337689, 3.66278959249;LOZERE
VIEUX CONDE;50.4735638651, 3.56606734565;NORD
MASSOINS;43.9477022711, 7.12430252381;ALPES MARITIMES
PERS;46.2272985258, 0.0665477663208;DEUX SEVRES
CORPEAU;46.9274010331, 4.75964773647;COTE D OR
ST BAUZILLE DE LA SYLVE;43.6102378186, 3.55875643759;HERAULT
LAMURE SUR AZERGUES;46.0528953737, 4.50887540791;RHONE
ST HILAIRE COTTES;50.5673889188, 2.39680232031;PAS DE CALAIS
DINAN;48.4557709953, -2.04816149693;COTES D ARMOR
ROSIERES SUR MANCE;47.8376565053, 5.80467738771;HAUTE SAONE
GONNEVILLE SUR HONFLEUR;49.381480242, 0.236373405465;CALVADOS
EMERAINVILLE;48.8197762376, 2.60897006725;SEINE ET MARNE
BEAUMONT;47.9149271297, 3.55727569805;YONNE
RIMBACH PRES MASEVAUX;47.8345267818, 6.94187078441;HAUT RHIN
HAUT CLOCHER;48.7620782586, 6.99144678539;MOSELLE
ST VICTOR MONTVIANEIX;45.9381159052, 3.61132640921;PUY DE DOME
HEROUVILLETTE;49.2140427905, -0.260172250622;CALVADOS
SOUVIGNE SUR MEME;48.2172120607, 0.648847952112;SARTHE
ST MARC LA LANDE;46.5253805702, -0.359877373961;DEUX SEVRES
ST LEGER DU GENNETEY;49.2826233384, 0.752219384803;EURE
PARIS 12;48.8351562307, 2.41980703497;PARIS
LAVILLENEUVE;48.0373240885, 5.51638574625;HAUTE MARNE
GARREVAQUES;43.4927448733, 1.98351501119;TARN
LESCOUET GOUAREC;48.1688076407, -3.20708353658;COTES D ARMOR
MONTPLONNE;48.6979724913, 5.16926714673;MEUSE
ST SYLVESTRE SUR LOT;44.4179177939, 0.808784719613;LOT ET GARONNE
LAGRACE DIEU;43.3373994555, 1.40523002745;HAUTE GARONNE
VERLUS;43.5997886169, -0.1995913501;GERS
ST GERMAIN SOUS CAILLY;49.578635059, 1.20932162589;SEINE MARITIME
ST JEAN SUR COUESNON;48.2768095716, -1.36810224872;ILE ET VILAINE
BEDUER;44.5711043331, 1.92666440325;LOT
LE VIGEANT;46.2207295456, 0.637791389497;VIENNE
SOMMERECOURT;48.2241761343, 5.65159771886;HAUTE MARNE
ST JUST EN BAS;45.7314533102, 3.88013674986;LOIRE
SEPTSARGES;49.2865032784, 5.17446943745;MEUSE
MEDAN;48.9548235398, 1.98757804173;YVELINES
MONCEAUX L ABBAYE;49.6524929678, 1.78839949291;OISE
ARLAY;46.7695260312, 5.52939356263;JURA
CORBEHEM;50.3351261232, 3.0477618854;PAS DE CALAIS
DECHY;50.3495940778, 3.1299861719;NORD
NEUVILLE LES VAUCOULEURS;48.5765469967, 5.65580757296;MEUSE
FONTAINE ST LUCIEN;49.5040754183, 2.14696786986;OISE
PIERREFITTE SUR SAULDRE;47.5270515255, 2.12726759593;LOIR ET CHER
OZIERES;48.1695665258, 5.47158712619;HAUTE MARNE
CAUMONT;43.6914735474, -0.108660908583;GERS
HUIRON;48.6918417886, 4.49329566326;MARNE
AYSSENES;44.092111179, 2.76570045651;AVEYRON
CROTELLES;47.5385005841, 0.822690179098;INDRE ET LOIR
ST MAGNE DE CASTILLON;44.8564111002, -0.0738465578343;GIRONDE
SUSSAT;46.1523532024, 3.05584411459;ALLIER
TRAMBLY;46.3310184112, 4.53251400851;SAONE ET LOIRE
NEUFFONS;44.6479485924, 0.0115623600622;GIRONDE
MANTENAY MONTLIN;46.4302754511, 5.10675899732;AIN
AILLONCOURT;47.7571786627, 6.38881331969;HAUTE SAONE
ESPERAUSSES;43.6998410233, 2.52506371565;TARN
VALOUSE;44.4594883519, 5.19108928218;DROME
CRAINCOURT;48.8765159972, 6.33285701026;MOSELLE
TROO;47.788753217, 0.778673124197;LOIR ET CHER
BEAUCOUZE;47.4744512295, -0.63405515785;MAINE ET LOIRE
FAYS LA CHAPELLE;48.1311314696, 4.0199211207;AUBE
ST MARTIN DE FUGERES;44.9073562308, 3.94556277638;HAUTE LOIRE
TREGARANTEC;48.549214184, -4.28952698165;FINISTERE
ST FLOVIER;46.9710693566, 1.02123750172;INDRE ET LOIR
STEENE;50.9531939911, 2.37222398651;NORD
ST VICTOR SUR OUCHE;47.2323029806, 4.74865693638;COTE D OR
SIRAN;44.9505638532, 2.12045291632;CANTAL
ST ANTONIN DE LACALM;43.7817652694, 2.29527252552;TARN
ST CAPRAIS;44.6129548228, 1.15458264598;LOT
MAISOD;46.4791457718, 5.69233262933;JURA
VIRSON;46.1388630308, -0.88461577185;CHARENTE MARITIME
GRANDPUITS BAILLY CARROIS;48.5823205697, 2.97582475865;SEINE ET MARNE
MONBAHUS;44.5387781694, 0.525350023126;LOT ET GARONNE
CORNILLON EN TRIEVES;44.8352198682, 5.70360682162;ISERE
VIGNOLES;47.025772583, 4.88700502505;COTE D OR
AVIRON;49.0566321831, 1.12002720385;EURE
PARDIES PIETAT;43.2137224883, -0.311095758037;PYRENEES ATLANTIQUES
ST CIERS SUR GIRONDE;45.2980782445, -0.648058188533;GIRONDE
POMMEVIC;44.0940422544, 0.934521561123;TARN ET GARONNE
ORGNAC SUR VEZERE;45.3405611146, 1.46183907103;CORREZE
FLOUDES;44.5700178825, -0.0629604195492;GIRONDE
CIERGES;49.1648316775, 3.60411788847;AISNE
CALLAS;43.5655288351, 6.57328931995;VAR
CHARNY LE BACHOT;48.5389297252, 3.95231242172;AUBE
LA BAUME CORNILLANE;44.8296348413, 5.04790034542;DROME
LAIZE LA VILLE;49.0801189772, -0.380625006843;CALVADOS
ST ANDRE DE BOHON;49.2389765261, -1.24797081821;MANCHE
BORMES LES MIMOSAS;43.1622722101, 6.34956987347;VAR
SION LES MINES;47.7291886842, -1.58109954157;LOIRE ATLANTIQUE
SAULCHOY;50.3538363354, 1.85072788355;PAS DE CALAIS
RILHAC XAINTRIE;45.1727059294, 2.18984077677;CORREZE
PENVENAN;48.816014407, -3.30224745841;COTES D ARMOR
CAUNETTE SUR LAUQUET;43.027894163, 2.42690541874;AUDE
VIRY NOUREUIL;49.6385456387, 3.24823591959;AISNE
AMBERT;45.5557839461, 3.75625356567;PUY DE DOME
COURVAUDON;49.026847125, -0.573849021265;CALVADOS
LOZAY;46.0435885992, -0.543351399248;CHARENTE MARITIME
LIBOURNE;44.9130767869, -0.234709332068;GIRONDE
ABERGEMENT LE GRAND;46.9142864988, 5.67853452364;JURA
ROSIERS DE JUILLAC;45.2869415245, 1.30817336532;CORREZE
LAVILLATTE;44.7411283435, 3.95196079179;ARDECHE
MELLERAY;48.0949259298, 0.813535451914;SARTHE
PARADOU;43.7082242761, 4.77828143607;BOUCHES DU RHONE
ST LEON;46.410638894, 3.68775721106;ALLIER
FONTENELLE;47.502916038, 5.36176306939;COTE D OR
YZEUX;49.9793186736, 2.11002578255;SOMME
ESCHBACH;48.8758347944, 7.73863882524;BAS RHIN
BERNIN;45.2653406999, 5.86419475853;ISERE
SERIS;47.7567732237, 1.50775532778;LOIR ET CHER
GUILLY;47.8054009428, 2.27151487858;LOIRET
ST GEORGES SUR CHER;47.3092315675, 1.13723329231;LOIR ET CHER
RANCHY;49.2552732659, -0.763716555064;CALVADOS
PLOUMOGUER;48.3995302533, -4.71529077573;FINISTERE
VILLENEUVE LES MONTREAL;43.178928019, 2.11283533112;AUDE
REAUMONT;45.363201362, 5.52298554589;ISERE
ELBEUF EN BRAY;49.4938337874, 1.65158974668;SEINE MARITIME
QUITTEBEUF;49.1073075931, 1.00532238081;EURE
THORY;47.5710240128, 3.91643466826;YONNE
MONTEYNARD;44.9804441631, 5.70223795368;ISERE
CHOUVIGNY;46.1257380444, 3.00492464249;ALLIER
GAAS;43.6103431996, -1.04133365689;LANDES
DONCIERES;48.391632256, 6.63746992341;VOSGES
POURCIEUX;43.4646440633, 5.78860890398;VAR
BEAULIEU;43.7298984427, 4.02118900985;HERAULT
ANSIGNAN;42.7627016726, 2.52092387991;PYRENEES ORIENTALES
FLAGEY LES AUXONNE;47.1312658767, 5.3944404843;COTE D OR
ST BENOIT;43.0096303677, 2.06434477495;AUDE
ESPARRON;43.2611725663, 0.811588466445;HAUTE GARONNE
CALLEVILLE LES DEUX EGLISES;49.7036168494, 1.02150696093;SEINE MARITIME
BEURIZOT;47.3555109503, 4.49612543597;COTE D OR
LA VRAIE CROIX;47.6897714715, -2.51941411954;MORBIHAN
LES CHOUX;47.787194965, 2.65608741368;LOIRET
ST CYR DU DORET;46.2689963967, -0.827114338607;CHARENTE MARITIME
BALINGHEM;50.8613731955, 1.94035198603;PAS DE CALAIS
GUELTAS;48.0920646623, -2.80987346419;MORBIHAN
LE VAST;49.6181289951, -1.35780462163;MANCHE
LARGITZEN;47.561066335, 7.19235370252;HAUT RHIN
MARGENCY;49.0014888466, 2.28907008969;VAL D OISE
MONFORT;43.7914130393, 0.824811045204;GERS
ESCAUTPONT;50.4239013457, 3.5531225813;NORD
MARSAIS;46.1217050535, -0.619473280005;CHARENTE MARITIME
TRONCHOY;47.9253601685, 3.94507629451;YONNE
REMAUGIES;49.6270583774, 2.67048609499;SOMME
ST AMARIN;47.887678929, 7.04124424443;HAUT RHIN
GRECOURT;49.7170432402, 2.9868482904;SOMME
BOUTANCOURT;49.6815427414, 4.76990515866;ARDENNES
ST ALLOUESTRE;47.9081978294, -2.73628511193;MORBIHAN
OUANNE;47.6575722012, 3.4192034023;YONNE
LEYMEN;47.5003880526, 7.48444885931;HAUT RHIN
MAZERULLES;48.7552760519, 6.37935633386;MEURTHE ET MOSELLE
ST FIRMIN SUR LOIRE;47.6056395298, 2.69936576002;LOIRET
MOUX;43.1727610204, 2.64604983695;AUDE
VAUBEXY;48.283956514, 6.23614210512;VOSGES
SERVAS;46.1385540577, 5.17887070992;AIN
FEURS;45.7323040855, 4.22324153789;LOIRE
ST CYR SUR LOIRE;47.4185650638, 0.657856616894;INDRE ET LOIR
ST GERMAIN DES ESSOURTS;49.5337799591, 1.315784761;SEINE MARITIME
ST LAURENT DU MONT;49.1404300823, 0.0272509600156;CALVADOS
LANCE;47.6845629215, 1.06714179153;LOIR ET CHER
NANTOIS;48.6266032381, 5.34341376776;MEUSE
SEGALAS;43.4098505398, 0.130234005775;HAUTES PYRENEES
GIBOURNE;45.9287373881, -0.312106629697;CHARENTE MARITIME
PELLEGRUE;44.7382200976, 0.0952560866567;GIRONDE
LA CAPELLE;49.9732109539, 3.91398483546;AISNE
AIRION;49.4222514079, 2.41814312594;OISE
VEREL DE MONTBEL;45.5537409191, 5.72394607182;SAVOIE
DOLLON;48.0360309875, 0.59353315613;SARTHE
CARDROC;48.2846714834, -1.89382613494;ILE ET VILAINE
TROYE D ARIEGE;43.0211388767, 1.88727210169;ARIEGE
BEIRE LE FORT;47.2376253044, 5.26097283802;COTE D OR
BOISSY LES PERCHE;48.6806255579, 0.901884911868;EURE ET LOIR
MONTOURTIER;48.2124575885, -0.554264699743;MAYENNE
ESCOT;43.0782488645, -0.565384866739;PYRENEES ATLANTIQUES
FALS;44.1052716002, 0.689254546889;LOT ET GARONNE
VALBOIS;48.9287959752, 5.61607345803;MEUSE
BOUSTROFF;49.0017966177, 6.63111070806;MOSELLE
GERMINON;48.8864611799, 4.17848404466;MARNE
PLOUEDERN;48.4827412998, -4.25245153196;FINISTERE
BURIVILLE;48.5370380722, 6.68839442053;MEURTHE ET MOSELLE
CHAPONOST;45.7088623324, 4.74547903701;RHONE
ST PIERREVILLERS;49.3759234559, 5.68731569816;MEUSE
THOIRY;45.598757543, 6.04432776786;SAVOIE
MURET;43.4491077783, 1.30784679414;HAUTE GARONNE
LE POIRE SUR VELLUIRE;46.4190919441, -0.910475769222;VENDEE
HUISMES;47.2270033934, 0.25509879488;INDRE ET LOIR
MORCHAIN;49.8003145856, 2.92316556793;SOMME
MAUROIS;50.0727158621, 3.4590777682;NORD
BIOULE;44.0992261106, 1.54336811906;TARN ET GARONNE
SIDIAILLES;46.5116849197, 2.31463159762;CHER
NOGENT LE BERNARD;48.2395023122, 0.503482769952;SARTHE
VILLARD SUR BIENNE;46.4858586552, 5.89736415206;JURA
VENDRESSE;49.6036580688, 4.79161432829;ARDENNES
GLONVILLE;48.4576693426, 6.68733022075;MEURTHE ET MOSELLE
MONTBOISSIER;48.2296631604, 1.40996586006;EURE ET LOIR
COMPERTRIX;48.9280892911, 4.32579427772;MARNE
VOLKSBERG;48.940471202, 7.29797593831;BAS RHIN
PETIT CAUX;49.9614365259, 1.21910748031;SEINE MARITIME
MONTBRONN;48.9975807124, 7.30621869916;MOSELLE
BETTBORN;48.8075081926, 7.02877201918;MOSELLE
MUTZIG;48.538054845, 7.45530315563;BAS RHIN
REVERCOURT;48.7223591081, 1.077287859;EURE ET LOIR
CAMPIGNY;49.317818102, 0.561573922841;EURE
CITERS;47.7549976504, 6.41938709538;HAUTE SAONE
CHAMOUX SUR GELON;45.5341655971, 6.21788663815;SAVOIE
VOREPPE;45.290046149, 5.64284060664;ISERE
KERLING LES SIERCK;49.3910007055, 6.37261264464;MOSELLE
FAVEROLLES;49.6455544304, 2.61943483377;SOMME
BELMONT STE FOI;44.2897689625, 1.63023470112;LOT
MARVELISE;47.5218664917, 6.59359255229;DOUBS
BOUTAVENT;49.6384622091, 1.75329152429;OISE
CRESSY SUR SOMME;46.7008961258, 3.86729542324;SAONE ET LOIRE
ST RESTITUT;44.327032986, 4.79615124312;DROME
ST CHRISTOL;44.8696306888, 4.43824066016;ARDECHE
DENICE;46.0045607655, 4.65149773309;RHONE
SAUVETERRE;43.4536167726, 2.55991346733;TARN
ANNET SUR MARNE;48.9223335323, 2.70854622393;SEINE ET MARNE
THISE;47.2862704749, 6.08224495009;DOUBS
ST MEARD;45.6640777038, 1.54260179229;HAUTE VIENNE
BLOSVILLE;49.3718453122, -1.28832073685;MANCHE
DAMMARIE;48.3378217549, 1.49741837777;EURE ET LOIR
MOTZ;45.9187981352, 5.84467711779;SAVOIE
CHAILLE LES MARAIS;46.3853555319, -1.01044079362;VENDEE
UGNY;49.4635508835, 5.708275612;MEURTHE ET MOSELLE
BOUVANTE;44.9352511723, 5.30425747099;DROME
GUESCHART;50.2375835901, 2.01124506809;SOMME
COLLETOT;49.3499536771, 0.623964655423;EURE
JONQUIERES;49.3993843188, 2.73435995446;OISE
BUZIET;43.1442617368, -0.47589383596;PYRENEES ATLANTIQUES
ENTRE DEUX EAUX;48.2376801335, 6.99965862371;VOSGES
ETOGES;48.8915340584, 3.85279805872;MARNE
VAILLY SUR SAULDRE;47.4563676608, 2.65132659906;CHER
ST PIERRE LE MOUTIER;46.7917213568, 3.14035365486;NIEVRE
ST SILVAIN BAS LE ROC;46.3319366836, 2.21828718051;CREUSE
RANCENAY;47.185849528, 5.94490685267;DOUBS
JOUY SOUS THELLE;49.3223267421, 1.96068066064;OISE
BONNAUD;46.6197553345, 5.43048308112;JURA
REPLONGES;46.3077356023, 4.8746938271;AIN
ROCQUIGNY;49.7003603712, 4.24698300901;ARDENNES
SORGUES;44.0145763951, 4.86740515419;VAUCLUSE
VINDELLE;45.7209359116, 0.107728857643;CHARENTE
DAMOUSIES;50.2195042293, 4.00850987305;NORD
VILLEBAROU;47.6266800111, 1.3190312927;LOIR ET CHER
VASSENY;49.3556275252, 3.48910249175;AISNE
MANOIS;48.2657522932, 5.37467760517;HAUTE MARNE
ST DENIS DES PUITS;48.3801274748, 1.16252048003;EURE ET LOIR
TEILLET;43.8441490915, 2.34648455097;TARN
LAFITTE VIGORDANE;43.3031701623, 1.1622399774;HAUTE GARONNE
SEPT SORTS;48.940158615, 3.10627084315;SEINE ET MARNE
FONTENOY;49.4099999437, 3.19454758662;AISNE
CEZAC;44.3482882762, 1.34038736361;LOT
SALASC;43.6220930985, 3.31240348008;HERAULT
AUTRUY SUR JUINE;48.2768020165, 2.09163157788;LOIRET
MESSEIN;48.6104817604, 6.14212766773;MEURTHE ET MOSELLE
ST MESMES;48.9856128069, 2.71476494573;SEINE ET MARNE
CONTALMAISON;50.0293857303, 2.73562069227;SOMME
LESCHERAINES;45.7071042341, 6.10303709808;SAVOIE
ST ETIENNE DES SORTS;44.178936222, 4.70010353904;GARD
MESLAY LE VIDAME;48.2778375421, 1.48218731208;EURE ET LOIR
ST AVAUGOURD DES LANDES;46.5136722903, -1.47528120789;VENDEE
MARCHESIEUX;49.1886083143, -1.30728128303;MANCHE
BONCHAMP LES LAVAL;48.067608658, -0.698304870899;MAYENNE
BIZOUS;43.0645413689, 0.439986702814;HAUTES PYRENEES
ST GEORGES SUR L AA;50.967052608, 2.15668818231;NORD
COUPELLE VIEILLE;50.5329987345, 2.07763347202;PAS DE CALAIS
BIACHE ST VAAST;50.3149700801, 2.94146922674;PAS DE CALAIS
VENDRESSE BEAULNE;49.4317132906, 3.65690243676;AISNE
ALTENHEIM;48.7200663423, 7.46240989793;BAS RHIN
LA CHAVATTE;49.7556683271, 2.76426883905;SOMME
SAINTRY SUR SEINE;48.5930107359, 2.4941919266;ESSONNE
CHAREY;48.9959312747, 5.86520504315;MEURTHE ET MOSELLE
PUIHARDY;46.5255351053, -0.544548446285;DEUX SEVRES
BONNELLES;48.6181895067, 2.0296290825;YVELINES
LUNERY;46.9383928285, 2.25765806502;CHER
HAUDIOMONT;49.1156390921, 5.54370706013;MEUSE
MALZY;49.921297034, 3.73000059946;AISNE
BLEURVILLE;48.0671041641, 5.95653169115;VOSGES
ANDONVILLE;48.2740984762, 2.02318881395;LOIRET
BONNINGUES LES CALAIS;50.8931678254, 1.77107438801;PAS DE CALAIS
VIGEOIS;45.3786371667, 1.51888196425;CORREZE
POINTIS INARD;43.0835798216, 0.79692777032;HAUTE GARONNE
CORNY SUR MOSELLE;49.0294224346, 6.07254741579;MOSELLE
LANDEYRAT;45.2728910978, 2.8723635219;CANTAL
HAUSSEZ;49.5875455354, 1.67925587307;SEINE MARITIME
TENNIE;48.1097279005, -0.0864881845663;SARTHE
ECHEVANNES;47.0707841808, 6.23691834165;DOUBS
PLEGUIEN;48.634729938, -2.948078639;COTES D ARMOR
MATIGNON;48.6017682782, -2.29021789488;COTES D ARMOR
NOLLIEUX;45.8183058614, 3.98993321679;LOIRE
ESCALES;43.2228544112, 2.70834893328;AUDE
KERBACH;49.162415506, 6.97402349356;MOSELLE
FONTAINE UTERTE;49.9252841672, 3.36796234214;AISNE
HENGWILLER;48.6676339453, 7.328558621;BAS RHIN
BOHAS MEYRIAT RIGNAT;46.1427060662, 5.3780109646;AIN
FONROQUE;44.7047696483, 0.40989488566;DORDOGNE
CAMPOME;42.6431601092, 2.38417455008;PYRENEES ORIENTALES
PERRUSSE;48.0969131081, 5.47804670166;HAUTE MARNE
BOULOGNE BILLANCOURT;48.8365843138, 2.23913599058;HAUTS DE SEINE
GIZAUCOURT;49.0566661968, 4.78091155159;MARNE
MERFY;49.2888116759, 3.95305290596;MARNE
ST LAMBERT;48.7339427592, 2.00622958047;YVELINES
VANVILLE;48.5547348508, 3.11550566194;SEINE ET MARNE
FAVARS;45.2632599727, 1.67035512416;CORREZE
LA SALVETAT ST GILLES;43.5754800218, 1.26616319872;HAUTE GARONNE
ORTHEVIELLE;43.5643205172, -1.14690876609;LANDES
ILLIES;50.5626769272, 2.82845132596;NORD
DEVECEY;47.3240979046, 6.01735548201;DOUBS
HARBONNIERES;49.8504605449, 2.66989455928;SOMME
EGLISENEUVE DES LIARDS;45.5658772497, 3.42053251866;PUY DE DOME
RECLONVILLE;48.537477465, 6.72946978651;MEURTHE ET MOSELLE
SURDOUX;45.605245887, 1.65032140968;HAUTE VIENNE
BUXEROLLES;46.6054095506, 0.369205479606;VIENNE
VIRIAT;46.2508985632, 5.22302249216;AIN
ST GEORGES SUR MOULON;47.1855306923, 2.42096610291;CHER
AUCAMVILLE;43.7960241357, 1.22532777135;TARN ET GARONNE
VOUGY;46.0930613385, 4.12402637585;LOIRE
CARDONNETTE;49.9521802648, 2.35601706384;SOMME
SERIGNY;46.9268926391, 0.316255199259;VIENNE
SENONCOURT;47.8367830368, 6.05857627249;HAUTE SAONE
CHAUMONT LE BOURG;45.4581251093, 3.76551615562;PUY DE DOME
LAVERSINES;49.4299134204, 2.20087165324;OISE
MONTS;47.2779892588, 0.64548356483;INDRE ET LOIR
BAILLEVAL;49.3492689664, 2.46620386202;OISE
NOYANT ET ACONIN;49.3319620657, 3.33416303776;AISNE
LES LOGES EN JOSAS;48.7624385138, 2.13911723694;YVELINES
ARBORAS;43.7212717776, 3.47409312363;HERAULT
CHATEAUGAY;45.8537260918, 3.09327050267;PUY DE DOME
STRAZEELE;50.7237136693, 2.61971858959;NORD
FLEUREY LES ST LOUP;47.9236983038, 6.29330075407;HAUTE SAONE
BOSDARROS;43.2013292234, -0.35837984121;PYRENEES ATLANTIQUES
LES EGLISES D ARGENTEUIL;45.978753015, -0.424376314206;CHARENTE MARITIME
ROUVRAY;47.4174670252, 4.11150660638;COTE D OR
DOMPIERRE LES TILLEULS;46.8866090769, 6.16384701034;DOUBS
NOUZILLY;47.5371290234, 0.740464665905;INDRE ET LOIR
POUGNY;47.3940156932, 3.02397404784;NIEVRE
ETRELLES;48.0697223278, -1.21606173712;ILE ET VILAINE
TRICOT;49.5631454489, 2.58460217686;OISE
NAILLY;48.2207451981, 3.20592737072;YONNE
MABLY;46.0919456873, 4.0633211833;LOIRE
CEBAZAN;43.4057714323, 2.98753544728;HERAULT
ANSACQ;49.350204752, 2.36431728817;OISE
ST CYR DE VALORGES;45.8893402235, 4.31305449394;LOIRE
IZERON;45.141987566, 5.39486640938;ISERE
ST PAUL LES DURANCE;43.6854814023, 5.75372558845;BOUCHES DU RHONE
MARLERS;49.7590692522, 1.85023209402;SOMME
BADENS;43.2207146123, 2.50470148133;AUDE
MONCHY SUR EU;49.9926780546, 1.45920994382;SEINE MARITIME
LACAUNE;43.6972753085, 2.68833285874;TARN
SARNOIS;49.680399425, 1.92482666497;OISE
LEVESVILLE LA CHENARD;48.3026078752, 1.83081458653;EURE ET LOIR
ST JEAN LAGINESTE;44.8253267169, 1.852018408;LOT
PUJAUDRAN;43.5897953804, 1.17106411645;GERS
AMBOISE;47.3917237652, 1.00023994675;INDRE ET LOIR
MONT;42.8210570316, 0.443991719394;HAUTES PYRENEES
GOLFECH;44.1100274334, 0.856994008348;TARN ET GARONNE
LE TABLIER;46.5596307281, -1.32788759657;VENDEE
EVIRES;46.0421036287, 6.22183912174;HAUTE SAVOIE
POZIERES;50.0416240596, 2.72336179516;SOMME
ROQUEBRUNE;44.6257630925, 0.0206819226945;GIRONDE
MOUSSAC;46.276159957, 0.691938825774;VIENNE
LUGOS;44.4689386134, -0.915096258031;GIRONDE
ST GOBERT;49.8037605968, 3.83219152047;AISNE
VILLETTE;49.478632384, 5.55376018116;MEURTHE ET MOSELLE
LE CHASTANG;45.1752926501, 1.73283876352;CORREZE
ST FREGANT;48.5988235193, -4.37368796467;FINISTERE
DIEUPENTALE;43.8686375923, 1.27914799068;TARN ET GARONNE
PENSOL;45.5997290212, 0.828238655778;HAUTE VIENNE
ST ELOY D ALLIER;46.4967909945, 2.36296544008;ALLIER
TOMBLAINE;48.6859541528, 6.22129283302;MEURTHE ET MOSELLE
INCARVILLE;49.2521511771, 1.15231947532;EURE
CHEPY;48.906707488, 4.45380528055;MARNE
PIRIAC SUR MER;47.3778694474, -2.51735551427;LOIRE ATLANTIQUE
ANGELY;47.560677405, 4.01177532833;YONNE
LA NEUVILLE DU BOSC;49.1943072566, 0.815544482419;EURE
TAUSSAC LA BILLIERE;43.6330025046, 3.07651674533;HERAULT
ST JEAN DE LA PORTE;45.5593907603, 6.11977721306;SAVOIE
BARJON;47.6163680497, 4.9625109297;COTE D OR
HINDISHEIM;48.465896683, 7.62196229958;BAS RHIN
VIVANS;46.1823567174, 3.93687924544;LOIRE
TALMONT SUR GIRONDE;45.54345601, -0.901968620389;CHARENTE MARITIME
VILLIERS SUR SUIZE;47.9779580006, 5.19631550116;HAUTE MARNE
VILLE DU PONT;46.9996929987, 6.49767988013;DOUBS
CHENAY LE CHATEL;46.228920415, 3.93811744372;SAONE ET LOIRE
VACQUERIETTE ERQUIERES;50.3228879351, 2.07435637725;PAS DE CALAIS
AZANNES ET SOUMAZANNES;49.2932309678, 5.46797824659;MEUSE
OURCHES;44.8061327174, 5.04664200561;DROME
BELLENAVES;46.2055132294, 3.06605990143;ALLIER
ETREMBIERES;46.1698202877, 6.20839249952;HAUTE SAVOIE
AZAT LE RIS;46.3077799359, 1.05737198508;HAUTE VIENNE
LUE;44.2377202505, -0.9809457884;LANDES
MONTREUILLON;47.1714740778, 3.79148953079;NIEVRE
CREMERY;49.7432112752, 2.82399385307;SOMME
DOLE;47.0755452538, 5.50062446099;JURA
BRIVES CHARENSAC;45.0463267089, 3.92401115104;HAUTE LOIRE
CROCY;48.8770844881, -0.0517680920662;CALVADOS
HERQUEVILLE;49.6673680277, -1.88085144895;MANCHE
ST SEVER;43.7612851719, -0.566351543475;LANDES
BERCENAY EN OTHE;48.1931400495, 3.89760036901;AUBE
ST MARTIN;43.1649978865, 0.0648650720223;HAUTES PYRENEES
BESSE SUR BRAYE;47.824274366, 0.722121663384;SARTHE
GONEZ;43.2336842296, 0.20961075838;HAUTES PYRENEES
REUX;49.276489057, 0.153456757288;CALVADOS
ST ROMAIN EN GAL;45.5357749158, 4.8261922699;RHONE
LES DESERTS;45.6408440768, 5.99604230711;SAVOIE
CONDAT;44.9916728807, 1.67036030848;LOT
ST MEDARD DE MUSSIDAN;45.0220026441, 0.331868096414;DORDOGNE
DARDENAC;44.7835125524, -0.239650507452;GIRONDE
BOYER;46.5997643138, 4.90335376574;SAONE ET LOIRE
BEAULIEU SUR DORDOGNE;44.9808198297, 1.82767287912;CORREZE
MONTMAHOUX;46.9830184805, 6.03348984475;DOUBS
VILLERABLE;47.7565335742, 1.04015224879;LOIR ET CHER
BEVONS;44.1779964769, 5.87895928741;ALPES DE HAUTE PROVENCE
LEYRIEU;45.7563040682, 5.25503498481;ISERE
DOL DE BRETAGNE;48.5364110141, -1.74135530934;ILE ET VILAINE
BOISMORAND;47.7798249576, 2.72028920172;LOIRET
GOGNEY;48.6147528073, 6.86850513389;MEURTHE ET MOSELLE
ST EULIEN;48.6835488012, 4.87961420424;MARNE
ROMAGNE SOUS MONTFAUCON;49.3272531274, 5.07279522494;MEUSE
DOIX LES FONTAINES;46.3849492327, -0.806840287485;VENDEE
SENEZERGUES;44.7190472251, 2.4072188609;CANTAL
VIGNATS;48.8540077803, -0.102407702289;CALVADOS
LAUNAGUET;43.6700766081, 1.45516003737;HAUTE GARONNE
ARDENAIS;46.6450269496, 2.3518517619;CHER
SCEAUTRES;44.6167012065, 4.60776940667;ARDECHE
ST JEAN DU PIN;44.1164232741, 4.0327398577;GARD
MONTIGNY LA RESLE;47.8623795697, 3.68202012303;YONNE
GEFFOSSES;49.1293350748, -1.55102894919;MANCHE
VITREY SUR MANCE;47.812015486, 5.75797516664;HAUTE SAONE
LE GUA;45.7264855028, -0.965197924835;CHARENTE MARITIME
ANNEVILLE SUR MER;49.1205964204, -1.58682666285;MANCHE
LE BARROUX;44.1547724058, 5.09918948911;VAUCLUSE
LANS EN VERCORS;45.1209452513, 5.5907415298;ISERE
CHALMAZEL JEANSAGNIERE;45.6980828693, 3.82450309755;LOIRE
ANDREIN;43.3997122836, -0.889281632405;PYRENEES ATLANTIQUES
CAMPS SUR L ISLE;45.016429862, -0.0351593823599;GIRONDE
ANZAT LE LUGUET;45.3306191916, 3.01194241608;PUY DE DOME
LANGUEDIAS;48.3929940858, -2.20566739672;COTES D ARMOR
LE CLOITRE ST THEGONNEC;48.4598098914, -3.79230371205;FINISTERE
CHAPELLE D HUIN;46.9339958875, 6.16570353934;DOUBS
VIVILLE;45.5253882542, -0.123672658113;CHARENTE
FONDREMAND;47.4719327079, 6.02806238503;HAUTE SAONE
ST BONNET DES QUARTS;46.1301853846, 3.82816715097;LOIRE
GER;48.6718461689, -0.802951577458;MANCHE
PONT AUTHOU;49.2423269123, 0.702222226343;EURE
BOISSET;45.3167286043, 3.9815552467;HAUTE LOIRE
STE BLANDINE;45.5450974508, 5.43494721601;ISERE
VILLEMUS;43.8613317961, 5.70930443127;ALPES DE HAUTE PROVENCE
ST DENIS DE GASTINES;48.3469457308, -0.87082653269;MAYENNE
GAJAN;43.0372259317, 1.13491653966;ARIEGE
ST BANDRY;49.3638994868, 3.14949009826;AISNE
KRIEGSHEIM;48.7567867136, 7.73549910611;BAS RHIN
COURTIEUX;49.3852025965, 3.08510106889;OISE
LABASTIDE ST PIERRE;43.9190655964, 1.34640200769;TARN ET GARONNE
LA CHAPELLE EN LAFAYE;45.4593011559, 3.98511801378;LOIRE
ST GERMIER;43.6768633717, 2.23011176634;TARN
OSTHOUSE;48.394273648, 7.65078439355;BAS RHIN
LEZEVILLE;48.4275449909, 5.39183251912;HAUTE MARNE
CHEVRIER;46.1120536918, 5.91128750728;HAUTE SAVOIE
BOURG DE PEAGE;45.0171592111, 5.05096546169;DROME
BEAULON;46.5874411926, 3.66899984776;ALLIER
ST OUEN DES CHAMPS;49.3989281855, 0.528625217933;EURE
BEUZEC CAP SIZUN;48.0717542642, -4.50670939299;FINISTERE
JARDRES;46.5676854108, 0.569115337508;VIENNE
ST REMY AU BOIS;50.3683009566, 1.86914301088;PAS DE CALAIS
FONTENAY LE FLEURY;48.8177984988, 2.04662335413;YVELINES
ANGLEFORT;45.9093715116, 5.79516005674;AIN
BUCEELS;49.1869481935, -0.639612687818;CALVADOS
ST PRIX LES ARNAY;47.1127122088, 4.50442046153;COTE D OR
CRUET;45.5313034202, 6.09302638614;SAVOIE
ARCAY;46.9520341162, 0.00333589547426;VIENNE
DEVILLE;49.8750647112, 4.69366948073;ARDENNES
MOYEN;48.4870728454, 6.58670428264;MEURTHE ET MOSELLE
ST SENIER DE BEUVRON;48.5585224149, -1.32041724737;MANCHE
VALENCISSE;47.5802707156, 1.22561710259;LOIR ET CHER
AINVELLE;47.8479400704, 6.24391333161;HAUTE SAONE
LOURDE;42.9847180635, 0.658660755853;HAUTE GARONNE
CHENEX;46.1028404412, 5.9906719812;HAUTE SAVOIE
ST BRICE;48.5723421342, 3.33441347649;SEINE ET MARNE
REVILLE AUX BOIS;49.3410510097, 5.34124962311;MEUSE
LES ROUSSES;46.4984696055, 6.07006530541;JURA
GRANDVAL;45.5959407776, 3.65123463129;PUY DE DOME
BRINCKHEIM;47.6210927169, 7.45833574797;HAUT RHIN
NEXON;45.6749732411, 1.18567878559;HAUTE VIENNE
LALEVADE D ARDECHE;44.6521200865, 4.31392373316;ARDECHE
MOUTROT;48.6018097016, 5.89684875772;MEURTHE ET MOSELLE
GOUTTIERES;46.0642315277, 2.77508071716;PUY DE DOME
NAZELLES NEGRON;47.432533517, 0.946831274999;INDRE ET LOIR
TOULENNE;44.5644281696, -0.275202743497;GIRONDE
PLAINOISEAU;46.7252404633, 5.55598412633;JURA
MESTES;45.4933738169, 2.31754187362;CORREZE
BOURIGEOLE;42.9855167789, 2.12392685607;AUDE
COMPIEGNE;49.3990601478, 2.85317249363;OISE
ST BRICE DE LANDELLES;48.5412096046, -1.13243584408;MANCHE
SALEON;44.3201551058, 5.77527169353;HAUTES ALPES
TREMEVEN;47.9020408602, -3.52520567711;FINISTERE
VERFEIL;44.1847529793, 1.87464680477;TARN ET GARONNE
VILLEFONTAINE;45.6136289454, 5.15547673355;ISERE
JUMENCOURT;49.5122950231, 3.34939792383;AISNE
URCY;47.2641409242, 4.84612094396;COTE D OR
CRAPONNE;45.7462853462, 4.72672357999;RHONE
MONTCUQ EN QUERCY BLANC;44.335497631, 1.21192283879;LOT
SIGONCE;44.0045227576, 5.85658315569;ALPES DE HAUTE PROVENCE
BLAISE SOUS ARZILLIERES;48.6712256274, 4.58510919023;MARNE
ST PIERRE SUR ERVE;48.0122977006, -0.410540706359;MAYENNE
LANDEBAERON;48.6375635962, -3.20497735412;COTES D ARMOR
CHEVREMONT;47.6278946489, 6.92965534221;TERRITOIRE DE BELFORT
SILLY EN GOUFFERN;48.7516893837, 0.0651597392441;ORNE
ST ROMAN;44.6889512746, 5.42687100416;DROME
CONSAC;45.4182495786, -0.588917528415;CHARENTE MARITIME
MARTOT;49.2780639581, 1.07107069967;EURE
BERD HUIS;48.3500105635, 0.739532399855;ORNE
NEYDENS;46.118085274, 6.10360630627;HAUTE SAVOIE
CALONNE SUR LA LYS;50.6135521823, 2.60895962502;PAS DE CALAIS
MUILLE VILLETTE;49.7250440198, 3.06872712121;SOMME
ST SAUVANT;46.3558019823, 0.0781018772297;VIENNE
ARS LAQUENEXY;49.0873346287, 6.26878430088;MOSELLE
NEUF MARCHE;49.4223226363, 1.69282497893;SEINE MARITIME
ILE MOLENE;48.3954039142, -4.96040618355;FINISTERE
FREGIMONT;44.2767583726, 0.46313362397;LOT ET GARONNE
LASSY;47.9717256935, -1.86370504959;ILE ET VILAINE
BRAINE;49.3484719318, 3.53596629744;AISNE
WANGEN;48.6188684237, 7.46340283895;BAS RHIN
RIGNIEUX LE FRANC;45.9518762734, 5.16936671105;AIN
ENGLOS;50.6262888459, 2.9579931684;NORD
ACHERY;49.6936187791, 3.39735632148;AISNE
NOTRE DAME DE VAULX;44.9909492934, 5.7414042236;ISERE
LES COSTES GOZON;44.0165312389, 2.80008517701;AVEYRON
CHAMBORNAY LES PIN;47.3392690795, 5.91122430181;HAUTE SAONE
JUSCORPS;46.2107424942, -0.377400693805;DEUX SEVRES
VAUX SUR MER;45.6448017664, -1.05853577703;CHARENTE MARITIME
LA CHOMETTE;45.2277308638, 3.46727338521;HAUTE LOIRE
PARIGNY LA ROSE;47.3307435797, 3.45512612247;NIEVRE
ST JULIEN SUR BIBOST;45.800286879, 4.50990648734;RHONE
TALMAS;50.0411880308, 2.34426626176;SOMME
SERGENON;46.9021977763, 5.46665354041;JURA
GAUCHIN VERLOINGT;50.3896471445, 2.31551845708;PAS DE CALAIS
STE MARIE KERQUE;50.8925108938, 2.15129692928;PAS DE CALAIS
CAPVERN;43.1070380886, 0.331958446057;HAUTES PYRENEES
MALESTROIT;47.8076863788, -2.38701072581;MORBIHAN
MORNAY;46.4992237373, 4.38103180018;SAONE ET LOIRE
PONSAN SOUBIRAN;43.3504668886, 0.47895342176;GERS
AUZELLES;45.6068543824, 3.51902613907;PUY DE DOME
LA MARTRE;43.76358635, 6.59269594698;VAR
NOIRLIEU;48.9404596488, 4.8049133911;MARNE
OLIZY PRIMAT;49.3578421825, 4.78297338685;ARDENNES
ST CARADEC;48.1922379278, -2.86751466131;COTES D ARMOR
NORREY EN AUGE;48.9134999987, -0.015141118433;CALVADOS
ST EUSEBE;46.7211446083, 4.45443642854;SAONE ET LOIRE
LA FERTE MILON;49.1759874423, 3.14237641756;AISNE
VILLONCOURT;48.2696270418, 6.51634563394;VOSGES
PERNANT;49.3756522114, 3.23031459047;AISNE
FOUILLOUSE;44.4531851404, 6.00063153146;HAUTES ALPES
HANNAPPES;49.8168662674, 4.23446602627;ARDENNES
FERRALS LES MONTAGNES;43.4188135877, 2.6417753577;HERAULT
LA CELLE;46.770990086, 2.45882023985;CHER
LE CROISIC;47.2922743449, -2.52277844422;LOIRE ATLANTIQUE
VILLARD LEGER;45.501239323, 6.17384945736;SAVOIE
ST JEAN DES OLLIERES;45.6417405578, 3.43719352048;PUY DE DOME
CHAMPVERT;46.8530454461, 3.52326215969;NIEVRE
LA COUTURE;50.5786372651, 2.69951640297;PAS DE CALAIS
LONGUEVILLE;49.3354924873, -0.957303295702;CALVADOS
ST MARTIN DU TERTRE;48.2054577095, 3.24082644551;YONNE
BERCK;50.4141574341, 1.58229663833;PAS DE CALAIS
LABASTIDE VILLEFRANCHE;43.4542845438, -1.03617926766;PYRENEES ATLANTIQUES
ST FARGEAU;47.6424423236, 3.08488500512;YONNE
BASSU;48.833946829, 4.69258148533;MARNE
OLLOIX;45.6226524872, 3.05077529203;PUY DE DOME
BOUGUE;43.9036504711, -0.398154002649;LANDES
VALLERES;47.3068592905, 0.473611615141;INDRE ET LOIR
VALENTON;48.752872402, 2.46129479573;VAL DE MARNE
STE GENEVIEVE;49.7247039611, 4.07368196391;AISNE
VILLESEQUELANDE;43.2329788288, 2.23031885355;AUDE
MONTPON MENESTEROL;45.0196715762, 0.155545015448;DORDOGNE
ROUEDE;43.0564508263, 0.882775908719;HAUTE GARONNE
TOLLEVAST;49.5790245976, -1.60738435371;MANCHE
REGNIOWEZ;49.9257731775, 4.41489817556;ARDENNES
WENTZWILLER;47.5482319467, 7.4737014861;HAUT RHIN
VILLEMOUSTAUSSOU;43.2495624385, 2.36587017807;AUDE
ST FIACRE SUR MAINE;47.1431877393, -1.41565837757;LOIRE ATLANTIQUE
VAISSAC;44.031662491, 1.57065929853;TARN ET GARONNE
TAILLIS;48.1846341773, -1.24010156402;ILE ET VILAINE
COLOMBE LE SEC;48.2556375156, 4.80343883572;AUBE
GOSSELMING;48.7902289684, 6.9850144129;MOSELLE
PUECHABON;43.7250949806, 3.60615436685;HERAULT
CHAMPLAY;47.9466983822, 3.42023668586;YONNE
POTTE;49.7983865709, 2.8997143458;SOMME
LE VAUROUX;49.3812218518, 1.91494553081;OISE
USSON EN FOREZ;45.3918648082, 3.93424665058;LOIRE
BEAUCHAMPS SUR HUILLARD;47.9441060194, 2.45463738927;LOIRET
ETRECHET;46.7926466693, 1.77773981101;INDRE
VOIRON;45.3791720843, 5.58240310671;ISERE
MINERVE;43.3629052396, 2.72160547585;HERAULT
RATENELLE;46.5245517671, 5.00102497581;SAONE ET LOIRE
COMBRESSOL;45.4687976652, 2.16513566417;CORREZE
BONCOURT;49.1725135773, 5.82265705678;MEURTHE ET MOSELLE
BESSEY LES CITEAUX;47.1451368647, 5.14759031997;COTE D OR
LAUGNAC;44.299488439, 0.608669377753;LOT ET GARONNE
MARIGNY LE CHATEL;48.4016409293, 3.72139203898;AUBE
ANCEY;47.3337177684, 4.82268168932;COTE D OR
ROUFFANGE;47.2263565979, 5.70867477091;JURA
ST REMY LES CHEVREUSE;48.703873758, 2.07898924956;YVELINES
MENILLES;49.0388433559, 1.37049652274;EURE
SANSAN;43.5278730462, 0.612788955007;GERS
PONTAULT COMBAULT;48.7871411658, 2.61407436985;SEINE ET MARNE
PAGNY LA BLANCHE COTE;48.5374465111, 5.73922302223;MEUSE
LA NEUVILLE AU PONT;49.1302299148, 4.85184152327;MARNE
EYMOUTIERS;45.710854305, 1.74020017189;HAUTE VIENNE
SANSAC DE MARMIESSE;44.8902213985, 2.34319236958;CANTAL
ST AIGNAN;48.1820807024, -3.04891714742;MORBIHAN
ST JEAN CAP FERRAT;43.687178893, 7.32993632437;ALPES MARITIMES
ST NAZAIRE DE PEZAN;43.6351201941, 4.11706198292;HERAULT
BALLANCOURT SUR ESSONNE;48.521899752, 2.38788025142;ESSONNE
SEGONZAC;45.2767795103, 1.26250500836;CORREZE
BRESLE;49.9903903024, 2.54921483681;SOMME
LYS;47.334846257, 3.59874573794;NIEVRE
TOURNAI SUR DIVE;48.8106770801, 0.0439108281261;ORNE
BOMMES;44.5529791814, -0.344933084862;GIRONDE
JOUILLAT;46.2681750557, 1.93780051823;CREUSE
ST LATTIER;45.0933060303, 5.18523637419;ISERE
SAUVAIN;45.6641357765, 3.86010526625;LOIRE
LAMOTHE CASSEL;44.6123944867, 1.51460026091;LOT
SOUCLIN;45.8781798572, 5.43058627512;AIN
MARCILLE ROBERT;47.9584716788, -1.35356162459;ILE ET VILAINE
ORIN;43.2264680608, -0.675557185765;PYRENEES ATLANTIQUES
PISSOTTE;46.5010870694, -0.808352236192;VENDEE
SEMEAC;43.2246169766, 0.109046031378;HAUTES PYRENEES
CHOURGNAC;45.2344208721, 1.05353436123;DORDOGNE
TAINGY;47.6123914189, 3.40803434271;YONNE
TULLY;50.0820037306, 1.51459597406;SOMME
COURCELLES AU BOIS;50.1053551298, 2.58253392704;SOMME
HESINGUE;47.579283771, 7.51544273738;HAUT RHIN
CHATEAUVIEUX;44.4841748312, 6.05187114632;HAUTES ALPES
GRANDCHAMP LE CHATEAU;49.0843788037, 0.075363026467;CALVADOS
ECUISSES;46.7558604047, 4.52493211411;SAONE ET LOIRE
CUVRY;49.0397448486, 6.16141321465;MOSELLE
AVOT;47.6170677584, 5.00757406973;COTE D OR
AHUN;46.0861690765, 2.02430101436;CREUSE
COUDONS;42.8636835943, 2.11985831912;AUDE
SAUGON;45.185092781, -0.501188471075;GIRONDE
MONTCOURT FROMONVILLE;48.2991784842, 2.71237772012;SEINE ET MARNE
MAZEROLLES;43.8855485291, -0.435459254424;LANDES
CAPPELLE BROUCK;50.8938368005, 2.22204306272;NORD
SAULXURES LES BULGNEVILLE;48.1919857407, 5.81576543656;VOSGES
TONNEVILLE;49.6413751892, -1.71941565604;MANCHE
GY EN SOLOGNE;47.3414775908, 1.59439346887;LOIR ET CHER
PAULHAC;45.0202868074, 2.88735170231;CANTAL
BRIZON;46.0352614624, 6.43415213;HAUTE SAVOIE
BERMERICOURT;49.3653023098, 3.98697258925;MARNE
BERNAC;43.9532150821, 2.02995456926;TARN
GENEBRIERES;44.0012241111, 1.49043175988;TARN ET GARONNE
ORCIERES;44.6840982803, 6.34897527824;HAUTES ALPES
HINSINGEN;48.9511717259, 6.99896336486;BAS RHIN
BYANS SUR DOUBS;47.1129773426, 5.84743903869;DOUBS
VERNEUIL LE CHATEAU;47.0424242806, 0.457350796118;INDRE ET LOIR
RAILLENCOURT STE OLLE;50.1884274141, 3.17806914502;NORD
PLOUGASNOU;48.6775667227, -3.8123079305;FINISTERE
CHEVIGNEY;47.3300952571, 5.58746755741;HAUTE SAONE
AVRILLY;46.332137774, 3.96662161873;ALLIER
DURENQUE;44.10079135, 2.62177074145;AVEYRON
MURAT SUR VEBRE;43.6933887734, 2.86020880416;TARN
MEISTRATZHEIM;48.4525286856, 7.56113902632;BAS RHIN
ST MARTIN DU PUY;47.3309047004, 3.87554072718;NIEVRE
CESSEVILLE;49.1795942946, 0.976416349214;EURE
DAMBACH;49.0093806397, 7.64091899107;BAS RHIN
FEY;49.0296436308, 6.0997498938;MOSELLE
CESCAU;43.4123325253, -0.503690665578;PYRENEES ATLANTIQUES
ST ANDRE D HEBERTOT;49.3032209038, 0.291910061832;CALVADOS
BEAUMONT LA RONCE;47.568810886, 0.67274558764;INDRE ET LOIR
CAILLOUEL CREPIGNY;49.6176055636, 3.12169527347;AISNE
DERNANCOURT;49.9790238036, 2.6233494587;SOMME
ARCANGUES;43.4260778242, -1.51681726621;PYRENEES ATLANTIQUES
HARNES;50.4516887565, 2.90335898213;PAS DE CALAIS
ST JULIEN DE JONZY;46.2465829931, 4.14251158557;SAONE ET LOIRE
SOUGY SUR LOIRE;46.8604832973, 3.40636403321;NIEVRE
CARNOULES;43.2945985061, 6.19667974945;VAR
LA ROQUE GAGEAC;44.8177613658, 1.19861057115;DORDOGNE
PREY;48.9578582818, 1.21917165001;EURE
LEVIGNAC DE GUYENNE;44.6218474674, 0.203943341999;LOT ET GARONNE
HIREL;48.5948348848, -1.80915236052;ILE ET VILAINE
FONT ROMEU ODEILLO VIA;42.513242501, 2.02697700093;PYRENEES ORIENTALES
ST M HERVE;48.1724748255, -1.11096874338;ILE ET VILAINE
ST HIPPOLYTE;42.806945541, 2.97367162246;PYRENEES ORIENTALES
STE GEMME;44.0888853221, 2.19609081106;TARN
AURIAC SUR DROPT;44.6544707799, 0.243508495124;LOT ET GARONNE
SIRADAN;42.9698474653, 0.614553890336;HAUTES PYRENEES
VAUVERT;43.6258468531, 4.30597093294;GARD
REDESSAN;43.8345466774, 4.51298942933;GARD
ETZLING;49.1801213769, 6.95820940486;MOSELLE
TART LE HAUT;47.1958586219, 5.20512336576;COTE D OR
OTTERSWILLER;48.7226898525, 7.37894754782;BAS RHIN
ENVERMEU;49.8982838543, 1.26348988955;SEINE MARITIME
MARESTMONTIERS;49.6824759775, 2.52108959814;SOMME
TROSLY LOIRE;49.5175794818, 3.23167717474;AISNE
AULT;50.0925488309, 1.44717519345;SOMME
MIETESHEIM;48.8761605476, 7.64658563349;BAS RHIN
FLAVY LE MARTEL;49.7047240534, 3.19451403575;AISNE
PASSY EN VALOIS;49.1621618332, 3.18418881622;AISNE
GERMIGNY L EVEQUE;48.9859507813, 2.95833193991;SEINE ET MARNE
BEUREY BAUGUAY;47.2316421588, 4.43039067853;COTE D OR
HOTTVILLER;49.0782664216, 7.35808063345;MOSELLE
MOUZON;45.7954811744, 0.611080409863;CHARENTE
BOUILLAC;44.5734390459, 2.17431868785;AVEYRON
VILLENEUVE LES BORDES;48.4947457361, 3.03085746067;SEINE ET MARNE
ST FRAIMBAULT DE PRIERES;48.3488678421, -0.574505181437;MAYENNE
POULDREUZIC;47.9612717515, -4.36413265082;FINISTERE
HANGARD;49.8336550417, 2.50900070848;SOMME
RIEDISHEIM;47.7396931501, 7.36582056128;HAUT RHIN
BRIE SOUS MATHA;45.8171155217, -0.253480989934;CHARENTE MARITIME
SAI;48.7407667641, 0.0235996359828;ORNE
MOULINET;43.9536991394, 7.41400405447;ALPES MARITIMES
SALLES;44.0752776233, 2.04296724146;TARN
MALAUSE;44.0899884213, 0.971913032435;TARN ET GARONNE
VIVIERS LE GRAS;48.1207853858, 5.93801422421;VOSGES
MARCEY LES GREVES;48.7001007007, -1.38897452773;MANCHE
LAZER;44.3517300661, 5.84995060396;HAUTES ALPES
AUVILLARS;49.1974017349, 0.0757798080926;CALVADOS
SAVY BERLETTE;50.3544160083, 2.55845813427;PAS DE CALAIS
SARROUILLES;43.2315195581, 0.130295390654;HAUTES PYRENEES
CHALANDRY ELAIRE;49.7077474752, 4.75646154251;ARDENNES
BESCAT;43.129651934, -0.423887128976;PYRENEES ATLANTIQUES
BELLON;45.3129742539, 0.116774132043;CHARENTE
CAHUZAC;43.1910457149, 1.8547719586;AUDE
FLEISHEIM;48.791923368, 7.16414660657;MOSELLE
PEROUGES;45.8803945768, 5.17955874977;AIN
CROSEY LE GRAND;47.3472420831, 6.52726297298;DOUBS
LE CORMIER;48.9848531397, 1.29682786078;EURE
VERVINS;49.8351798708, 3.92522602825;AISNE
COYVILLER;48.5853465771, 6.28322914765;MEURTHE ET MOSELLE
ST PAUL EN GATINE;46.6396545543, -0.61720118582;DEUX SEVRES
MOUTIER MALCARD;46.3835305321, 1.95043016159;CREUSE
DRICOURT;49.3935675536, 4.51560795965;ARDENNES
UNAC;42.7587499994, 1.77948818668;ARIEGE
FLEURY DEVANT DOUAUMONT;49.1943927792, 5.433296975;MEUSE
RECQUES SUR HEM;50.8355345504, 2.08017520799;PAS DE CALAIS
DEVAY;46.8052157107, 3.54237937997;NIEVRE
CHAMBLY;49.1718103651, 2.24657019692;OISE
FAUCONCOURT;48.3734058012, 6.53727120074;VOSGES
CAVAN;48.6827644007, -3.35255264768;COTES D ARMOR
ST OUEN DE MIMBRE;48.2913700885, 0.051229134462;SARTHE
CEMPUIS;49.6575445065, 1.98508588361;OISE
ST JULIEN EN BORN;44.0910922901, -1.24835443544;LANDES
ST ANDRE ET APPELLES;44.8105147656, 0.199159623027;GIRONDE
POLLIEU;45.7965373468, 5.74794515549;AIN
POULIACQ;43.5244222238, -0.355722297241;PYRENEES ATLANTIQUES
NOVACELLES;45.4290595333, 3.65737870098;PUY DE DOME
MINGOT;43.3742203643, 0.171415164704;HAUTES PYRENEES
BLAYMONT;44.29466299, 0.859118613428;LOT ET GARONNE
ST JEAN DE FOLLEVILLE;49.505056753, 0.499483150435;SEINE MARITIME
FETIGNY;46.4402403534, 5.60165341688;JURA
ST PIERRE;48.3845643843, 7.46512483546;BAS RHIN
LANTRIAC;44.9893833018, 4.00363662506;HAUTE LOIRE
BUROSSE MENDOUSSE;43.5133919734, -0.209328142304;PYRENEES ATLANTIQUES
SAURAT;42.883738441, 1.50479848751;ARIEGE
MONT ST JEAN;48.2435955785, -0.113254973959;SARTHE
LAUW;47.7620734612, 7.02156776589;HAUT RHIN
VAREN;44.1580435232, 1.88633565997;TARN ET GARONNE
ST GOAZEC;48.1512436347, -3.76561570465;FINISTERE
MERTRUD;48.4253267868, 4.8840209417;HAUTE MARNE
CHALEINS;46.0340545373, 4.79853838574;AIN
AURIAC L EGLISE;45.264190905, 3.12606134453;CANTAL
BOURBACH LE BAS;47.7727515199, 7.05308714247;HAUT RHIN
GRISY SUR SEINE;48.4392463445, 3.31754499195;SEINE ET MARNE
LA BRUFFIERE;47.0148006973, -1.18329758318;VENDEE
SEPX;43.1553410067, 0.83700632268;HAUTE GARONNE
SOUTIERS;46.5893025848, -0.267063023629;DEUX SEVRES
CHEZEAUX;47.8796059313, 5.67169694346;HAUTE MARNE
BRULLEMAIL;48.6595245184, 0.324213865898;ORNE
LA CHAPELLE FORTIN;48.6478574812, 0.862854348715;EURE ET LOIR
ST REMY BLANZY;49.2457583592, 3.30773725902;AISNE
BOURG LE COMTE;46.3102835322, 3.9837558428;SAONE ET LOIRE
TREBAN;46.3993644498, 3.1654172286;ALLIER
BRIE ET ANGONNES;45.1234335157, 5.77865185697;ISERE
CHAMP DU BOULT;48.7900523867, -0.999943525576;CALVADOS
CASTELNAU TURSAN;43.6549167711, -0.403076530172;LANDES
DOSSENHEIM KOCHERSBERG;48.6410930657, 7.57816691199;BAS RHIN
LAMPAUL GUIMILIAU;48.4836867404, -4.04069753915;FINISTERE
SOMMEREUX;49.6749063836, 2.00347221953;OISE
JUMIGNY;49.4083834603, 3.72524669282;AISNE
BELVERNE;47.6271373135, 6.6554261048;HAUTE SAONE
BIZIAT;46.2266794269, 4.94084673168;AIN
DOLUS LE SEC;47.1649485562, 0.890511286523;INDRE ET LOIR
ROSIERES;44.492135712, 4.26203943269;ARDECHE
MONTESQUIEU LAURAGAIS;43.4073286541, 1.62763249857;HAUTE GARONNE
BOISSET;43.4017637442, 2.69024605331;HERAULT
BLAUDEIX;46.2296903027, 2.08515076921;CREUSE
LULLY;46.2927550589, 6.40876638382;HAUTE SAVOIE
BRETENIERE;47.2358783125, 5.10342361177;COTE D OR
GOUEZEC;48.1700681159, -3.97240970472;FINISTERE
ST GENIES BELLEVUE;43.6848850771, 1.48047033439;HAUTE GARONNE
LIGSDORF;47.4667364645, 7.30073437395;HAUT RHIN
ST CASSIEN;45.3609994105, 5.5511979426;ISERE
GUEMAR;48.1941685271, 7.41475007829;HAUT RHIN
LE BOUSQUET D ORB;43.7025373477, 3.15150280873;HERAULT
BRUGES;44.8889469436, -0.600427664273;GIRONDE
LAVAL PRADEL;44.2151183634, 4.0646367548;GARD
PLESTIN LES GREVES;48.6476598998, -3.6197891944;COTES D ARMOR
CHARIX;46.1856344066, 5.6811896084;AIN
BALIRACQ MAUMUSSON;43.5412822794, -0.2496409379;PYRENEES ATLANTIQUES
PORTE DU RIED;48.1164812033, 7.41859914847;HAUT RHIN
ST MAURICE LE VIEIL;47.823467193, 3.3678945863;YONNE
PRUNIERES;44.8174063677, 3.3349356186;LOZERE
POTELIERES;44.2243968087, 4.22738343545;GARD
HOURGES;49.281019544, 3.77065706879;MARNE
PRADINES;45.5113262378, 1.90969127344;CORREZE
ST MAIME DE PEREYROL;45.019275797, 0.654801325879;DORDOGNE
ST MAYEUX;48.2645956467, -3.01553906728;COTES D ARMOR
TARDETS SORHOLUS;43.1284037403, -0.839978372656;PYRENEES ATLANTIQUES
SAVILLY;47.1223537467, 4.27774791948;COTE D OR
LUGARDE;45.2883942354, 2.75838366165;CANTAL
LES SALELLES;44.4365281515, 4.09837976088;ARDECHE
MONTERREIN;47.8834163205, -2.35602682087;MORBIHAN
LANGROLAY SUR RANCE;48.5530223296, -2.01383816063;COTES D ARMOR
BARATIER;44.5049966967, 6.50494218197;HAUTES ALPES
SANVENSA;44.2844997959, 2.04052425454;AVEYRON
LE PERTUIS;45.1022318676, 4.06426000884;HAUTE LOIRE
PEGAIROLLES DE L ESCALETTE;43.8129638311, 3.33457368813;HERAULT
TRIZAC;45.2442328606, 2.5444240314;CANTAL
SAILLAC;45.0401470821, 1.6412703898;CORREZE
PIERREFITTE NESTALAS;42.9622556048, -0.0749478244802;HAUTES PYRENEES
VILLEGATS;45.9908940111, 0.187834729941;CHARENTE
VICQ SUR BREUILH;45.6495648123, 1.39073762507;HAUTE VIENNE
NESLETTE;49.9273386228, 1.66463557857;SOMME
COUERON;47.2309985029, -1.72929002573;LOIRE ATLANTIQUE
VALERGUES;43.67240395, 4.05870783975;HERAULT
ANDAINVILLE;49.8911987998, 1.78468035475;SOMME
SCHAFFHOUSE SUR ZORN;48.7338365703, 7.55662870926;BAS RHIN
BAUDRE;49.0874889577, -1.06982745173;MANCHE
CALVINET;44.7211847531, 2.36192054351;CANTAL
SETE;43.3917705831, 3.64705148296;HERAULT
ST EUSEBE;45.9294639513, 5.96296409626;HAUTE SAVOIE
MONTAGNY STE FELICITE;49.1299636301, 2.74708435457;OISE
MONTROUGE;48.8153032159, 2.31648921432;HAUTS DE SEINE
ST HERVE;48.2737787659, -2.81191749639;COTES D ARMOR
GURY;49.5703401492, 2.80143019037;OISE
ST OMER EN CHAUSSEE;49.5333363606, 2.00249119554;OISE
BIELLE;43.0445386527, -0.467140466364;PYRENEES ATLANTIQUES
OISON;48.1345415806, 1.97598018826;LOIRET
COUTICHES;50.4501366141, 3.19335565357;NORD
SERQUEUX;49.627931643, 1.54524472331;SEINE MARITIME
LOUHANS;46.6351883548, 5.23839292789;SAONE ET LOIRE
BRIE SOUS CHALAIS;45.3203360527, 0.0123563993642;CHARENTE
ST JEAN DE VALERISCLE;44.2344720067, 4.14029617463;GARD
NORDAUSQUES;50.8139376345, 2.08471496754;PAS DE CALAIS
BAZIAN;43.6685826026, 0.317017713446;GERS
MOISSY MOULINOT;47.3274392813, 3.70660052795;NIEVRE
ST SULPICE;46.3209806116, 5.04148389346;AIN
VRECOURT;48.1702434521, 5.70465763455;VOSGES
BELVAL SOUS CHATILLON;49.125456085, 3.85394695704;MARNE
FEROLLES ATTILLY;48.7335952478, 2.63893813128;SEINE ET MARNE
CAHAN;48.8597279145, -0.446109041609;ORNE
SORGES ET LIGUEUX EN PERIGORD;45.2917072354, 0.84997318452;DORDOGNE
ST BENOIT EN DIOIS;44.6553242476, 5.26495865272;DROME
LE BIGNON MIRABEAU;48.1476188103, 2.93466561379;LOIRET
CORMEILLES;49.2517321161, 0.384551732765;EURE
VEROSVRES;46.3956596645, 4.44032061495;SAONE ET LOIRE
FAUILLET;44.4250095732, 0.290885125541;LOT ET GARONNE
L ILE D YEU;46.7093514816, -2.34712702345;VENDEE
VILLERS SUR MEUSE;49.0229531601, 5.40373990843;MEUSE
SAUVETERRE DE GUYENNE;44.7005227855, -0.0766193491952;GIRONDE
BUGNIERES;47.9610345188, 5.08914316906;HAUTE MARNE
DOURDAN;48.5359351532, 1.99430156785;ESSONNE
BRAINS SUR GEE;48.0097032221, -0.0269752604251;SARTHE
ST MICHEL DE VILLADEIX;44.9924485985, 0.731493013563;DORDOGNE
LE TUZAN;44.4493819137, -0.600499889851;GIRONDE
MONTBRON;45.667656871, 0.504316384558;CHARENTE
VERCHAIN MAUGRE;50.2661390084, 3.46320478499;NORD
CHEVIGNY;47.1765613583, 5.47410569211;JURA
LA CHAUSSEE;46.8863544923, 0.110583366084;VIENNE
ERSTEIN;48.4213687934, 7.68523629922;BAS RHIN
MONCE EN SAOSNOIS;48.2731683792, 0.388672784026;SARTHE
CHAMPAGNEY;47.2553049807, 5.89205974379;DOUBS
LA SEYNE SUR MER;43.0880294967, 5.87089841754;VAR
ST MARTIN DE SEIGNANX;43.5323882683, -1.38747903614;LANDES
BARBERAZ;45.5520596872, 5.93925556329;SAVOIE
ST ARROUMEX;43.9917173293, 0.989292206916;TARN ET GARONNE
VENDRENNES;46.8226741756, -1.11650982164;VENDEE
PARGNY SUR SAULX;48.7670730492, 4.8547838716;MARNE
ESSOUVERT;45.9951682951, -0.52001872758;CHARENTE MARITIME
LEFFRINCKOUCKE;51.0479753617, 2.45468596825;NORD
TACONNAY;47.312512267, 3.48949357869;NIEVRE
JUSSY;49.7172050931, 3.23611732777;AISNE
NEUVICQ;45.2543430051, -0.166383193961;CHARENTE MARITIME
ST CHRISTOPHE VALLON;44.4799129535, 2.39660455917;AVEYRON
CAUSSE ET DIEGE;44.5282954974, 2.03482919718;AVEYRON
SASSAY;47.3923085381, 1.44630857754;LOIR ET CHER
HANNAPES;49.9771158104, 3.61442642232;AISNE
BOUVRON;47.4171698448, -1.87739194688;LOIRE ATLANTIQUE
ANCIZAN;42.8993345679, 0.283796847933;HAUTES PYRENEES
ABLAIN ST NAZAIRE;50.3965609084, 2.69725163344;PAS DE CALAIS
PLOUESCAT;48.6657604594, -4.17989213924;FINISTERE
FESTIEUX;49.5252642949, 3.76013631694;AISNE
CONFLANS SUR LANTERNE;47.8103436932, 6.2138139991;HAUTE SAONE
PONT ARCY;49.391846031, 3.62003836186;AISNE
CONNIGIS;49.0359363932, 3.53287282671;AISNE
FONTENELLE MONTBY;47.4482472127, 6.41103507401;DOUBS
ST GUIRAUD;43.6784032786, 3.45134218605;HERAULT
ORGLANDES;49.4240734293, -1.44023948223;MANCHE
STE HELENE SUR ISERE;45.6022927013, 6.32652357893;SAVOIE
PUYRAVAULT;46.3653834101, -1.09115660367;VENDEE
DUISANS;50.3016242398, 2.69606455285;PAS DE CALAIS
HAUVILLE;49.3970508691, 0.766578744404;EURE
GUERIN;44.4120569863, 0.0588990507581;LOT ET GARONNE
TORCHAMP;48.5396080186, -0.674763032313;ORNE
LE PUY EN VELAY;45.0276366659, 3.89535229067;HAUTE LOIRE
BONCOURT;49.0203312992, 1.29712333835;EURE
PEZULS;44.9095112076, 0.805057677324;DORDOGNE
ST PIAT;48.5477876279, 1.57936715019;EURE ET LOIR
MORHANGE;48.9274404434, 6.64219551497;MOSELLE
CHAVANNES;46.8639364325, 2.4016571402;CHER
AUGE;46.2367809239, 2.33256543891;CREUSE
SOMSOIS;48.6060501552, 4.49698542051;MARNE
SILFIAC;48.1449436665, -3.17252446086;MORBIHAN
LES BONDONS;44.3983249079, 3.63428329173;LOZERE
MEZILHAC;44.8068921216, 4.34184721755;ARDECHE
GOUTZ;43.8098232902, 0.732682485482;GERS
LAMOTHE EN BLAISY;48.2364266781, 4.94527289707;HAUTE MARNE
ST MESMIN;45.3466363763, 1.23648515355;DORDOGNE
BRANDERION;47.79176054, -3.19316403763;MORBIHAN
AMBRUMESNIL;49.8584810142, 0.983755211163;SEINE MARITIME
ST LEGER SUR DHEUNE;46.8382241352, 4.64131133343;SAONE ET LOIRE
SIERCK LES BAINS;49.4367246307, 6.35954877529;MOSELLE
REGNY;45.9973316564, 4.21374559587;LOIRE
VILLENAVE D ORNON;44.773185218, -0.558212256384;GIRONDE
COURGEON;48.4792586192, 0.610569927364;ORNE
MANDEREN;49.4535376683, 6.44989622561;MOSELLE
BREVONNES;48.3493701075, 4.40891289591;AUBE
ST MAURICE D ETELAN;49.4585668505, 0.625051868596;SEINE MARITIME
VIBRAC;45.3505626693, -0.340389510498;CHARENTE MARITIME
ST AVIT FRANDAT;43.9833844437, 0.660436983062;GERS
LE PUECH;43.6831429742, 3.32501216649;HERAULT
FEDRY;47.6150426161, 5.87835228178;HAUTE SAONE
VELLEMOZ;47.4766541807, 5.79152233813;HAUTE SAONE
BAIX;44.7063788805, 4.75106497533;ARDECHE
ST ARROMAN;43.4356200407, 0.519787402216;GERS
ST PIERRE DE SALERNE;49.2053766905, 0.667415097582;EURE
MARGENCEL;46.3315818048, 6.42253424763;HAUTE SAVOIE
ST THOMAS EN ARGONNE;49.1912114565, 4.86655912863;MARNE
ROCHETAILLEE SUR SAONE;45.8431049292, 4.83850182261;RHONE
LAIZ;46.2469919709, 4.89933490972;AIN
BARBEVILLE;49.2738503472, -0.75503800867;CALVADOS
MONTOT SUR ROGNON;48.2846391815, 5.29631206011;HAUTE MARNE
LOUAN VILLEGRUIS FONTAINE;48.6145636708, 3.48915109409;SEINE ET MARNE
LUPCOURT;48.6024897309, 6.22121574013;MEURTHE ET MOSELLE
ST MAURICE MONTCOURONNE;48.5789512305, 2.12082584197;ESSONNE
GAP;44.5798600596, 6.06486052138;HAUTES ALPES
ARELAUNE EN SEINE;49.4463462348, 0.753460847099;SEINE MARITIME
MONCEAU ST WAAST;50.1717846537, 3.85726023625;NORD
LES ROCHES L EVEQUE;47.7861085409, 0.88757317848;LOIR ET CHER
INCHY;50.1219699248, 3.47168074868;NORD
ROUSSES;44.1935759156, 3.57352564571;LOZERE
CHAMBON;46.1091600914, -0.845524833213;CHARENTE MARITIME
LUTTER;47.4578548286, 7.37180651285;HAUT RHIN
VILLECOMTAL;44.5432878165, 2.57548637915;AVEYRON
LUGNY;46.4805805718, 4.81912339905;SAONE ET LOIRE
LA HERLIERE;50.1989955706, 2.55855876678;PAS DE CALAIS
RAMBLUZIN ET BENOITE VAUX;48.9907557305, 5.33360643775;MEUSE
AVENSAN;45.005403307, -0.760815427452;GIRONDE
CHOZEAU;45.6995373751, 5.20945121769;ISERE
COULOBRES;43.4507697404, 3.27495989155;HERAULT
BECHERESSE;45.5015198955, 0.0786797939692;CHARENTE
LANTHES;46.9990158896, 5.20408699445;COTE D OR
NUNCQ HAUTECOTE;50.3077191679, 2.28678904322;PAS DE CALAIS
ENSIGNE;46.0810957498, -0.257742300306;DEUX SEVRES
MARANWEZ;49.727693434, 4.34150288978;ARDENNES
DOMMARY BARONCOURT;49.2842744329, 5.7145908679;MEUSE
LA DEMIE;47.5825372147, 6.17113589941;HAUTE SAONE
NELLING;48.9700836423, 6.86518784706;MOSELLE
VOUZAILLES;46.7134181526, 0.0956426803777;VIENNE
ST PIERRE DE BUZET;44.258213795, 0.270170927246;LOT ET GARONNE
LA BACONNIERE;48.1750815634, -0.900384999021;MAYENNE
BEAUMETZ LES CAMBRAI;50.1255965767, 2.98659622521;PAS DE CALAIS
VARISCOURT;49.4148891865, 3.98066282251;AISNE
ST JUSTIN;43.4833069212, 0.148719879658;GERS
ST BONNET DE FOUR;46.314979417, 2.90455342628;ALLIER
BENOUVILLE;49.7173340214, 0.246125602871;SEINE MARITIME
LE CHAUTAY;46.9852189195, 2.9640713443;CHER
VOILLECOMTE;48.5022510829, 4.86259090368;HAUTE MARNE
MEZERAY;47.8295768885, -0.0158831127316;SARTHE
NEULETTE;50.3813194274, 2.16664316221;PAS DE CALAIS
BAUDREIX;43.2056641864, -0.258861524454;PYRENEES ATLANTIQUES
NAILLOUX;43.3652413733, 1.61316756794;HAUTE GARONNE
HERBISSE;48.6151829352, 4.12161191885;AUBE
LA HARENGERE;49.231363184, 1.00114554009;EURE
ST JULIEN;43.5848869061, 2.9022163453;HERAULT
TARNOS;43.5367457997, -1.4653189934;LANDES
MONSAC;44.7795909631, 0.692501614089;DORDOGNE
WALSCHEID;48.6198274157, 7.18861685724;MOSELLE
FAUVILLE;49.0242697215, 1.19907051079;EURE
THIERVILLE SUR MEUSE;49.1721699733, 5.33910478758;MEUSE
EAUCOURT SUR SOMME;50.0682542409, 1.88826877108;SOMME
CHAMPILLON;49.0848248132, 3.97539279568;MARNE
GRACES;48.5450744926, -3.18200897738;COTES D ARMOR
DESAIGNES;44.992108782, 4.50096602027;ARDECHE
VERSEILLES LE BAS;47.7610576364, 5.28486080198;HAUTE MARNE
CLAIRMARAIS;50.7691557578, 2.34273928671;PAS DE CALAIS
CARLUX;44.8869300675, 1.35986365521;DORDOGNE
FESMY LE SART;50.0482154856, 3.69825469199;AISNE
ST SAUVEUR DE PUYNORMAND;44.9957255079, -0.0320379299436;GIRONDE
RECANOZ;46.8075358585, 5.50670929892;JURA
PLOUASNE;48.3117473235, -2.00863040053;COTES D ARMOR
CONDAT SUR TRINCOU;45.3674164886, 0.715843212132;DORDOGNE
MAZE MILON;47.4603950447, -0.284298744303;MAINE ET LOIRE
AFFLEVILLE;49.2639666613, 5.75288845363;MEURTHE ET MOSELLE
MONTGISCARD;43.4551909277, 1.57052406322;HAUTE GARONNE
BURGNAC;45.7402548508, 1.16724967571;HAUTE VIENNE
ST SEBASTIEN DE MORSENT;49.0125501489, 1.07438380244;EURE
GROLEJAC;44.809654235, 1.29264376506;DORDOGNE
BOUGARBER;43.3916441338, -0.469336082949;PYRENEES ATLANTIQUES
BRANDONVILLERS;48.5864193044, 4.56804721582;MARNE
STE JAMME SUR SARTHE;48.138410724, 0.158484582373;SARTHE
ALLOUVILLE BELLEFOSSE;49.5946409573, 0.665436022637;SEINE MARITIME
CHAUMOT;48.0831019146, 3.202617181;YONNE
AUXAIS;49.2154112968, -1.30575313751;MANCHE
GRENEVILLE EN BEAUCE;48.189368971, 2.11144995859;LOIRET
ISSANCOURT ET RUMEL;49.756913062, 4.82778351995;ARDENNES
BAZEILLES SUR OTHAIN;49.5004142337, 5.4263378414;MEUSE
ROHAN;48.0894729078, -2.74289349801;MORBIHAN
RAMMERSMATT;47.7943948271, 7.05982977679;HAUT RHIN
LACAZE;43.7430264431, 2.50920247729;TARN
MESSIMY;45.6988993834, 4.67145765319;RHONE
MARTIGNA;46.3895643174, 5.70098725643;JURA
BABOEUF;49.5820096557, 3.09130594062;OISE
CHALLUY;46.9425745079, 3.14061478033;NIEVRE
VERNOUILLET;48.7197917196, 1.35089721897;EURE ET LOIR
CHEVEUGES;49.6628247903, 4.88904844255;ARDENNES
ERCUIS;49.2335196293, 2.30851412485;OISE
CAMPAGNE LES BOULONNAIS;50.6189686189, 1.99566804739;PAS DE CALAIS
MONTALEMBERT;46.1021234288, 0.170162348938;DEUX SEVRES
CLERLANDE;45.916303528, 3.19013272843;PUY DE DOME
ST SOULAN;43.5085067561, 0.860606290499;GERS
FOURQUEVAUX;43.498117622, 1.62175051569;HAUTE GARONNE
CHAMPAGNAC;45.3633081405, 2.40307399126;CANTAL
USSEL D ALLIER;46.2103626484, 3.18945634007;ALLIER
MOLIERES;44.8119248894, 0.82474050426;DORDOGNE
POMPEY;48.7732074334, 6.11082140462;MEURTHE ET MOSELLE
ST ANDELAIN;47.3106333891, 2.98007868063;NIEVRE
EYGALAYES;44.2211440236, 5.59423968429;DROME
GREZELS;44.4680281643, 1.14965078788;LOT
AUTHUMES;46.8899153529, 5.30758337993;SAONE ET LOIRE
LIGINIAC;45.405035846, 2.32343781175;CORREZE
TREGONNEAU;48.6141977359, -3.16293062562;COTES D ARMOR
BANCA;43.1001307168, -1.37160784191;PYRENEES ATLANTIQUES
VELLE SUR MOSELLE;48.5304708642, 6.28555083892;MEURTHE ET MOSELLE
FOULENAY;46.8608876918, 5.48627803896;JURA
ST SILVAIN BELLEGARDE;45.9661631879, 2.30737772119;CREUSE
LESCURRY;43.3365858689, 0.156615119219;HAUTES PYRENEES
CLERMONT EN ARGONNE;49.1085070366, 5.08060353165;MEUSE
LA GAILLARDE;49.8380148051, 0.864208798219;SEINE MARITIME
BRENNES;47.7980886975, 5.28308639281;HAUTE MARNE
CUMONT;43.8703403158, 0.903369775759;TARN ET GARONNE
MONTIGNE LE BRILLANT;48.013438147, -0.816955445143;MAYENNE
ANGLES SUR L ANGLIN;46.6986976, 0.896253717569;VIENNE
LES SALCES;44.5611463487, 3.13595674342;LOZERE
ROQUEFORT;44.1762971751, 0.557230787746;LOT ET GARONNE
SOUPPES SUR LOING;48.186873445, 2.74753245184;SEINE ET MARNE
ST PIERRE DES CORPS;47.3884488197, 0.738011772072;INDRE ET LOIR
AVEZAN;43.8832251075, 0.801715325498;GERS
SOREL MOUSSEL;48.8293779269, 1.39390446206;EURE ET LOIR
ORSCHWILLER;48.2472141611, 7.35466655979;BAS RHIN
BEVEUGE;47.5598685555, 6.49132432795;HAUTE SAONE
MOUX EN MORVAN;47.1694217154, 4.13049282693;NIEVRE
VITREUX;47.2539408578, 5.67565099235;JURA
ST VIVIEN DE MONSEGUR;44.6162538241, 0.116604904925;GIRONDE
ST SYMPHORIEN DE MARMAGNE;46.8287800978, 4.31825474649;SAONE ET LOIRE
MUHLBACH SUR MUNSTER;48.028840895, 7.07080984321;HAUT RHIN
LAHITTE TOUPIERE;43.4563239551, -0.013870937842;HAUTES PYRENEES
VILLEFRANCHE DE LONCHAT;44.9555044342, 0.0588917910628;DORDOGNE
ORROUY;49.3071238607, 2.85809275109;OISE
LOISY EN BRIE;48.8937645721, 3.89048343145;MARNE
CROIX CHAPEAU;46.1029311754, -0.998866254473;CHARENTE MARITIME
CHANTELOUP;47.9537247439, -1.62469972831;ILE ET VILAINE
CHAUFOUR NOTRE DAME;48.0183975387, 0.0629705204295;SARTHE
ABLON;49.3942506112, 0.286767648584;CALVADOS
ST BRANCHS;47.224480617, 0.75823839932;INDRE ET LOIR
ARGENTON NOTRE DAME;47.7818256101, -0.599209713441;MAYENNE
ASPRIERES;44.555388853, 2.13842661504;AVEYRON
ST JULIEN DE CASSAGNAS;44.2129255988, 4.20424257202;GARD
TACOIGNIERES;48.8331353956, 1.66523067684;YVELINES
TANNIERES;49.2873370949, 3.55040892873;AISNE
ESPIEILH;43.0788602953, 0.240991510549;HAUTES PYRENEES
ST LEGER DU MALZIEU;44.8986893937, 3.31608500848;LOZERE
GROSMAGNY;47.7184568018, 6.88090479563;TERRITOIRE DE BELFORT
BONNECOURT;47.9545453262, 5.48095599257;HAUTE MARNE
PECY;48.6467079831, 3.07507507912;SEINE ET MARNE
REMILLY;49.0067187571, 6.38923213224;MOSELLE
BRAINVILLE SUR MEUSE;48.1751020027, 5.59252512247;HAUTE MARNE
NANCAY;47.3670326924, 2.17549519635;CHER
COURLANDON;49.3163787015, 3.73552622692;MARNE
HUCQUELIERS;50.5684694236, 1.91564949795;PAS DE CALAIS
BUSSIERES ET PRUNS;46.0068491978, 3.23823283226;PUY DE DOME
ANCRETTEVILLE SUR MER;49.7892649687, 0.504203868088;SEINE MARITIME
ECORCEI;48.7192657885, 0.575658478261;ORNE
LES ECRENNES;48.4956746939, 2.8755286018;SEINE ET MARNE
LUTTANGE;49.273930831, 6.29636780272;MOSELLE
LE VIVIER;42.7641929196, 2.44351748783;PYRENEES ORIENTALES
GARROSSE;44.0067597178, -0.944886603255;LANDES
PUYDANIEL;43.3315793441, 1.42275207158;HAUTE GARONNE
ORADOUR;45.9118627713, -0.0373971324151;CHARENTE
ST GERMER DE FLY;49.441635095, 1.7819147282;OISE
HANNONVILLE SOUS LES COTES;49.0325694517, 5.65281948352;MEUSE
CANTELEUX;50.2220372067, 2.31306541614;PAS DE CALAIS
LE MESNIL FUGUET;49.0730545444, 1.11399083502;EURE
NIJON;48.195711108, 5.64311984869;HAUTE MARNE
BIHUCOURT;50.1268891083, 2.80101394028;PAS DE CALAIS
LE MESNIL BENOIST;48.8680866805, -0.981435598529;CALVADOS
LESCHERES SUR LE BLAISERON;48.3371313417, 5.03163673531;HAUTE MARNE
LALOUVESC;45.1156584818, 4.52555631475;ARDECHE
YVERNAUMONT;49.6747132911, 4.66268790823;ARDENNES
DOMQUEUR;50.1135608608, 2.05150566393;SOMME
FONTAINE;45.1930502486, 5.67763066542;ISERE
CELLETTES;45.8643336097, 0.145594673488;CHARENTE
LA VERNAREDE;44.2842521059, 4.00752178813;GARD
VIAS;43.3131142636, 3.39889710362;HERAULT
MAULEVRIER STE GERTRUDE;49.5547380946, 0.708077197955;SEINE MARITIME
ORADOUR SUR VAYRES;45.74094203, 0.879569821515;HAUTE VIENNE
TROUHANS;47.1528128162, 5.27088407904;COTE D OR
BOUILLANCOURT EN SERY;49.9600031644, 1.63026565334;SOMME
DAUMERAY;47.6849357521, -0.362457527472;MAINE ET LOIRE
VEZERONCE CURTIN;45.6543775384, 5.46996277663;ISERE
SARREY;48.0018035882, 5.42481168818;HAUTE MARNE
REGUSSE;43.6676978951, 6.11814572566;VAR
COMPAINS;45.4364463518, 2.92462564486;PUY DE DOME
MAVILLY MANDELOT;47.0605876593, 4.73091558724;COTE D OR
RIEUX EN CAMBRESIS;50.2043374368, 3.35238504979;NORD
NOMEXY;48.307019833, 6.372196304;VOSGES
ST VITTE;46.5392889664, 2.52939957448;CHER
ST MARTIN DE CENILLY;48.977495164, -1.28613865858;MANCHE
NEUVES MAISONS;48.6147598668, 6.10912661259;MEURTHE ET MOSELLE
AUBOUE;49.2112474141, 5.97509767363;MEURTHE ET MOSELLE
CHAMPROND EN GATINE;48.3959360565, 1.07458299345;EURE ET LOIR
MONNERVILLE;48.3475778316, 2.03756140392;ESSONNE
HUSSIGNY GODBRANGE;49.4955216164, 5.85614525592;MEURTHE ET MOSELLE
SENARPONT;49.8914351461, 1.71834605369;SOMME
MONESTIER DE CLERMONT;44.9212938968, 5.63637364417;ISERE
BOSSANCOURT;48.2832853612, 4.61146739237;AUBE
CHATEAUVIEUX LES FOSSES;47.0577014117, 6.20017409479;DOUBS
MAURS;44.7119433423, 2.17308591391;CANTAL
AUVERS LE HAMON;47.903917058, -0.345078374369;SARTHE
UNZENT;43.1713840996, 1.53294419243;ARIEGE
SAVOURNON;44.4240775993, 5.79927741464;HAUTES ALPES
LA FORET STE CROIX;48.3840802182, 2.23053467052;ESSONNE
NOYAREY;45.2413524185, 5.61932305431;ISERE
MESNIL ST GEORGES;49.6408491861, 2.52473977489;SOMME
ST GILLES DE LA NEUVILLE;49.5728995947, 0.370560315612;SEINE MARITIME
PUY ST GULMIER;45.7949000316, 2.62744439303;PUY DE DOME
MUSSY SOUS DUN;46.2370094184, 4.33413361908;SAONE ET LOIRE
SARCUS;49.6808539591, 1.87577061583;OISE
CLAVEYSON;45.1726420303, 4.93358199655;DROME
ST CHAFFREY;44.9346479572, 6.60139023926;HAUTES ALPES
MONTJAVOULT;49.2167501643, 1.79301456897;OISE
CAPOULET ET JUNAC;42.7919607747, 1.57570997337;ARIEGE
CLARAC;43.1137180327, 0.6161886319;HAUTE GARONNE
HAUTOT SUR SEINE;49.3628946532, 0.977680878823;SEINE MARITIME
LE BREVEDENT;49.2269826384, 0.293881828632;CALVADOS
ST JULIEN LE ROUX;44.8675203578, 4.67592482949;ARDECHE
SAIGNEVILLE;50.1393465326, 1.71615502696;SOMME
LAMANCINE;48.2111993531, 5.11560659049;HAUTE MARNE
BOURGBARRE;47.988587599, -1.62222742311;ILE ET VILAINE
VALRAS PLAGE;43.2476112282, 3.28929431362;HERAULT
ROUCY;49.3745878159, 3.82024502091;AISNE
MILLAC;46.1948553644, 0.705514594963;VIENNE
ST JUST MALMONT;45.3464620965, 4.32210479945;HAUTE LOIRE
ATTON;48.892928495, 6.11100019961;MEURTHE ET MOSELLE
ESQUIULE;43.1855622152, -0.724360816506;PYRENEES ATLANTIQUES
ST MAIXANT;44.5770246409, -0.246142662745;GIRONDE
CARNOET;48.3597303691, -3.53248136925;COTES D ARMOR
MERLIEUX ET FOUQUEROLLES;49.5137172169, 3.49932983224;AISNE
BOISSET ET GAUJAC;44.0479381794, 4.02713622056;GARD
IGNY COMBLIZY;49.0071354293, 3.7152217773;MARNE
LOCQUELTAS;47.7645245564, -2.75837514675;MORBIHAN
VILLEGOUGE;44.9726067996, -0.312917809378;GIRONDE
ST LAURENT DE CUVES;48.7494442333, -1.11520234761;MANCHE
VIRE NORMANDIE;48.8512498219, -0.889601911342;CALVADOS
RUMILLY;45.8555126651, 5.94075287432;HAUTE SAVOIE
BATTENANS LES MINES;47.4052335763, 6.27229432169;DOUBS
CHANOY;47.9206283856, 5.28430781755;HAUTE MARNE
ST PIERRE LAFEUILLE;44.5174745884, 1.45454544343;LOT
AFFIEUX;45.5079626044, 1.76751292983;CORREZE
ST BRICE COURCELLES;49.2700930638, 3.98965296971;MARNE
ETUEFFONT;47.7254670433, 6.91517824444;TERRITOIRE DE BELFORT
PAISY COSDON;48.2147753548, 3.69896514252;AUBE
MONS;46.0004480585, 3.42241354762;PUY DE DOME
ENS;42.7969837017, 0.334770180996;HAUTES PYRENEES
CHATEAUNEUF VAL DE BARGIS;47.2837806445, 3.21656972159;NIEVRE
LORIENT;47.7500486947, -3.37823200917;MORBIHAN
VAL DE VESLE;49.1844475204, 4.22804448988;MARNE
QUINCY VOISINS;48.8993902334, 2.87746538082;SEINE ET MARNE
GUESNAIN;50.3483461671, 3.14816711364;NORD
ST SEBASTIEN DE RAIDS;49.1953005849, -1.37598924689;MANCHE
VAUCHOUX;47.6579709662, 6.03308496328;HAUTE SAONE
MARZY;46.9838677741, 3.0926104206;NIEVRE
HARCOURT;49.1659154983, 0.776027385524;EURE
GLATIGNY;49.1419722137, 6.34765231325;MOSELLE
MIRADOUX;43.9947437393, 0.758879620932;GERS
MALZEVILLE;48.7218421978, 6.18996136017;MEURTHE ET MOSELLE
BOBITAL;48.4144897659, -2.09704568121;COTES D ARMOR
COURCEMAIN;48.6183477857, 3.93310900792;MARNE
NEZEL;48.9422397324, 1.83927892943;YVELINES
LA COLLE SUR LOUP;43.6871701387, 7.09773643833;ALPES MARITIMES
STE EULALIE DE CERNON;43.960884427, 3.13884690066;AVEYRON
ORGNAC L AVEN;44.3101002443, 4.42369715287;ARDECHE
MAZIRAT;46.2185045574, 2.55398563;ALLIER
MARQUEGLISE;49.5158815481, 2.7484137141;OISE
AUTRECOURT SUR AIRE;49.031056488, 5.13983417646;MEUSE
ROUVRAY ST DENIS;48.2770955308, 1.94270719107;EURE ET LOIR
PUESSANS;47.434521432, 6.32409895511;DOUBS
VILLENOY;48.9414484528, 2.85149852192;SEINE ET MARNE
SEMMADON;47.7396556417, 5.8813057187;HAUTE SAONE
BELLEAU;48.8487345093, 6.18702961708;MEURTHE ET MOSELLE
BERVILLE SUR SEINE;49.4743258716, 0.894809841877;SEINE MARITIME
FLAVIGNY;46.9616811492, 2.80011813798;CHER
FONTENAY LE VICOMTE;48.5468386132, 2.40068041051;ESSONNE
DROUVIN LE MARAIS;50.4892270417, 2.63277217205;PAS DE CALAIS
PAULNAY;46.8615135571, 1.14964344922;INDRE
ARLOS;42.874241036, 0.695211627437;HAUTE GARONNE
HEITEREN;47.9616184488, 7.54628533058;HAUT RHIN
CHAUM;42.9406957068, 0.66516191816;HAUTE GARONNE
EPINAC;46.9908631777, 4.51976953086;SAONE ET LOIRE
DEMOUVILLE;49.1778085857, -0.263135480926;CALVADOS
COURCELLES;48.3691022452, 6.03113443127;MEURTHE ET MOSELLE
SIMACOURBE;43.4470512005, -0.167424687354;PYRENEES ATLANTIQUES
RUFFIGNE;47.764464663, -1.52121555918;LOIRE ATLANTIQUE
SERS;45.5853962792, 0.318693870271;CHARENTE
BAUDINARD SUR VERDON;43.7138038426, 6.13352757623;VAR
GRUGNY;49.6181524638, 1.10616826798;SEINE MARITIME
CANNESSIERES;49.9357156714, 1.76566722724;SOMME
BEAUCLAIR;49.451925219, 5.11758186646;MEUSE
FEIGNEUX;49.2609818537, 2.91459037295;OISE
OURDON;43.0322561805, -0.0135097211174;HAUTES PYRENEES
ARIES ESPENAN;43.2757729573, 0.53011685665;HAUTES PYRENEES
DEZIZE LES MARANGES;46.9232421366, 4.6596290959;SAONE ET LOIRE
CASTRES GIRONDE;44.6858784947, -0.455026609065;GIRONDE
ST GEORGES EN COUZAN;45.7069401539, 3.930271238;LOIRE
STE AURENCE CAZAUX;43.371037849, 0.428715124753;GERS
CHAVANNES SUR REYSSOUZE;46.4379785193, 5.00693749662;AIN
CAUNETTES EN VAL;43.0641782017, 2.56293845393;AUDE
BELVAL;48.4086416787, 7.07490269655;VOSGES
DOMBLANS;46.7623690449, 5.59000211082;JURA
LES SALLES DE CASTILLON;44.9144882685, 0.0055966007677;GIRONDE
MONTESTRUC SUR GERS;43.7935827191, 0.627663665443;GERS
LUCAY LE LIBRE;47.0943523888, 1.91685079999;INDRE
VELLEROT LES BELVOIR;47.3476484278, 6.590540119;DOUBS
DETRIER;45.4463545043, 6.09897767775;SAVOIE
ST POLGUES;45.909623488, 3.981388774;LOIRE
LE VERNOIS;46.7320324635, 5.59406809872;JURA
EGLISE NEUVE D ISSAC;44.9811034103, 0.427826698139;DORDOGNE
L AIGUILLON;42.9097070011, 1.90052351136;ARIEGE
CHITRY;47.7680417771, 3.70036125317;YONNE
PRISCHES;50.0779109986, 3.75922395806;NORD
INVAL BOIRON;49.8812998293, 1.74688104209;SOMME
LONGMESNIL;49.6229643465, 1.6127583113;SEINE MARITIME
BROUSSEVAL;48.4911221703, 4.97724506546;HAUTE MARNE
ST YAGUEN;43.9021086709, -0.742102443672;LANDES
VILLERS LES CAGNICOURT;50.2253150593, 3.01039978275;PAS DE CALAIS
DANNEMOINE;47.8990371208, 3.98088333105;YONNE
SAINS EN GOHELLE;50.4509698572, 2.68385518781;PAS DE CALAIS
COULOISY;49.4005386894, 3.02837690735;OISE
SAVIGNY LES BEAUNE;47.0806321437, 4.80342918013;COTE D OR
ALBY SUR CHERAN;45.8156435779, 6.01581486858;HAUTE SAVOIE
SIGNY SIGNETS;48.9173760452, 3.06397097105;SEINE ET MARNE
TILLY;46.4050751872, 1.21140507428;INDRE
VINCELLES;46.6645202679, 5.22488404549;SAONE ET LOIRE
CARSAC DE GURSON;44.9404735859, 0.0946785961046;DORDOGNE
VILLE LE MARCLET;50.0398514949, 2.09051285594;SOMME
SANCE;46.339587047, 4.83540535119;SAONE ET LOIRE
ST MARDS EN OTHE;48.1634046099, 3.78937817149;AUBE
ST AGNET;43.605692176, -0.271537689033;LANDES
BORCE;42.8583801271, -0.587747470754;PYRENEES ATLANTIQUES
VILLEPAIL;48.4031461586, -0.264153409415;MAYENNE
CUVAT;45.9769889587, 6.10863397469;HAUTE SAVOIE
ARRAS SUR RHONE;45.1436776654, 4.8036312124;ARDECHE
LAGNY SUR MARNE;48.8730701858, 2.70978081313;SEINE ET MARNE
DURANVILLE;49.1429973941, 0.499704273238;EURE
ARBOUCAVE;43.6059261585, -0.44174435794;LANDES
ARRANCY;49.4989016398, 3.7647230005;AISNE
RANCOURT;48.2200072778, 6.10969836772;VOSGES
ST JEOIRE PRIEURE;45.5330568499, 5.9893051936;SAVOIE
MAILHOC;44.00390722, 2.07332780966;TARN
LOUEUSE;49.593084675, 1.8304724622;OISE
LEDAT;44.4466584765, 0.667402522354;LOT ET GARONNE
LA MEYZE;45.6078683969, 1.19432359478;HAUTE VIENNE
VIVIERS;48.8939817383, 6.43988945822;MOSELLE
ST NICOLAS DES BOIS;48.5061778998, 0.0266355295781;ORNE
BEUVRON EN AUGE;49.1960004062, -0.042455878979;CALVADOS
LAILLE;47.9672360017, -1.71452676529;ILE ET VILAINE
THELONNE;49.6482212901, 4.94566360048;ARDENNES
MONT ST MARTIN;49.2747967442, 3.64275042996;AISNE
GOUSSE;43.7741412631, -0.909077594702;LANDES
BIZONNES;45.4468823262, 5.37901659647;ISERE
MONTFORT;47.0588588225, 5.9008979533;DOUBS
CASCASTEL DES CORBIERES;42.9806877582, 2.74761489893;AUDE
FOSSEMANANT;49.8021156407, 2.1900941827;SOMME
NEUNKIRCHEN LES BOUZONVILLE;49.3498409296, 6.56078600065;MOSELLE
COULOMMES;48.8919104938, 2.92942534432;SEINE ET MARNE
BLOT L EGLISE;46.0337566478, 2.95773350422;PUY DE DOME
SCHOPPERTEN;48.9475398723, 7.05381254412;BAS RHIN
BALLAN MIRE;47.3367884418, 0.601376208725;INDRE ET LOIR
MONCY;48.8332257317, -0.674553210815;ORNE
COULLEMONT;50.218441414, 2.48202998649;PAS DE CALAIS
ST MERY;48.570308165, 2.83791524459;SEINE ET MARNE
VODABLE;45.5041326781, 3.13460645088;PUY DE DOME
GAGNIERES;44.315356746, 4.12257109543;GARD
MADEGNEY;48.2854598939, 6.28777865457;VOSGES
CROIXDALLE;49.8027328398, 1.36923442163;SEINE MARITIME
SAILLY LEZ LANNOY;50.6460432884, 3.22762243791;NORD
FROHEN SUR AUTHIE;50.2020618045, 2.20851468779;SOMME
BRIOSNE LES SABLES;48.1746234769, 0.392861782624;SARTHE
AUVERNAUX;48.5291181496, 2.4879155112;ESSONNE
ST LAURENT DES VIGNES;44.823708986, 0.445904004567;DORDOGNE
ST JUIRE CHAMPGILLON;46.5882648491, -1.00959676911;VENDEE
REUMONT;50.0851954003, 3.47837512553;NORD
LANGON;47.3082253246, 1.83872499965;LOIR ET CHER
MAYRES;44.6646143476, 4.10092674787;ARDECHE
AUROS;44.5076532706, -0.163740689311;GIRONDE
HEUDICOURT;50.0270418566, 3.09022844642;SOMME
ST JEAN DE MARUEJOLS ET AVEJAN;44.2671009093, 4.30048021617;GARD
MARGNY;49.6171394298, 5.36137071894;ARDENNES
FRONTENEX;45.6328915156, 6.31143524397;SAVOIE
CHATEL GERARD;47.6281248856, 4.10542157906;YONNE
LALHEUE;46.650155549, 4.79257635293;SAONE ET LOIRE
MARTROIS;47.3068577261, 4.54607714165;COTE D OR
CHALAIS;45.2739548684, 0.0385508867289;CHARENTE
COETLOGON;48.1328534354, -2.54349043634;COTES D ARMOR
ST JEAN D HEURS;45.8149832501, 3.44648739262;PUY DE DOME
RECOLOGNE LES RIOZ;47.4687979671, 5.98297924025;HAUTE SAONE
IVILLE;49.17694671, 0.926307699955;EURE
MOLLEGES;43.8053410404, 4.9488694514;BOUCHES DU RHONE
HINDLINGEN;47.5703946445, 7.14196837188;HAUT RHIN
POURSAC;45.9617677073, 0.265403568791;CHARENTE
TOURTERON;49.5406354028, 4.64242519656;ARDENNES
ST PIERRE;46.5683636515, 5.90301429491;JURA
FARGUES ST HILAIRE;44.819815277, -0.439992385579;GIRONDE
SENONES;48.4067567692, 6.9636413109;VOSGES
NOYERS;47.9091167277, 2.53634979888;LOIRET
KOGENHEIM;48.331885522, 7.53140383573;BAS RHIN
FONTENOIS LA VILLE;47.9384558945, 6.17553487571;HAUTE SAONE
MOIRE;45.9262357159, 4.60176770404;RHONE
SANSAIS;46.290244918, -0.594225936069;DEUX SEVRES
DESERTINES;48.4739929091, -0.875711222537;MAYENNE
CHEVAL BLANC;43.7886782282, 5.12410732071;VAUCLUSE
ST SAUVEUR DE GINESTOUX;44.7018049753, 3.61535812137;LOZERE
LES FERRES;43.8424232733, 7.09342755196;ALPES MARITIMES
LES MAZURES;49.8968391326, 4.63190460974;ARDENNES
BAYE;47.8554611987, -3.61273705722;FINISTERE
ST GERMAIN LA CAMPAGNE;49.0522921876, 0.412852228157;EURE
BETTIGNIES;50.3323628525, 3.9686190609;NORD
WAGNON;49.6470472996, 4.44569183886;ARDENNES
COUFLENS;42.7531759671, 1.18280630585;ARIEGE
EPRON;49.2200299835, -0.364587830546;CALVADOS
ST JUST;46.1929758576, 5.28494181398;AIN
CASTETPUGON;43.5630952267, -0.227861123127;PYRENEES ATLANTIQUES
COUCY;49.5095800024, 4.46207840046;ARDENNES
AUTIGNY;49.7958346368, 0.854290024951;SEINE MARITIME
RICHEBOURG;50.5790087378, 2.74726959895;PAS DE CALAIS
LOUVERSEY;48.9910763969, 0.916140545325;EURE
ST MANVIEU NORREY;49.1866187514, -0.500649105973;CALVADOS
DANCY;48.1527632149, 1.46203314181;EURE ET LOIR
LAUROUX;43.7915234446, 3.27831492551;HERAULT
MAHERU;48.6654929816, 0.43898779821;ORNE
GALGON;44.9904736061, -0.276833438691;GIRONDE
VIMY;50.3776460123, 2.81116855896;PAS DE CALAIS
BRAINS;47.1701591492, -1.72606479691;LOIRE ATLANTIQUE
VERNIOLLE;43.0809118963, 1.6610092477;ARIEGE
PUBLIER;46.3896985259, 6.54164965422;HAUTE SAVOIE
BUSIGNY;50.0375979868, 3.46602965443;NORD
GRANGES SUR LOT;44.3674227861, 0.470227995175;LOT ET GARONNE
ORMOY LES SEXFONTAINES;48.2263305102, 5.05911873488;HAUTE MARNE
ST GERMAIN BEAUPRE;46.3160359158, 1.55742406465;CREUSE
BAYONNE;43.4922254016, -1.46607674358;PYRENEES ATLANTIQUES
LARCAT;42.7686691724, 1.64646916937;ARIEGE
THIBIE;48.9177321416, 4.21025087752;MARNE
CHOMELIX;45.2590104905, 3.82139785966;HAUTE LOIRE
HERMANVILLE;49.820591572, 0.987318293515;SEINE MARITIME
REZENTIERES;45.1342001841, 3.10566449995;CANTAL
LE CROTOY;50.2439123347, 1.62316246487;SOMME
BEUGNEUX;49.2275759309, 3.41647403702;AISNE
SEMELAY;46.8611632045, 3.86209285887;NIEVRE
MARIGNY;46.67956984, 5.77875923329;JURA
BEAUVAIS SUR MATHA;45.8934079411, -0.179132842333;CHARENTE MARITIME
CHARGE;47.431662181, 1.04123088283;INDRE ET LOIR
ST SAUVEUR GOUVERNET;44.3303880901, 5.37614176075;DROME
JEANTES;49.8127276252, 4.06715502895;AISNE
LIEUVILLERS;49.4742826717, 2.48980639031;OISE
GOMMEGNIES;50.2650047987, 3.70836085584;NORD
VERNOIS LES BELVOIR;47.3215864263, 6.64047635728;DOUBS
BOREST;49.1886146842, 2.67197292503;OISE
LAVINCOURT;48.6573246186, 5.14765738477;MEUSE
BEZ ET ESPARON;43.9789082922, 3.5343559846;GARD
UXEM;51.0239750832, 2.49246889837;NORD
ATTRICOURT;47.487861891, 5.41120963466;HAUTE SAONE
LUYNES;47.4114770179, 0.542304378191;INDRE ET LOIR
DOUVAINE;46.3063459721, 6.29894207485;HAUTE SAVOIE
SALLES SUR GARONNE;43.2764220901, 1.17237669844;HAUTE GARONNE
LA ROQUEBRUSSANNE;43.3371906607, 5.9839377705;VAR
ST LAURENT LES TOURS;44.8817459131, 1.90434395957;LOT
ST COME ET MARUEJOLS;43.8311717606, 4.18822528852;GARD
ST BONNET SUR GIRONDE;45.3405019965, -0.644960130156;CHARENTE MARITIME
PRIGNAC;45.8325260204, -0.347339600431;CHARENTE MARITIME
BRECY;47.1299888038, 2.63016565896;CHER
SAIGNES;45.3309843638, 2.48182368898;CANTAL
ELBEUF SUR ANDELLE;49.4777269045, 1.38078318171;SEINE MARITIME
VILLEBOIS LES PINS;44.3195776951, 5.59771630114;DROME
LENS LESTANG;45.2960581981, 5.04115943203;DROME
MAILHOLAS;43.2454899283, 1.25132543337;HAUTE GARONNE
DENEUILLE LES CHANTELLE;46.252932184, 3.1458559831;ALLIER
ROUGEMONT;47.670003344, 4.25730473718;COTE D OR
FROSSAY;47.2455073631, -1.93405826107;LOIRE ATLANTIQUE
PARIS 17;48.8873371665, 2.30748555949;PARIS
ST PRIVAT LA MONTAGNE;49.1857329152, 6.04088915822;MOSELLE
CUBZAC LES PONTS;44.9696352985, -0.446132776747;GIRONDE
LA CERLANGUE;49.4885084321, 0.415722968132;SEINE MARITIME
NANTILLY;47.4579304083, 5.52873315252;HAUTE SAONE
ST AUBIN DU CORMIER;48.2585499654, -1.42136462406;ILE ET VILAINE
GOURNAY SUR MARNE;48.8605817902, 2.57543313796;SEINE SAINT DENIS
POYOLS;44.5978410842, 5.41795435334;DROME
NANDAX;46.0988370504, 4.1699750449;LOIRE
ARVIEUX;44.7638980345, 6.72230859416;HAUTES ALPES
HESDIGNEUL LES BOULOGNE;50.6523596946, 1.67768618773;PAS DE CALAIS
COUILLY PONT AUX DAMES;48.8816698375, 2.86534000286;SEINE ET MARNE
ST CHRISTOPHE EN BAZELLE;47.1875900989, 1.71219457331;INDRE
LANDOGNE;45.8826859815, 2.64886685468;PUY DE DOME
ST PRANCHER;48.3455799739, 5.94859855562;VOSGES
AUGIGNAC;45.5838223647, 0.702320065534;DORDOGNE
BAYONVILLE SUR MAD;49.0159045252, 5.99755026725;MEURTHE ET MOSELLE
SARDY LES EPIRY;47.1956477659, 3.68999413618;NIEVRE
PEZOU;47.8682993601, 1.14633634068;LOIR ET CHER
ST DIDIER DES BOIS;49.2421475882, 1.03799697166;EURE
MARANGE ZONDRANGE;49.1161517101, 6.52943965948;MOSELLE
MERRI;48.8496427055, -0.0480442687765;ORNE
LA MOTTE D AVEILLANS;44.9538042858, 5.74061628368;ISERE
LA CHAUX;46.8226144674, 5.27235831208;SAONE ET LOIRE
ST DIDIER;44.0092549793, 5.10865247521;VAUCLUSE
CHARENCEY;47.4202471522, 4.67046145441;COTE D OR
ST MARTIN D ECUBLEI;48.7949779285, 0.669166067882;ORNE
BAUQUAY;49.0338854492, -0.620210148364;CALVADOS
ST APOLLINAIRE DE RIAS;44.9204690722, 4.59052402464;ARDECHE
L ECAILLE;49.4095997981, 4.20955430997;ARDENNES
VIX;46.3543018169, -0.856628326667;VENDEE
ST GERMAIN LAVAL;45.8308448728, 4.01988837409;LOIRE
ERCHIN;50.3168262116, 3.17348026694;NORD
AUTRANS MEAUDRE EN VERCORS;45.1321769623, 5.52869303726;ISERE
BREBOTTE;47.5785857282, 6.97299379772;TERRITOIRE DE BELFORT
SADEILLAN;43.3960094567, 0.343407720125;GERS
VIELLE AURE;42.8492746267, 0.208155528446;HAUTES PYRENEES
LALANDE DE POMEROL;44.9568056428, -0.206253133932;GIRONDE
LONNES;45.9391793197, 0.181439974512;CHARENTE
GOURGEON;47.71794344, 5.84745299803;HAUTE SAONE
BUSSIERES;47.3440809004, 5.98460824617;HAUTE SAONE
SATILLIEU;45.1414705974, 4.58761138968;ARDECHE
LOCMELAR;48.450277854, -4.05818755102;FINISTERE
CUFFY;46.9693684862, 3.03803252226;CHER
OMEX;43.0803152897, -0.0935460346356;HAUTES PYRENEES
VALDAHON;47.1633469819, 6.33226254465;DOUBS
SEPVRET;46.2902433415, -0.0945812252792;DEUX SEVRES
MITTAINVILLE;48.6632271873, 1.63564999259;YVELINES
NEEWILLER PRES LAUTERBOURG;48.9516989257, 8.11931601006;BAS RHIN
DAVAYAT;45.9471124393, 3.11541506144;PUY DE DOME
BRASSY;47.2637724452, 3.93404612826;NIEVRE
TARSAC;43.667823646, -0.112497815463;GERS
NOZAY;47.5728858483, -1.60097664616;LOIRE ATLANTIQUE
ST FRONT;44.9731979795, 4.13915382699;HAUTE LOIRE
BOEN SUR LIGNON;45.7506601362, 4.00890511945;LOIRE
OSSES;43.242011308, -1.27505154323;PYRENEES ATLANTIQUES
BURELLES;49.7687046874, 3.91196369709;AISNE
KERBORS;48.8236353401, -3.1817520424;COTES D ARMOR
ST MARTIAL D ARTENSET;45.0016039267, 0.217039600164;DORDOGNE
COEUVRES ET VALSERY;49.3295432232, 3.15290453511;AISNE
SAULX LE DUC;47.5504780732, 5.02209606556;COTE D OR
ST COUTANT;45.9946101351, 0.465813321452;CHARENTE
BOUCAGNERES;43.5618344681, 0.620002433688;GERS
VEREL PRAGONDRAN;45.6213269536, 5.95297759397;SAVOIE
ST CLEMENT DES BALEINES;46.2363966414, -1.53823691013;CHARENTE MARITIME
LAIRES;50.5378767018, 2.25617757034;PAS DE CALAIS
LA GRAVELLE;48.0812094944, -1.0243127895;MAYENNE
MANHAC;44.2605706406, 2.4781869588;AVEYRON
CHANEAC;44.9300424452, 4.30692688194;ARDECHE
LAFITOLE;43.4493703401, 0.0766668449898;HAUTES PYRENEES
CHANTESSE;45.2459657752, 5.44704031612;ISERE
BEAUNE LA ROLANDE;48.0745543416, 2.42978796262;LOIRET
BARTENHEIM;47.6362849044, 7.4885344409;HAUT RHIN
BEAUMONT;44.5426503498, 4.17181045381;ARDECHE
ARGENCES;49.1339723471, -0.158515066328;CALVADOS
HAUTION;49.8721128525, 3.82719888249;AISNE
SOUILLY;49.0289891196, 5.2999397258;MEUSE
PFALZWEYER;48.8087234106, 7.25966087365;BAS RHIN
PRUNAY SUR ESSONNE;48.3520662513, 2.36130827572;ESSONNE
ST FLORENT SUR AUZONNET;44.2374003099, 4.1069464512;GARD
UZELLE;47.4657206904, 6.44232255032;DOUBS
ST BONNET BRIANCE;45.7152554102, 1.48470710425;HAUTE VIENNE
CASTERA LANUSSE;43.1721431119, 0.291846368196;HAUTES PYRENEES
SERCHES;49.3320664098, 3.44951495068;AISNE
PASSAIS VILLAGES;48.5142650643, -0.759546926567;ORNE
ST BRICE;45.6902103203, -0.264553424103;CHARENTE
POUILLY SUR SAONE;47.0111994809, 5.12146704894;COTE D OR
BARRY D ISLEMADE;44.0727114625, 1.25300673075;TARN ET GARONNE
DOMPTAIL;48.4448145819, 6.61620921538;VOSGES
ST OUEN DE THOUBERVILLE;49.3490825032, 0.895681824857;EURE
ST PIERRE DE LAMPS;46.9680272917, 1.51403453465;INDRE
ST MARTIN DE L IF;49.5651631452, 0.833069408864;SEINE MARITIME
PEROUSE;47.6363380208, 6.89414319751;TERRITOIRE DE BELFORT
UZECH;44.5932890914, 1.38558218639;LOT
ST YZAN DE SOUDIAC;45.1520899174, -0.405167820724;GIRONDE
LEURVILLE;48.3369321376, 5.3802826598;HAUTE MARNE
PUISEUX EN RETZ;49.2925861417, 3.13448879571;AISNE
FONS;44.6597558601, 1.9530741182;LOT
VILLERS VICOMTE;49.6423565019, 2.22866493678;OISE
VILLE SUR COUSANCES;49.0788332374, 5.17822742167;MEUSE
TUFFALUN;47.2573828474, -0.337427788842;MAINE ET LOIRE
MERIGNAC;45.6959537144, -0.0708885459324;CHARENTE
LONDINIERES;49.8411738829, 1.39635078372;SEINE MARITIME
CHARBONNIERES;46.3887744081, 4.83162031903;SAONE ET LOIRE
CHASSERADES;44.5519524888, 3.82030750728;LOZERE
MANSES;43.1073463894, 1.8140686681;ARIEGE
ST SAMSON;49.1904929759, -0.15245429219;CALVADOS
ST PIERRE DU MONT;49.3811236375, -0.975198693862;CALVADOS
ANCERVILLE;49.032956145, 6.39803240304;MOSELLE
MARNES;46.8531541226, -0.0177888678649;DEUX SEVRES
TOUCY;47.7335607719, 3.29372849002;YONNE
MIALET;44.1249777837, 3.93832235648;GARD
CUBRY;47.4984298197, 6.42360175883;DOUBS
ASNIERES EN MONTAGNE;47.7130312269, 4.29307220961;COTE D OR
VALHEY;48.68350583, 6.49390517861;MEURTHE ET MOSELLE
JOUQUES;43.6334137827, 5.65675796328;BOUCHES DU RHONE
THILLOT;49.0250512589, 5.66665859799;MEUSE
MORIEZ;43.9640929535, 6.46253345907;ALPES DE HAUTE PROVENCE
AULON;46.0918100257, 1.69586417103;CREUSE
TOURRETTE LEVENS;43.7860737213, 7.2725568209;ALPES MARITIMES
PAUSSAC ET ST VIVIEN;45.3463059633, 0.539590809201;DORDOGNE
BON ENCONTRE;44.2084448019, 0.689070804076;LOT ET GARONNE
MANDAGOUT;44.025220492, 3.62733015524;GARD
COETMIEUX;48.4866224829, -2.59223420538;COTES D ARMOR
WOELFLING LES SARREGUEMINES;49.0853812881, 7.18464267698;MOSELLE
SASSENAGE;45.2130962637, 5.65242107292;ISERE
TRENTELS;44.4456964361, 0.863931953648;LOT ET GARONNE
MAINNEVILLE;49.3748963411, 1.68713802474;EURE
DURFORT ET ST MARTIN DE SOSSENAC;43.9854341188, 3.95398099207;GARD
WILDERSBACH;48.4358512521, 7.22390399237;BAS RHIN
BEZANCOURT;49.4353415465, 1.61372174979;SEINE MARITIME
CHEVRU;48.7336804794, 3.19577502632;SEINE ET MARNE
UNIAS;45.6071257773, 4.2265660188;LOIRE
BEAUVOIR EN LYONS;49.484261541, 1.58305968488;SEINE MARITIME
AMFREVILLE;49.2501431721, -0.241578864111;CALVADOS
QUEVERT;48.463126899, -2.08562877928;COTES D ARMOR
BIZOU;48.492046967, 0.750681055966;ORNE
POULAINES;47.1498063168, 1.64502006889;INDRE
MERSCHWEILLER;49.4611026921, 6.41621024861;MOSELLE
PETIT FAYT;50.1023567532, 3.82607936534;NORD
VERSAILLEUX;45.9854373478, 5.11204819151;AIN
BATZENDORF;48.7820553601, 7.70964609521;BAS RHIN
BREUILAUFA;46.0427652258, 1.10929278431;HAUTE VIENNE
ST VINCENT DES PRES;48.2955356606, 0.373225492644;SARTHE
ST CHAMANT;45.0923673037, 2.44545518519;CANTAL
GREZ EN BOUERE;47.8703920979, -0.537813247538;MAYENNE
ST AUBIN CELLOVILLE;49.3755064036, 1.16040863034;SEINE MARITIME
ST MARTIN LEZ TATINGHEM;50.7568801196, 2.2297072767;PAS DE CALAIS
ETELFAY;49.6643512814, 2.61085791876;SOMME
ST REMY LA VARENNE;47.3878545887, -0.31928686518;MAINE ET LOIRE
LALOURET LAFFITEAU;43.1867504971, 0.700251649847;HAUTE GARONNE
PAUILHAC;43.8842839137, 0.620708224899;GERS
COLOMBIES;44.3435829134, 2.32786073616;AVEYRON
BUDING;49.3283000639, 6.323728807;MOSELLE
HORBOURG WIHR;48.08274524, 7.40392986791;HAUT RHIN
VAUDEURS;48.1307279337, 3.55662521835;YONNE
VILLIERS VINEUX;47.9423289612, 3.82464741849;YONNE
VILLENEUVE;42.9501020691, 0.983231865255;ARIEGE
PAUNAT;44.9027724899, 0.854531456858;DORDOGNE
MEOLANS REVEL;44.3714312017, 6.49846404885;ALPES DE HAUTE PROVENCE
YEVRE LA VILLE;48.1427599293, 2.32302626395;LOIRET
WANDIGNIES HAMAGE;50.3972962992, 3.32367136058;NORD
GELOUX;43.9798766807, -0.640212463679;LANDES
CANTAOUS;43.101919219, 0.445956061466;HAUTES PYRENEES
LATTAINVILLE;49.2410615022, 1.80857359539;OISE
REHAUPAL;48.1189218406, 6.74191754292;VOSGES
LE VILHAIN;46.5619095522, 2.79303077979;ALLIER
MONTREUIL SUR LOIR;47.5935379468, -0.391603731287;MAINE ET LOIRE
PARMAIN;49.1228699088, 2.201277887;VAL D OISE
CLANS;47.5990510677, 6.0303617469;HAUTE SAONE
VILLERSERINE;46.8551002036, 5.63948186279;JURA
ST PRIEST PALUS;45.8948915885, 1.67641334578;CREUSE
CUISEAUX;46.5047162667, 5.36399526057;SAONE ET LOIRE
BISCHOFFSHEIM;48.4855267183, 7.52599035848;BAS RHIN
LES GRANGES GONTARDES;44.4276255565, 4.75667290767;DROME
FLAUJAGUES;44.8318741437, 0.0243569080199;GIRONDE
ST CAPRAIS DE BLAYE;45.2880354799, -0.566771692266;GIRONDE
GODISSON;48.6758477819, 0.249741558022;ORNE
ST GEORGES NIGREMONT;45.8360016114, 2.27335627417;CREUSE
BETPOUEY;42.8602756979, 0.0652448602604;HAUTES PYRENEES
LEUVILLE SUR ORGE;48.614191732, 2.26786916606;ESSONNE
LE MONTELLIER;45.9287482486, 5.07092815964;AIN
HEUQUEVILLE;49.6176869296, 0.152224099853;SEINE MARITIME
CONTRISSON;48.8030599838, 4.95587124601;MEUSE
VILLERS ST GENEST;49.14033599, 2.90001405815;OISE
DURNES;47.1065731832, 6.22362576213;DOUBS
ST CHERON;48.5491975829, 2.12662820406;ESSONNE
MURIANETTE;45.1884497097, 5.82573215499;ISERE
ROSIERES;45.1310458657, 4.00299232791;HAUTE LOIRE
ST DENIS DU PAYRE;46.4118936776, -1.27222282402;VENDEE
BEAUMONT SUR DEME;47.6873211629, 0.579539611616;SARTHE
BATTENHEIM;47.818845544, 7.41535259558;HAUT RHIN
LA CHAPELLE ST ETIENNE;46.6712926373, -0.580412885716;DEUX SEVRES
RAVILLE SUR SANON;48.6515330352, 6.51008948493;MEURTHE ET MOSELLE
ST BREVIN LES PINS;47.2380057754, -2.1516650013;LOIRE ATLANTIQUE
ST LOUP;47.4524727684, 3.00689474871;NIEVRE
EPOYE;49.2866248574, 4.23317683518;MARNE
SORBETS;43.6409732133, -0.325945522623;LANDES
NEUILLY SUR SEINE;48.8853719688, 2.26642584746;HAUTS DE SEINE
BELLEVILLE;46.1021561474, 4.73105689691;RHONE
COLLEVILLE MONTGOMERY;49.2745125128, -0.301395397787;CALVADOS
COUDEKERQUE BRANCHE;51.0179541343, 2.39580832593;NORD
ESVES LE MOUTIER;47.0320001682, 0.903999367241;INDRE ET LOIR
LABRIHE;43.7634344802, 0.881329271621;GERS
LA ROCHELLE;47.7523236949, 5.72464823314;HAUTE SAONE
TRAIZE;45.6716573286, 5.73696272182;SAVOIE
LE CHATELLIER;48.4263874529, -1.24618917742;ILE ET VILAINE
BEZALLES;48.6668121483, 3.24024781081;SEINE ET MARNE
AUTRECOURT ET POURRON;49.6066112918, 5.01792506561;ARDENNES
CHATEAUMEILLANT;46.5546814085, 2.20738539036;CHER
CHATILLON ST JEAN;45.095956421, 5.13398617216;DROME
PLOUGUERNEAU;48.6030672193, -4.48961925754;FINISTERE
LEZIGNAN;43.098874846, -0.00717400670291;HAUTES PYRENEES
VILLE DOMMANGE;49.2048611738, 3.93766033813;MARNE
ST AMANT TALLENDE;45.6673371467, 3.10961194917;PUY DE DOME
VAULRY;46.027608122, 1.0838246874;HAUTE VIENNE
ST SAUVEUR;49.3285204781, 2.80616373785;OISE
YSSINGEAUX;45.1393761299, 4.13104937731;HAUTE LOIRE
STE EULALIE;43.2427203696, 2.20565895321;AUDE
FLEZ CUZY;47.3584468681, 3.63385591808;NIEVRE
CASTELLANE;43.8449862174, 6.49029842016;ALPES DE HAUTE PROVENCE
ST BRIAC SUR MER;48.6163388225, -2.12358766004;ILE ET VILAINE
CRAMCHABAN;46.2148052495, -0.718162593168;CHARENTE MARITIME
MONTAGNAC;43.4745284586, 3.51074216978;HERAULT
LANDEHEN;48.4222879155, -2.54229267406;COTES D ARMOR
REMALARD EN PERCHE;48.4498027895, 0.77912800072;ORNE
PONT HEBERT;49.1634595987, -1.15107589364;MANCHE
NOAILLY;46.1414386815, 4.00417536538;LOIRE
ST MARTIN DU BOSCHET;48.7323588994, 3.42880146544;SEINE ET MARNE
GIGNEVILLE;48.1123719506, 5.91797417258;VOSGES
AUSSILLON;43.4946823944, 2.35580492552;TARN
HUETRE;48.0255590389, 1.80141041043;LOIRET
BATHERNAY;45.1829648207, 4.99799784463;DROME
GOUVIX;49.0365523786, -0.308971879429;CALVADOS
RENWEZ;49.8491275921, 4.60517090507;ARDENNES
JONGIEUX;45.7366415454, 5.80069130287;SAVOIE
VIREUX WALLERAND;50.0568483332, 4.74702825636;ARDENNES
LA BAZOGE MONTPINCON;48.2714381316, -0.58389369345;MAYENNE
ERVY LE CHATEL;48.0557945163, 3.90532960286;AUBE
MANONVILLE;48.8313527752, 5.91543101221;MEURTHE ET MOSELLE
LUCGARIER;43.2320475565, -0.194294488173;PYRENEES ATLANTIQUES
ST PAPOUL;43.3374046005, 2.04475421603;AUDE
MILHAS;42.9775941, 0.827567903546;HAUTE GARONNE
JONQUIERES;43.6585990989, 2.14341169546;TARN
VIEUX LIXHEIM;48.7801701567, 7.12597432049;MOSELLE
ST JEAN ST GERMAIN;47.0847297585, 1.05505942753;INDRE ET LOIR
GERUGE;46.625057705, 5.53075865537;JURA
COURNOLS;45.6415170829, 3.03680111738;PUY DE DOME
STRUETH;47.5748861351, 7.11500184209;HAUT RHIN
POLLIONNAY;45.7685281587, 4.65869632922;RHONE
VERNEVILLE;49.1377096481, 6.00708886544;MOSELLE
SERE;43.404950777, 0.645635504083;GERS
VECQUEMONT;49.8906655541, 2.44061102336;SOMME
VIRECOURT;48.4551698224, 6.31832028976;MEURTHE ET MOSELLE
ROMAIN SUR MEUSE;48.1863459188, 5.51316926986;HAUTE MARNE
ECKBOLSHEIM;48.5790053064, 7.68216295597;BAS RHIN
MOLLIENS AU BOIS;49.9891382891, 2.38068499565;SOMME
MONTFERRER;42.4434669097, 2.5643017322;PYRENEES ORIENTALES
MONCHEAUX LES FREVENT;50.3143087443, 2.3636150292;PAS DE CALAIS
LE GICQ;45.9355569039, -0.250780805223;CHARENTE MARITIME
RANDENS;45.5440801099, 6.32788266521;SAVOIE
VILLESISCLE;43.2278470431, 2.08978989468;AUDE
POEUILLY;49.8841196332, 3.09642051056;SOMME
LICQUES;50.7962798733, 1.9348768777;PAS DE CALAIS
SAANE ST JUST;49.7568971698, 0.923549334119;SEINE MARITIME
LAMOTHE CUMONT;43.8829270496, 0.913928018748;TARN ET GARONNE
BRICQUEBOSQ;49.5357212716, -1.71763641021;MANCHE
FAREINS;46.020997974, 4.7620080898;AIN
TREMEVEN;48.671108578, -3.0320602067;COTES D ARMOR
CUCHERY;49.1271200021, 3.8265472233;MARNE
PARCOUL CHENAUD;45.1915224992, 0.0356230850507;DORDOGNE
PEDERNEC;48.5880169887, -3.27690620211;COTES D ARMOR
SERAINCOURT;49.0421395607, 1.87866991801;VAL D OISE
ST PANTALY D ANS;45.244899363, 0.993977905861;DORDOGNE
BOUILLAC;43.8471889462, 1.1154526635;TARN ET GARONNE
VALAVOIRE;44.2795099462, 6.07615731535;ALPES DE HAUTE PROVENCE
PONT DE RUAN;47.2649227442, 0.564294280514;INDRE ET LOIR
LA TRINITE DES LAITIERS;48.8014157498, 0.379968041831;ORNE
LA DORNAC;45.0734567352, 1.34321886485;DORDOGNE
ALBOUSSIERE;44.9397584607, 4.73413213329;ARDECHE
DANGE ST ROMAIN;46.9270829508, 0.608217192883;VIENNE
JUSTINE HERBIGNY;49.6051538292, 4.32575291795;ARDENNES
BROMBOS;49.6455079765, 1.88822480879;OISE
VIER BORDES;42.9934213357, -0.0313550215399;HAUTES PYRENEES
MAYNAL;46.5672563014, 5.4124890744;JURA
CLARENS;43.1538418103, 0.41213626371;HAUTES PYRENEES
ST BRISSON;47.2676919884, 4.09479104131;NIEVRE
LA CHAPELLE VIEL;48.7099526297, 0.612218004614;ORNE
CHAMPHOL;48.4669825206, 1.51056677548;EURE ET LOIR
MONTLOUE;49.6682396007, 4.06275825607;AISNE
NEUILLE LE LIERRE;47.5114791555, 0.916388700015;INDRE ET LOIR
NOIRON SUR BEZE;47.4394112405, 5.29872318112;COTE D OR
CHARTRIER FERRIERE;45.0582166872, 1.4341213591;CORREZE
RAVEAU;47.1789620063, 3.11552861009;NIEVRE
VALLORCINE;46.025877178, 6.90055556449;HAUTE SAVOIE
CRAINVILLIERS;48.1478456269, 5.83524764728;VOSGES
VILLERMAIN;47.8593158315, 1.53203800155;LOIR ET CHER
LE BOULLAY THIERRY;48.6345919447, 1.43287089864;EURE ET LOIR
AZAY SUR THOUET;46.6190923959, -0.356635119347;DEUX SEVRES
LEXY;49.5032742592, 5.72907122522;MEURTHE ET MOSELLE
CHEVILLON SUR HUILLARD;47.9668347404, 2.62231250927;LOIRET
VOUJEAUCOURT;47.4733631824, 6.78304416053;DOUBS
ST PARDOUX LE NEUF;45.9364998667, 2.22787618622;CREUSE
ST HIPPOLYTE;44.8740781768, -0.120995887254;GIRONDE
VALREAS;44.3771588623, 4.99354936197;VAUCLUSE
PRUZILLY;46.259412904, 4.69749749783;SAONE ET LOIRE
ASSAY;47.0676563174, 0.276362462975;INDRE ET LOIR
HERICOURT;50.3379712527, 2.24874588384;PAS DE CALAIS
GAJA ET VILLEDIEU;43.079734068, 2.18579685129;AUDE
MONTREJEAU;43.0885884936, 0.558463262724;HAUTE GARONNE
BEAUTOR;49.648319958, 3.33811188104;AISNE
CHARREY SUR SEINE;47.9524790973, 4.54026647468;COTE D OR
DUGNY;48.9503408732, 2.4238637503;SEINE SAINT DENIS
SOLOGNY;46.3708080231, 4.67295100196;SAONE ET LOIRE
CUXAC CABARDES;43.3915075028, 2.2785219316;AUDE
VILLEBLEVIN;48.3305033124, 3.08563926027;YONNE
MONTLIEU LA GARDE;45.2335398359, -0.270683431895;CHARENTE MARITIME
SEGROIS;47.1609641771, 4.89333944973;COTE D OR
YVRAC ET MALLEYRAND;45.7349799572, 0.466227721983;CHARENTE
OCCOCHES;50.1823597887, 2.28746052815;SOMME
CHARANTONNAY;45.5380647102, 5.11609065065;ISERE
